STATE,STATENAME,ST_CASE,PEDS,PERNOTMVIT,VE_TOTAL,VE_FORMS,PVH_INVL,PERSONS,PERMVIT,COUNTY,COUNTYNAME,CITY,CITYNAME,MONTH,MONTHNAME,DAY,DAYNAME,DAY_WEEK,DAY_WEEKNAME,YEAR,HOUR,HOURNAME,MINUTE,MINUTENAME,TWAY_ID,TWAY_ID2,ROUTE,ROUTENAME,RUR_URB,RUR_URBNAME,FUNC_SYS,FUNC_SYSNAME,RD_OWNER,RD_OWNERNAME,NHS,NHSNAME,SP_JUR,SP_JURNAME,MILEPT,MILEPTNAME,LATITUDE,LATITUDENAME,LONGITUD,LONGITUDNAME,HARM_EV,HARM_EVNAME,MAN_COLL,MAN_COLLNAME,RELJCT1,RELJCT1NAME,RELJCT2,RELJCT2NAME,TYP_INT,TYP_INTNAME,REL_ROAD,REL_ROADNAME,WRK_ZONE,WRK_ZONENAME,LGT_COND,LGT_CONDNAME,WEATHER,WEATHERNAME,SCH_BUS,SCH_BUSNAME,RAIL,RAILNAME,NOT_HOUR,NOT_HOURNAME,NOT_MIN,NOT_MINNAME,ARR_HOUR,ARR_HOURNAME,ARR_MIN,ARR_MINNAME,HOSP_HR,HOSP_HRNAME,HOSP_MN,HOSP_MNNAME,FATALS
13,Georgia,130161,0,0,1,1,0,1,1,245,RICHMOND (245),310,AUGUSTA,3,March,5,5,7,Saturday,2022,2,2:00am-2:59am,27,27,CR-220700,NA,4,County Road,2,Urban,4,Minor Arterial,2,County Highway Agency,0,This section IS NOT on the NHS,0,No Special Jurisdiction,1,1,33.47087222,33.47087222,-82.02539722,-82.02539722,33,Curb,0,The First Harmful Event was Not a Collision with a Motor Vehicle in Transport,0,No,1,Non-Junction,1,Not an Intersection,3,On Median,0,None,2,Dark - Not Lighted,1,Clear,0,No,0000000,Not Applicable,2,2:00am-2:59am,29,29,2,2:00am-2:59am,32,32,88,Not Applicable (Not Transported),88,Not Applicable (Not Transported),1
13,Georgia,130162,0,0,1,1,0,1,1,185,LOWNDES (185),5680,VALDOSTA,3,March,4,4,6,Friday,2022,5,5:00am-5:59am,40,40,E NORTHSIDE DR,SR-7 N ASHLEY ST,5,Local Street - Township,2,Urban,3,Principal Arterial - Other,2,County Highway Agency,1,This section IS ON the NHS,0,No Special Jurisdiction,38,38,30.86930833,30.86930833,-83.28862778,-83.28862778,33,Curb,0,The First Harmful Event was Not a Collision with a Motor Vehicle in Transport,0,No,3,Intersection-Related,2,Four-Way Intersection,4,On Roadside,0,None,3,Dark - Lighted,1,Clear,0,No,0000000,Not Applicable,99,Unknown,98,Unknown if Notified,99,Unknown EMS Scene Arrival Hour,98,Unknown if Arrived,88,Not Applicable (Not Transported),88,Not Applicable (Not Transported),1
13,Georgia,130163,1,1,1,1,0,1,1,59,CLARKE (59),270,ATHENS,3,March,3,3,5,Thursday,2022,23,11:00pm-11:59pm,6,6,TALLASSEE RD,WESTCHESTER DR,6,Local Street - Municipality,2,Urban,4,Minor Arterial,4,City or Municipal Highway Agency,0,This section IS NOT on the NHS,0,No Special Jurisdiction,43,43,33.96666389,33.96666389,-83.4332,-83.4332,9,Pedalcyclist,0,The First Harmful Event was Not a Collision with a Motor Vehicle in Transport,0,No,3,Intersection-Related,3,T-Intersection,1,On Roadway,0,None,2,Dark - Not Lighted,1,Clear,0,No,0000000,Not Applicable,23,11:00pm-11:59pm,16,16,23,11:00pm-11:59pm,20,20,23,11:00pm-11:59pm,40,40,1
13,Georgia,130164,0,0,2,2,0,5,5,89,DEKALB (89),1610,DECATUR,3,March,3,3,5,Thursday,2022,20,8:00pm-8:59pm,55,55,CR-518600,NA,4,County Road,2,Urban,4,Minor Arterial,2,County Highway Agency,0,This section IS NOT on the NHS,0,No Special Jurisdiction,60,60,33.70641667,33.70641667,-84.21879444,-84.21879444,12,Motor Vehicle In-Transport,2,Front-to-Front,0,No,1,Non-Junction,1,Not an Intersection,1,On Roadway,0,None,2,Dark - Not Lighted,1,Clear,0,No,0000000,Not Applicable,20,8:00pm-8:59pm,58,58,21,9:00pm-9:59pm,2,2,21,9:00pm-9:59pm,30,30,3
13,Georgia,130165,0,0,2,2,0,2,2,89,DEKALB (89),0,NOT APPLICABLE,2,February,28,28,2,Monday,2022,23,11:00pm-11:59pm,0,0,I-285,NA,1,Interstate,2,Urban,1,Interstate,1,State Highway Agency,1,This section IS ON the NHS,0,No Special Jurisdiction,141,141,33.77856111,33.77856111,-84.2417,-84.2417,12,Motor Vehicle In-Transport,1,Front-to-Rear,1,Yes,18,Through Roadway,1,Not an Intersection,1,On Roadway,0,None,3,Dark - Lighted,1,Clear,0,No,0000000,Not Applicable,23,11:00pm-11:59pm,20,20,23,11:00pm-11:59pm,30,30,23,11:00pm-11:59pm,45,45,1
13,Georgia,130166,0,0,2,2,0,2,2,111,FANNIN (111),560,BLUE RIDGE,3,March,3,3,5,Thursday,2022,15,3:00pm-3:59pm,7,7,SR-5,NA,3,State Highway,1,Rural,3,Principal Arterial - Other,1,State Highway Agency,1,This section IS ON the NHS,0,No Special Jurisdiction,51,51,34.88389167,34.88389167,-84.33140556,-84.33140556,12,Motor Vehicle In-Transport,7,Sideswipe - Same Direction,0,No,1,Non-Junction,1,Not an Intersection,1,On Roadway,0,None,1,Daylight,1,Clear,0,No,0000000,Not Applicable,15,3:00pm-3:59pm,7,7,15,3:00pm-3:59pm,11,11,15,3:00pm-3:59pm,25,25,1
13,Georgia,130167,0,0,1,1,0,1,1,151,HENRY (151),3220,LOCUST GROVE,3,March,3,3,5,Thursday,2022,11,11:00am-11:59am,4,4,CR-350,NA,4,County Road,2,Urban,5,Major Collector,2,County Highway Agency,0,This section IS NOT on the NHS,0,No Special Jurisdiction,25,25,33.35256944,33.35256944,-84.07557778,-84.07557778,1,Rollover/Overturn,0,The First Harmful Event was Not a Collision with a Motor Vehicle in Transport,0,No,1,Non-Junction,1,Not an Intersection,1,On Roadway,0,None,1,Daylight,1,Clear,0,No,0000000,Not Applicable,11,11:00am-11:59am,4,4,11,11:00am-11:59am,9,9,88,Not Applicable (Not Transported),88,Not Applicable (Not Transported),1
13,Georgia,130168,0,0,2,2,0,3,3,139,HALL (139),2285,GAINESVILLE,3,March,3,3,5,Thursday,2022,10,10:00am-10:59am,27,27,SR-53,NIX DR,3,State Highway,2,Urban,3,Principal Arterial - Other,1,State Highway Agency,1,This section IS ON the NHS,0,No Special Jurisdiction,31,31,34.29606111,34.29606111,-83.84781111,-83.84781111,12,Motor Vehicle In-Transport,6,Angle,0,No,2,Intersection,3,T-Intersection,1,On Roadway,0,None,1,Daylight,1,Clear,0,No,0000000,Not Applicable,10,10:00am-10:59am,32,32,10,10:00am-10:59am,38,38,11,11:00am-11:59am,8,8,1
13,Georgia,130169,2,2,1,1,0,1,1,55,CHATTOOGA (55),0,NOT APPLICABLE,3,March,3,3,5,Thursday,2022,2,2:00am-2:59am,54,54,SR-1,NA,3,State Highway,2,Urban,3,Principal Arterial - Other,1,State Highway Agency,1,This section IS ON the NHS,0,No Special Jurisdiction,133,133,34.51893333,34.51893333,-85.31544167,-85.31544167,8,Pedestrian,0,The First Harmful Event was Not a Collision with a Motor Vehicle in Transport,0,No,1,Non-Junction,1,Not an Intersection,1,On Roadway,0,None,2,Dark - Not Lighted,1,Clear,0,No,0000000,Not Applicable,2,2:00am-2:59am,55,55,2,2:00am-2:59am,58,58,3,3:00am-3:59am,50,50,1
13,Georgia,130170,1,1,1,1,0,1,1,89,DEKALB (89),0,NOT APPLICABLE,3,March,1,1,3,Tuesday,2022,21,9:00pm-9:59pm,6,6,I-285,NA,1,Interstate,2,Urban,2,Principal Arterial - Other Freeways and Expressways,1,State Highway Agency,1,This section IS ON the NHS,0,No Special Jurisdiction,158,158,33.75649167,33.75649167,-84.23239722,-84.23239722,8,Pedestrian,0,The First Harmful Event was Not a Collision with a Motor Vehicle in Transport,1,Yes,18,Through Roadway,1,Not an Intersection,1,On Roadway,0,None,3,Dark - Lighted,1,Clear,0,No,0000000,Not Applicable,21,9:00pm-9:59pm,7,7,21,9:00pm-9:59pm,10,10,88,Not Applicable (Not Transported),88,Not Applicable (Not Transported),1
13,Georgia,130171,0,0,2,2,0,3,3,59,CLARKE (59),270,ATHENS,3,March,1,1,3,Tuesday,2022,18,6:00pm-6:59pm,37,37,CR-481,UNIVERSITY CIR,4,County Road,2,Urban,5,Major Collector,2,County Highway Agency,0,This section IS NOT on the NHS,0,No Special Jurisdiction,7,7,33.92401389,33.92401389,-83.35443056,-83.35443056,12,Motor Vehicle In-Transport,6,Angle,0,No,2,Intersection,2,Four-Way Intersection,1,On Roadway,0,None,3,Dark - Lighted,1,Clear,0,No,0000000,Not Applicable,18,6:00pm-6:59pm,37,37,18,6:00pm-6:59pm,40,40,88,Not Applicable (Not Transported),88,Not Applicable (Not Transported),1
13,Georgia,130172,0,0,2,2,0,2,2,135,GWINNETT (135),3100,LAWRENCEVILLE,3,March,1,1,3,Tuesday,2022,18,6:00pm-6:59pm,23,23,CR-3273,CORLEY RD,4,County Road,2,Urban,3,Principal Arterial - Other,2,County Highway Agency,1,This section IS ON the NHS,0,No Special Jurisdiction,23,23,33.93683889,33.93683889,-84.12076944,-84.12076944,12,Motor Vehicle In-Transport,1,Front-to-Rear,0,No,2,Intersection,2,Four-Way Intersection,1,On Roadway,0,None,3,Dark - Lighted,1,Clear,0,No,0000000,Not Applicable,18,6:00pm-6:59pm,23,23,18,6:00pm-6:59pm,29,29,18,6:00pm-6:59pm,48,48,1
13,Georgia,130173,1,1,1,1,0,2,2,139,HALL (139),2285,GAINESVILLE,2,February,28,28,2,Monday,2022,20,8:00pm-8:59pm,34,34,SR-13,NA,3,State Highway,2,Urban,4,Minor Arterial,1,State Highway Agency,0,This section IS NOT on the NHS,0,No Special Jurisdiction,142,142,34.28294444,34.28294444,-83.83913611,-83.83913611,8,Pedestrian,0,The First Harmful Event was Not a Collision with a Motor Vehicle in Transport,0,No,1,Non-Junction,1,Not an Intersection,1,On Roadway,0,None,3,Dark - Lighted,1,Clear,0,No,0000000,Not Applicable,20,8:00pm-8:59pm,38,38,20,8:00pm-8:59pm,47,47,20,8:00pm-8:59pm,54,54,1
13,Georgia,130174,0,0,1,1,0,1,1,19,BERRIEN (19),0,NOT APPLICABLE,2,February,28,28,2,Monday,2022,7,7:00am-7:59am,50,50,CR-040600/W LENOX RD,NA,4,County Road,1,Rural,7,Local,2,County Highway Agency,0,This section IS NOT on the NHS,0,No Special Jurisdiction,22,22,31.35435833,31.35435833,-83.25975278,-83.25975278,42,Tree (Standing Only),0,The First Harmful Event was Not a Collision with a Motor Vehicle in Transport,0,No,1,Non-Junction,1,Not an Intersection,4,On Roadside,0,None,1,Daylight,2,Rain,0,No,0000000,Not Applicable,7,7:00am-7:59am,55,55,8,8:00am-8:59am,10,10,88,Not Applicable (Not Transported),88,Not Applicable (Not Transported),1
13,Georgia,130175,0,0,1,1,0,1,1,21,BIBB (21),3390,MACON,2,February,28,28,2,Monday,2022,7,7:00am-7:59am,35,35,I-16,NA,1,Interstate,2,Urban,1,Interstate,1,State Highway Agency,1,This section IS ON the NHS,0,No Special Jurisdiction,46,46,32.81568333,32.81568333,-83.58214167,-83.58214167,24,Guardrail Face,0,The First Harmful Event was Not a Collision with a Motor Vehicle in Transport,0,No,1,Non-Junction,1,Not an Intersection,4,On Roadside,0,None,1,Daylight,1,Clear,0,No,0000000,Not Applicable,7,7:00am-7:59am,40,40,8,8:00am-8:59am,10,10,9,9:00am-9:59am,29,29,1
13,Georgia,130176,0,0,1,1,0,2,2,151,HENRY (151),0,NOT APPLICABLE,2,February,27,27,1,Sunday,2022,21,9:00pm-9:59pm,29,29,CR-002900 SWAN LAKE RD,NA,4,County Road,2,Urban,5,Major Collector,2,County Highway Agency,0,This section IS NOT on the NHS,0,No Special Jurisdiction,16,16,33.58236944,33.58236944,-84.191575,-84.191575,42,Tree (Standing Only),0,The First Harmful Event was Not a Collision with a Motor Vehicle in Transport,0,No,1,Non-Junction,1,Not an Intersection,4,On Roadside,0,None,2,Dark - Not Lighted,2,Rain,0,No,0000000,Not Applicable,21,9:00pm-9:59pm,30,30,21,9:00pm-9:59pm,41,41,22,10:00pm-10:59pm,30,30,1
13,Georgia,130177,0,0,1,1,0,1,1,197,MARION (197),0,NOT APPLICABLE,2,February,24,24,5,Thursday,2022,10,10:00am-10:59am,35,35,SR-26,NA,3,State Highway,1,Rural,4,Minor Arterial,1,State Highway Agency,1,This section IS ON the NHS,0,No Special Jurisdiction,34,34,32.30103056,32.30103056,-84.59961944,-84.59961944,42,Tree (Standing Only),0,The First Harmful Event was Not a Collision with a Motor Vehicle in Transport,0,No,1,Non-Junction,1,Not an Intersection,4,On Roadside,2,Maintenance,1,Daylight,1,Clear,0,No,0000000,Not Applicable,99,Unknown,98,Unknown if Notified,99,Unknown EMS Scene Arrival Hour,98,Unknown if Arrived,88,Not Applicable (Not Transported),88,Not Applicable (Not Transported),1
13,Georgia,130178,0,0,2,2,0,2,2,87,DECATUR (87),0,NOT APPLICABLE,2,February,22,22,3,Tuesday,2022,9,9:00am-9:59am,14,14,SR-262,OPEN POND ROAD,3,State Highway,1,Rural,5,Major Collector,1,State Highway Agency,0,This section IS NOT on the NHS,0,No Special Jurisdiction,205,205,30.95165,30.95165,-84.41486944,-84.41486944,12,Motor Vehicle In-Transport,6,Angle,0,No,2,Intersection,2,Four-Way Intersection,1,On Roadway,0,None,1,Daylight,10,Cloudy,0,No,0000000,Not Applicable,9,9:00am-9:59am,15,15,9,9:00am-9:59am,29,29,10,10:00am-10:59am,0,0,1
13,Georgia,130179,1,1,2,2,0,3,3,279,TOOMBS (279),3340,LYONS,2,February,27,27,1,Sunday,2022,19,7:00pm-7:59pm,0,0,SR-292,MONROE ST,3,State Highway,2,Urban,4,Minor Arterial,1,State Highway Agency,0,This section IS NOT on the NHS,0,No Special Jurisdiction,4,4,32.20524167,32.20524167,-82.31488611,-82.31488611,8,Pedestrian,0,The First Harmful Event was Not a Collision with a Motor Vehicle in Transport,0,No,3,Intersection-Related,2,Four-Way Intersection,1,On Roadway,0,None,3,Dark - Lighted,2,Rain,0,No,0000000,Not Applicable,19,7:00pm-7:59pm,1,1,19,7:00pm-7:59pm,9,9,88,Not Applicable (Not Transported),88,Not Applicable (Not Transported),1
13,Georgia,130180,1,1,1,1,0,1,1,121,FULTON (121),1900,EAST POINT,2,February,27,27,1,Sunday,2022,17,5:00pm-5:59pm,14,14,CS-138907 Washington Rd,NA,6,Local Street - Municipality,2,Urban,4,Minor Arterial,4,City or Municipal Highway Agency,0,This section IS NOT on the NHS,0,No Special Jurisdiction,41,41,33.6417,33.6417,-84.49065833,-84.49065833,8,Pedestrian,0,The First Harmful Event was Not a Collision with a Motor Vehicle in Transport,0,No,1,Non-Junction,1,Not an Intersection,4,On Roadside,0,None,1,Daylight,2,Rain,0,No,0000000,Not Applicable,17,5:00pm-5:59pm,24,24,17,5:00pm-5:59pm,28,28,88,Not Applicable (Not Transported),88,Not Applicable (Not Transported),1
13,Georgia,130181,0,0,1,1,0,1,1,261,SUMTER (261),170,AMERICUS,2,February,27,27,1,Sunday,2022,16,4:00pm-4:59pm,15,15,CR-029900 BRADY RD,NA,4,County Road,2,Urban,4,Minor Arterial,2,County Highway Agency,0,This section IS NOT on the NHS,0,No Special Jurisdiction,99998,Not Reported,32.04769444,32.04769444,-84.19673056,-84.19673056,34,Ditch,0,The First Harmful Event was Not a Collision with a Motor Vehicle in Transport,0,No,1,Non-Junction,1,Not an Intersection,4,On Roadside,0,None,1,Daylight,1,Clear,0,No,0000000,Not Applicable,16,4:00pm-4:59pm,19,19,16,4:00pm-4:59pm,24,24,16,4:00pm-4:59pm,42,42,1
13,Georgia,130183,0,0,2,2,0,3,3,247,ROCKDALE (247),1320,CONYERS,2,February,27,27,1,Sunday,2022,5,5:00am-5:59am,52,52,CR-044000,NA,4,County Road,2,Urban,4,Minor Arterial,2,County Highway Agency,0,This section IS NOT on the NHS,0,No Special Jurisdiction,25,25,33.77040278,33.77040278,-83.99621389,-83.99621389,12,Motor Vehicle In-Transport,2,Front-to-Front,0,No,1,Non-Junction,1,Not an Intersection,1,On Roadway,0,None,2,Dark - Not Lighted,2,Rain,0,No,0000000,Not Applicable,5,5:00am-5:59am,54,54,6,6:00am-6:59am,6,6,6,6:00am-6:59am,30,30,1
13,Georgia,130184,0,0,1,1,0,1,1,151,HENRY (151),0,NOT APPLICABLE,2,February,26,26,7,Saturday,2022,21,9:00pm-9:59pm,8,8,CR-035200 S OLA RD,NA,4,County Road,2,Urban,7,Local,2,County Highway Agency,0,This section IS NOT on the NHS,0,No Special Jurisdiction,16,16,33.35536944,33.35536944,-84.05885556,-84.05885556,42,Tree (Standing Only),0,The First Harmful Event was Not a Collision with a Motor Vehicle in Transport,0,No,1,Non-Junction,1,Not an Intersection,4,On Roadside,0,None,2,Dark - Not Lighted,1,Clear,0,No,0000000,Not Applicable,21,9:00pm-9:59pm,8,8,21,9:00pm-9:59pm,10,10,88,Not Applicable (Not Transported),88,Not Applicable (Not Transported),1
13,Georgia,130185,0,0,2,2,0,2,2,153,HOUSTON (153),4340,PERRY,2,February,26,26,7,Saturday,2022,19,7:00pm-7:59pm,11,11,CS-082613/NORTHSIDE DR,WASHINGTON ST,6,Local Street - Municipality,2,Urban,4,Minor Arterial,4,City or Municipal Highway Agency,0,This section IS NOT on the NHS,0,No Special Jurisdiction,1,1,32.46090556,32.46090556,-83.73308611,-83.73308611,12,Motor Vehicle In-Transport,6,Angle,0,No,2,Intersection,2,Four-Way Intersection,1,On Roadway,0,None,3,Dark - Lighted,1,Clear,0,No,0000000,Not Applicable,19,7:00pm-7:59pm,11,11,19,7:00pm-7:59pm,29,29,88,Not Applicable (Not Transported),88,Not Applicable (Not Transported),1
13,Georgia,130186,1,1,1,1,0,1,1,29,BRYAN (29),0,NOT APPLICABLE,2,February,25,25,6,Friday,2022,20,8:00pm-8:59pm,36,36,SR-144,NA,3,State Highway,1,Rural,5,Major Collector,1,State Highway Agency,0,This section IS NOT on the NHS,0,No Special Jurisdiction,28,28,31.88645833,31.88645833,-81.21864444,-81.21864444,8,Pedestrian,0,The First Harmful Event was Not a Collision with a Motor Vehicle in Transport,0,No,1,Non-Junction,1,Not an Intersection,1,On Roadway,0,None,2,Dark - Not Lighted,1,Clear,0,No,0000000,Not Applicable,20,8:00pm-8:59pm,51,51,21,9:00pm-9:59pm,10,10,21,9:00pm-9:59pm,30,30,1
13,Georgia,130187,1,1,4,4,0,4,4,67,COBB (67),0,NOT APPLICABLE,2,February,21,21,2,Monday,2022,21,9:00pm-9:59pm,49,49,I-285,NA,1,Interstate,2,Urban,1,Interstate,1,State Highway Agency,1,This section IS ON the NHS,0,No Special Jurisdiction,19,19,33.83293889,33.83293889,-84.4862,-84.4862,8,Pedestrian,0,The First Harmful Event was Not a Collision with a Motor Vehicle in Transport,0,No,1,Non-Junction,1,Not an Intersection,1,On Roadway,0,None,2,Dark - Not Lighted,2,Rain,0,No,0000000,Not Applicable,21,9:00pm-9:59pm,55,55,22,10:00pm-10:59pm,8,8,88,Not Applicable (Not Transported),88,Not Applicable (Not Transported),1
13,Georgia,130188,1,1,1,1,0,1,1,67,COBB (67),3440,MARIETTA,2,February,25,25,6,Friday,2022,23,11:00pm-11:59pm,15,15,CS-162813 FRANKLIN GATEWAY SW,NA,6,Local Street - Municipality,2,Urban,7,Local,4,City or Municipal Highway Agency,0,This section IS NOT on the NHS,0,No Special Jurisdiction,5,5,33.92102778,33.92102778,-84.49197222,-84.49197222,8,Pedestrian,0,The First Harmful Event was Not a Collision with a Motor Vehicle in Transport,0,No,1,Non-Junction,1,Not an Intersection,1,On Roadway,0,None,2,Dark - Not Lighted,10,Cloudy,0,No,0000000,Not Applicable,23,11:00pm-11:59pm,15,15,23,11:00pm-11:59pm,18,18,88,Not Applicable (Not Transported),88,Not Applicable (Not Transported),1
13,Georgia,130189,1,1,1,1,0,1,1,189,MCDUFFIE (189),0,NOT APPLICABLE,2,February,25,25,6,Friday,2022,19,7:00pm-7:59pm,45,45,SR-17,NA,3,State Highway,2,Urban,3,Principal Arterial - Other,1,State Highway Agency,1,This section IS ON the NHS,0,No Special Jurisdiction,102,102,33.48331111,33.48331111,-82.50533056,-82.50533056,15,Non-Motorist on Personal Conveyance,0,The First Harmful Event was Not a Collision with a Motor Vehicle in Transport,0,No,8,Driveway Access Related,1,Not an Intersection,1,On Roadway,0,None,2,Dark - Not Lighted,1,Clear,0,No,0000000,Not Applicable,19,7:00pm-7:59pm,42,42,19,7:00pm-7:59pm,48,48,20,8:00pm-8:59pm,8,8,1
13,Georgia,130190,0,0,2,2,0,2,2,195,MADISON (195),1540,DANIELSVILLE,2,February,25,25,6,Friday,2022,18,6:00pm-6:59pm,52,52,SR-98,NA,3,State Highway,1,Rural,4,Minor Arterial,1,State Highway Agency,0,This section IS NOT on the NHS,0,No Special Jurisdiction,99998,Not Reported,34.14996944,34.14996944,-83.24533056,-83.24533056,12,Motor Vehicle In-Transport,2,Front-to-Front,0,No,8,Driveway Access Related,1,Not an Intersection,1,On Roadway,0,None,2,Dark - Not Lighted,1,Clear,0,No,0000000,Not Applicable,18,6:00pm-6:59pm,52,52,18,6:00pm-6:59pm,57,57,88,Not Applicable (Not Transported),88,Not Applicable (Not Transported),1
13,Georgia,130191,0,0,3,3,0,3,3,13,BARROW (13),0,NOT APPLICABLE,2,February,25,25,6,Friday,2022,8,8:00am-8:59am,57,57,SR-316,BARBER CREEK RD,3,State Highway,2,Urban,3,Principal Arterial - Other,1,State Highway Agency,1,This section IS ON the NHS,0,No Special Jurisdiction,148,148,33.95050278,33.95050278,-83.59040556,-83.59040556,12,Motor Vehicle In-Transport,6,Angle,0,No,2,Intersection,2,Four-Way Intersection,1,On Roadway,0,None,1,Daylight,10,Cloudy,0,No,0000000,Not Applicable,8,8:00am-8:59am,59,59,9,9:00am-9:59am,4,4,9,9:00am-9:59am,42,42,1
13,Georgia,130192,1,1,1,1,0,1,1,121,FULTON (121),280,ATLANTA,2,February,25,25,6,Friday,2022,23,11:00pm-11:59pm,28,28,I-75,NA,1,Interstate,2,Urban,1,Interstate,1,State Highway Agency,1,This section IS ON the NHS,0,No Special Jurisdiction,51,51,33.719025,33.719025,-84.39744167,-84.39744167,8,Pedestrian,0,The First Harmful Event was Not a Collision with a Motor Vehicle in Transport,1,Yes,18,Through Roadway,1,Not an Intersection,1,On Roadway,0,None,3,Dark - Lighted,1,Clear,0,No,0000000,Not Applicable,23,11:00pm-11:59pm,31,31,23,11:00pm-11:59pm,38,38,88,Not Applicable (Not Transported),88,Not Applicable (Not Transported),1
13,Georgia,130193,0,0,2,2,0,2,2,47,CATOOSA (47),0,NOT APPLICABLE,2,February,25,25,6,Friday,2022,7,7:00am-7:59am,40,40,I-75,NA,1,Interstate,2,Urban,1,Interstate,1,State Highway Agency,1,This section IS ON the NHS,0,No Special Jurisdiction,107,107,34.95303333,34.95303333,-85.17770278,-85.17770278,24,Guardrail Face,0,The First Harmful Event was Not a Collision with a Motor Vehicle in Transport,0,No,1,Non-Junction,1,Not an Intersection,3,On Median,0,None,1,Daylight,2,Rain,0,No,0000000,Not Applicable,7,7:00am-7:59am,45,45,7,7:00am-7:59am,53,53,88,Not Applicable (Not Transported),88,Not Applicable (Not Transported),1
13,Georgia,130194,2,2,1,1,0,1,1,121,FULTON (121),1900,EAST POINT,2,February,27,27,1,Sunday,2022,2,2:00am-2:59am,18,18,I-285,NA,1,Interstate,2,Urban,1,Interstate,1,State Highway Agency,1,This section IS ON the NHS,0,No Special Jurisdiction,8,8,33.63655278,33.63655278,-84.49238889,-84.49238889,8,Pedestrian,0,The First Harmful Event was Not a Collision with a Motor Vehicle in Transport,1,Yes,19,Other location within Interchange Area,1,Not an Intersection,2,On Shoulder,0,None,2,Dark - Not Lighted,10,Cloudy,0,No,0000000,Not Applicable,2,2:00am-2:59am,44,44,2,2:00am-2:59am,48,48,3,3:00am-3:59am,25,25,1
13,Georgia,130195,1,1,1,1,0,1,1,247,ROCKDALE (247),1320,CONYERS,2,February,27,27,1,Sunday,2022,2,2:00am-2:59am,6,6,CS-020901/OLD COVINGTON HWY,NA,6,Local Street - Municipality,2,Urban,5,Major Collector,4,City or Municipal Highway Agency,0,This section IS NOT on the NHS,0,No Special Jurisdiction,6,6,33.65343056,33.65343056,-83.99200556,-83.99200556,8,Pedestrian,0,The First Harmful Event was Not a Collision with a Motor Vehicle in Transport,0,No,1,Non-Junction,1,Not an Intersection,1,On Roadway,0,None,3,Dark - Lighted,1,Clear,0,No,0000000,Not Applicable,2,2:00am-2:59am,15,15,2,2:00am-2:59am,25,25,88,Not Applicable (Not Transported),88,Not Applicable (Not Transported),1
13,Georgia,130196,0,0,5,5,0,11,11,321,WORTH (321),0,NOT APPLICABLE,2,February,25,25,6,Friday,2022,7,7:00am-7:59am,16,16,JEWEL CROWE ROAD,NA,5,Local Street - Township,1,Rural,6,Minor Collector,4,City or Municipal Highway Agency,0,This section IS NOT on the NHS,0,No Special Jurisdiction,70,70,31.62391389,31.62391389,-83.87697778,-83.87697778,12,Motor Vehicle In-Transport,2,Front-to-Front,0,No,1,Non-Junction,1,Not an Intersection,1,On Roadway,0,None,1,Daylight,5,"Fog, Smog, Smoke",1,Yes,0000000,Not Applicable,7,7:00am-7:59am,0,0,7,7:00am-7:59am,16,16,99,Unknown,99,Unknown EMS Hospital Arrival Time,2
13,Georgia,130197,0,0,2,2,0,2,2,313,WHITFIELD (313),0,NOT APPLICABLE,2,February,25,25,6,Friday,2022,6,6:00am-6:59am,34,34,SR-2,E VARNELL MAIN STREET,3,State Highway,2,Urban,4,Minor Arterial,1,State Highway Agency,0,This section IS NOT on the NHS,0,No Special Jurisdiction,31,31,34.89911111,34.89911111,-84.96651389,-84.96651389,12,Motor Vehicle In-Transport,6,Angle,0,No,2,Intersection,3,T-Intersection,1,On Roadway,0,None,2,Dark - Not Lighted,2,Rain,0,No,0000000,Not Applicable,6,6:00am-6:59am,35,35,6,6:00am-6:59am,49,49,88,Not Applicable (Not Transported),88,Not Applicable (Not Transported),1
13,Georgia,130198,0,0,1,1,0,1,1,63,CLAYTON (63),1250,COLLEGE PARK,2,February,25,25,6,Friday,2022,2,2:00am-2:59am,0,0,I-85 RAMP,NA,1,Interstate,2,Urban,1,Interstate,1,State Highway Agency,1,This section IS ON the NHS,0,No Special Jurisdiction,5,5,33.62866944,33.62866944,-84.45498889,-84.45498889,42,Tree (Standing Only),0,The First Harmful Event was Not a Collision with a Motor Vehicle in Transport,1,Yes,5,Entrance/Exit Ramp Related,1,Not an Intersection,4,On Roadside,0,None,2,Dark - Not Lighted,1,Clear,0,No,0000000,Not Applicable,2,2:00am-2:59am,0,0,2,2:00am-2:59am,15,15,88,Not Applicable (Not Transported),88,Not Applicable (Not Transported),1
13,Georgia,130199,0,0,1,1,0,1,1,111,FANNIN (111),0,NOT APPLICABLE,2,February,24,24,5,Thursday,2022,22,10:00pm-10:59pm,20,20,SCENIC RD,NA,6,Local Street - Municipality,1,Rural,6,Minor Collector,4,City or Municipal Highway Agency,0,This section IS NOT on the NHS,0,No Special Jurisdiction,11,11,34.88256111,34.88256111,-84.34818889,-84.34818889,42,Tree (Standing Only),0,The First Harmful Event was Not a Collision with a Motor Vehicle in Transport,0,No,1,Non-Junction,1,Not an Intersection,4,On Roadside,0,None,2,Dark - Not Lighted,1,Clear,0,No,0000000,Not Applicable,22,10:00pm-10:59pm,23,23,22,10:00pm-10:59pm,30,30,23,11:00pm-11:59pm,30,30,1
13,Georgia,130200,0,0,3,3,0,3,3,15,BARTOW (15),0,NOT APPLICABLE,2,February,24,24,5,Thursday,2022,17,5:00pm-5:59pm,32,32,SR-20,BELLS FERRRY RD,3,State Highway,1,Rural,3,Principal Arterial - Other,1,State Highway Agency,1,This section IS ON the NHS,0,No Special Jurisdiction,216,216,34.22008889,34.22008889,-84.69614167,-84.69614167,12,Motor Vehicle In-Transport,6,Angle,0,No,2,Intersection,2,Four-Way Intersection,1,On Roadway,0,None,1,Daylight,1,Clear,0,No,0000000,Not Applicable,17,5:00pm-5:59pm,44,44,17,5:00pm-5:59pm,51,51,18,6:00pm-6:59pm,40,40,1