STATE,STATENAME,ST_CASE,PEDS,PERNOTMVIT,VE_TOTAL,VE_FORMS,PVH_INVL,PERSONS,PERMVIT,COUNTY,COUNTYNAME,CITY,CITYNAME,MONTH,MONTHNAME,DAY,DAYNAME,DAY_WEEK,DAY_WEEKNAME,YEAR,HOUR,HOURNAME,MINUTE,MINUTENAME,TWAY_ID,TWAY_ID2,ROUTE,ROUTENAME,RUR_URB,RUR_URBNAME,FUNC_SYS,FUNC_SYSNAME,RD_OWNER,RD_OWNERNAME,NHS,NHSNAME,SP_JUR,SP_JURNAME,MILEPT,MILEPTNAME,LATITUDE,LATITUDENAME,LONGITUD,LONGITUDNAME,HARM_EV,HARM_EVNAME,MAN_COLL,MAN_COLLNAME,RELJCT1,RELJCT1NAME,RELJCT2,RELJCT2NAME,TYP_INT,TYP_INTNAME,REL_ROAD,REL_ROADNAME,WRK_ZONE,WRK_ZONENAME,LGT_COND,LGT_CONDNAME,WEATHER,WEATHERNAME,SCH_BUS,SCH_BUSNAME,RAIL,RAILNAME,NOT_HOUR,NOT_HOURNAME,NOT_MIN,NOT_MINNAME,ARR_HOUR,ARR_HOURNAME,ARR_MIN,ARR_MINNAME,HOSP_HR,HOSP_HRNAME,HOSP_MN,HOSP_MNNAME,FATALS
13,Georgia,130281,0,0,1,1,0,6,6,59,CLARKE (59),270,ATHENS,2,February,27,27,1,Sunday,2022,10,10:00am-10:59am,48,48,SR-10,NA,3,State Highway,2,Urban,3,Principal Arterial - Other,1,State Highway Agency,1,This section IS ON the NHS,0,No Special Jurisdiction,12,12,33.94015833,33.94015833,-83.49510556,-83.49510556,33,Curb,0,The First Harmful Event was Not a Collision with a Motor Vehicle in Transport,0,No,1,Non-Junction,1,Not an Intersection,4,On Roadside,0,None,1,Daylight,2,Rain,0,No,0000000,Not Applicable,10,10:00am-10:59am,50,50,11,11:00am-11:59am,0,0,11,11:00am-11:59am,20,20,1
13,Georgia,130282,0,0,2,2,0,3,3,223,PAULDING (223),0,NOT APPLICABLE,3,March,4,4,6,Friday,2022,18,6:00pm-6:59pm,16,16,SR-120,RC THOMPSON RD,3,State Highway,1,Rural,4,Minor Arterial,1,State Highway Agency,0,This section IS NOT on the NHS,0,No Special Jurisdiction,46,46,33.84836389,33.84836389,-84.96145278,-84.96145278,12,Motor Vehicle In-Transport,1,Front-to-Rear,0,No,2,Intersection,2,Four-Way Intersection,1,On Roadway,0,None,1,Daylight,1,Clear,0,No,0000000,Not Applicable,18,6:00pm-6:59pm,26,26,18,6:00pm-6:59pm,37,37,88,Not Applicable (Not Transported),88,Not Applicable (Not Transported),1
13,Georgia,130283,0,0,2,2,0,5,5,121,FULTON (121),280,ATLANTA,3,March,4,4,6,Friday,2022,3,3:00am-3:59am,48,48,I-85,NA,1,Interstate,2,Urban,1,Interstate,1,State Highway Agency,1,This section IS ON the NHS,0,No Special Jurisdiction,287,287,33.80617222,33.80617222,-84.38124167,-84.38124167,12,Motor Vehicle In-Transport,1,Front-to-Rear,0,No,1,Non-Junction,1,Not an Intersection,1,On Roadway,0,None,3,Dark - Lighted,1,Clear,0,No,0000000,Not Applicable,3,3:00am-3:59am,49,49,3,3:00am-3:59am,56,56,88,Not Applicable (Not Transported),88,Not Applicable (Not Transported),3
13,Georgia,130284,0,0,1,1,0,1,1,151,HENRY (151),0,NOT APPLICABLE,3,March,3,3,5,Thursday,2022,22,10:00pm-10:59pm,46,46,PATRICK HENRY PKWY,NA,6,Local Street - Municipality,2,Urban,7,Local,4,City or Municipal Highway Agency,0,This section IS NOT on the NHS,0,No Special Jurisdiction,0,None,33.4933,33.4933,-84.21796944,-84.21796944,33,Curb,0,The First Harmful Event was Not a Collision with a Motor Vehicle in Transport,0,No,1,Non-Junction,1,Not an Intersection,4,On Roadside,0,None,2,Dark - Not Lighted,1,Clear,0,No,0000000,Not Applicable,22,10:00pm-10:59pm,47,47,22,10:00pm-10:59pm,53,53,23,11:00pm-11:59pm,14,14,1
13,Georgia,130285,0,0,1,1,0,1,1,189,MCDUFFIE (189),0,NOT APPLICABLE,3,March,3,3,5,Thursday,2022,21,9:00pm-9:59pm,20,20,CR-031100,NA,4,County Road,1,Rural,5,Major Collector,2,County Highway Agency,0,This section IS NOT on the NHS,0,No Special Jurisdiction,7,7,33.43032778,33.43032778,-82.4763,-82.4763,1,Rollover/Overturn,0,The First Harmful Event was Not a Collision with a Motor Vehicle in Transport,0,No,1,Non-Junction,1,Not an Intersection,4,On Roadside,0,None,3,Dark - Lighted,1,Clear,0,No,0000000,Not Applicable,21,9:00pm-9:59pm,28,28,21,9:00pm-9:59pm,42,42,88,Not Applicable (Not Transported),88,Not Applicable (Not Transported),1
13,Georgia,130286,0,0,2,2,0,3,3,319,WILKINSON (319),2420,GORDON,3,March,3,3,5,Thursday,2022,13,1:00pm-1:59pm,35,35,SR-540,JM MCCOLLOUGH RD,3,State Highway,1,Rural,3,Principal Arterial - Other,1,State Highway Agency,1,This section IS ON the NHS,0,No Special Jurisdiction,19,19,32.9484,32.9484,-83.25619167,-83.25619167,12,Motor Vehicle In-Transport,6,Angle,0,No,2,Intersection,2,Four-Way Intersection,1,On Roadway,0,None,1,Daylight,1,Clear,0,No,0000000,Not Applicable,13,1:00pm-1:59pm,58,58,14,2:00pm-2:59pm,15,15,88,Not Applicable (Not Transported),88,Not Applicable (Not Transported),2
13,Georgia,130287,0,0,1,1,0,1,1,45,CARROLL (45),5420,TEMPLE,3,March,3,3,5,Thursday,2022,10,10:00am-10:59am,20,20,CS-78309,NA,5,Local Street - Township,1,Rural,7,Local,4,City or Municipal Highway Agency,0,This section IS NOT on the NHS,0,No Special Jurisdiction,13,13,33.75391944,33.75391944,-85.01644444,-85.01644444,43,Other Fixed Object,0,The First Harmful Event was Not a Collision with a Motor Vehicle in Transport,0,No,1,Non-Junction,1,Not an Intersection,5,Outside Trafficway,0,None,1,Daylight,1,Clear,0,No,0000000,Not Applicable,10,10:00am-10:59am,41,41,10,10:00am-10:59am,51,51,11,11:00am-11:59am,35,35,1
13,Georgia,130288,1,1,1,1,0,1,1,297,WALTON (297),0,NOT APPLICABLE,3,March,3,3,5,Thursday,2022,4,4:00am-4:59am,47,47,SR-11,NA,3,State Highway,2,Urban,4,Minor Arterial,1,State Highway Agency,0,This section IS NOT on the NHS,0,No Special Jurisdiction,140,140,33.82689722,33.82689722,-83.73233056,-83.73233056,8,Pedestrian,0,The First Harmful Event was Not a Collision with a Motor Vehicle in Transport,0,No,1,Non-Junction,1,Not an Intersection,1,On Roadway,0,None,2,Dark - Not Lighted,1,Clear,0,No,0000000,Not Applicable,4,4:00am-4:59am,50,50,4,4:00am-4:59am,55,55,88,Not Applicable (Not Transported),88,Not Applicable (Not Transported),1
13,Georgia,130289,0,0,2,2,0,3,3,215,MUSCOGEE (215),1280,COLUMBUS,3,March,2,2,4,Wednesday,2022,19,7:00pm-7:59pm,24,24,SR-100,COMMERCIAL DR,3,State Highway,2,Urban,3,Principal Arterial - Other,1,State Highway Agency,1,This section IS ON the NHS,0,No Special Jurisdiction,139,139,32.54255278,32.54255278,-84.95414722,-84.95414722,12,Motor Vehicle In-Transport,6,Angle,0,No,2,Intersection,2,Four-Way Intersection,1,On Roadway,0,None,2,Dark - Not Lighted,1,Clear,0,No,0000000,Not Applicable,19,7:00pm-7:59pm,24,24,19,7:00pm-7:59pm,29,29,19,7:00pm-7:59pm,47,47,1
13,Georgia,130290,0,0,1,1,0,1,1,67,COBB (67),0,NOT APPLICABLE,3,March,2,2,4,Wednesday,2022,1,1:00am-1:59am,11,11,CR-736,NA,4,County Road,2,Urban,7,Local,2,County Highway Agency,0,This section IS NOT on the NHS,0,No Special Jurisdiction,9,9,34.00421111,34.00421111,-84.43049444,-84.43049444,32,Culvert,0,The First Harmful Event was Not a Collision with a Motor Vehicle in Transport,0,No,1,Non-Junction,1,Not an Intersection,4,On Roadside,0,None,2,Dark - Not Lighted,1,Clear,0,No,0000000,Not Applicable,1,1:00am-1:59am,11,11,1,1:00am-1:59am,17,17,88,Not Applicable (Not Transported),88,Not Applicable (Not Transported),1
13,Georgia,130291,0,0,1,1,0,1,1,257,STEPHENS (257),0,NOT APPLICABLE,3,March,1,1,3,Tuesday,2022,12,12:00pm-12:59pm,25,25,SR-336,NA,3,State Highway,1,Rural,5,Major Collector,1,State Highway Agency,0,This section IS NOT on the NHS,0,No Special Jurisdiction,79,79,34.55295556,34.55295556,-83.17463611,-83.17463611,42,Tree (Standing Only),0,The First Harmful Event was Not a Collision with a Motor Vehicle in Transport,0,No,1,Non-Junction,1,Not an Intersection,5,Outside Trafficway,0,None,1,Daylight,1,Clear,0,No,0000000,Not Applicable,12,12:00pm-12:59pm,26,26,12,12:00pm-12:59pm,38,38,88,Not Applicable (Not Transported),88,Not Applicable (Not Transported),1
13,Georgia,130292,0,0,1,1,0,1,1,129,GORDON (129),0,NOT APPLICABLE,3,March,5,5,7,Saturday,2022,20,8:00pm-8:59pm,16,16,CR-002100,NA,4,County Road,2,Urban,5,Major Collector,2,County Highway Agency,0,This section IS NOT on the NHS,0,No Special Jurisdiction,8,8,34.524275,34.524275,-84.91856944,-84.91856944,32,Culvert,0,The First Harmful Event was Not a Collision with a Motor Vehicle in Transport,0,No,1,Non-Junction,1,Not an Intersection,4,On Roadside,0,None,2,Dark - Not Lighted,1,Clear,0,No,0000000,Not Applicable,20,8:00pm-8:59pm,16,16,20,8:00pm-8:59pm,20,20,88,Not Applicable (Not Transported),88,Not Applicable (Not Transported),1
13,Georgia,130293,0,0,1,1,0,1,1,121,FULTON (121),280,ATLANTA,3,March,5,5,7,Saturday,2022,17,5:00pm-5:59pm,59,59,CS-127903 PEGG RD SW,NA,6,Local Street - Municipality,2,Urban,7,Local,4,City or Municipal Highway Agency,0,This section IS NOT on the NHS,0,No Special Jurisdiction,1,1,33.68925278,33.68925278,-84.40676111,-84.40676111,38,Fence,0,The First Harmful Event was Not a Collision with a Motor Vehicle in Transport,0,No,1,Non-Junction,1,Not an Intersection,5,Outside Trafficway,0,None,1,Daylight,1,Clear,0,No,0000000,Not Applicable,18,6:00pm-6:59pm,2,2,18,6:00pm-6:59pm,10,10,18,6:00pm-6:59pm,40,40,1
13,Georgia,130294,0,0,2,2,0,3,3,9,BALDWIN (9),0,NOT APPLICABLE,3,March,5,5,7,Saturday,2022,15,3:00pm-3:59pm,40,40,SR-49,NA,3,State Highway,1,Rural,4,Minor Arterial,1,State Highway Agency,0,This section IS NOT on the NHS,0,No Special Jurisdiction,37,37,33.02635556,33.02635556,-83.32848889,-83.32848889,12,Motor Vehicle In-Transport,2,Front-to-Front,0,No,1,Non-Junction,1,Not an Intersection,1,On Roadway,0,None,1,Daylight,1,Clear,0,No,0000000,Not Applicable,15,3:00pm-3:59pm,40,40,15,3:00pm-3:59pm,52,52,17,5:00pm-5:59pm,14,14,1
13,Georgia,130295,1,1,1,1,0,1,1,195,MADISON (195),0,NOT APPLICABLE,3,March,5,5,7,Saturday,2022,6,6:00am-6:59am,10,10,SR-8,DIAMOND HILL NEESE RD,3,State Highway,1,Rural,4,Minor Arterial,1,State Highway Agency,0,This section IS NOT on the NHS,0,No Special Jurisdiction,38,38,34.06292778,34.06292778,-83.278125,-83.278125,8,Pedestrian,0,The First Harmful Event was Not a Collision with a Motor Vehicle in Transport,0,No,3,Intersection-Related,3,T-Intersection,1,On Roadway,0,None,2,Dark - Not Lighted,1,Clear,0,No,0000000,Not Applicable,6,6:00am-6:59am,14,14,6,6:00am-6:59am,18,18,88,Not Applicable (Not Transported),88,Not Applicable (Not Transported),1
13,Georgia,130296,0,0,1,1,0,1,1,153,HOUSTON (153),0,NOT APPLICABLE,3,March,5,5,7,Saturday,2022,3,3:00am-3:59am,50,50,I-75,NA,1,Interstate,1,Rural,1,Interstate,1,State Highway Agency,1,This section IS ON the NHS,0,No Special Jurisdiction,79,79,32.40439167,32.40439167,-83.76440278,-83.76440278,24,Guardrail Face,0,The First Harmful Event was Not a Collision with a Motor Vehicle in Transport,0,No,1,Non-Junction,1,Not an Intersection,3,On Median,0,None,2,Dark - Not Lighted,1,Clear,0,No,0000000,Not Applicable,3,3:00am-3:59am,56,56,4,4:00am-4:59am,9,9,88,Not Applicable (Not Transported),88,Not Applicable (Not Transported),1
13,Georgia,130297,0,0,1,1,0,1,1,195,MADISON (195),0,NOT APPLICABLE,3,March,5,5,7,Saturday,2022,1,1:00am-1:59am,29,29,SR-8,NA,3,State Highway,1,Rural,4,Minor Arterial,1,State Highway Agency,0,This section IS NOT on the NHS,0,No Special Jurisdiction,138,138,34.18043611,34.18043611,-83.20663333,-83.20663333,42,Tree (Standing Only),0,The First Harmful Event was Not a Collision with a Motor Vehicle in Transport,0,No,1,Non-Junction,1,Not an Intersection,4,On Roadside,0,None,2,Dark - Not Lighted,1,Clear,0,No,0000000,Not Applicable,2,2:00am-2:59am,30,30,2,2:00am-2:59am,39,39,88,Not Applicable (Not Transported),88,Not Applicable (Not Transported),1
13,Georgia,130298,0,0,1,1,0,1,1,187,LUMPKIN (187),0,NOT APPLICABLE,3,March,5,5,7,Saturday,2022,1,1:00am-1:59am,10,10,SR-9,NA,3,State Highway,1,Rural,3,Principal Arterial - Other,1,State Highway Agency,1,This section IS ON the NHS,0,No Special Jurisdiction,239,239,34.65798611,34.65798611,-83.90829444,-83.90829444,34,Ditch,0,The First Harmful Event was Not a Collision with a Motor Vehicle in Transport,0,No,1,Non-Junction,1,Not an Intersection,4,On Roadside,0,None,2,Dark - Not Lighted,1,Clear,0,No,0000000,Not Applicable,1,1:00am-1:59am,30,30,1,1:00am-1:59am,50,50,88,Not Applicable (Not Transported),88,Not Applicable (Not Transported),1
13,Georgia,130299,0,0,1,1,0,1,1,121,FULTON (121),280,ATLANTA,3,March,5,5,7,Saturday,2022,0,0:00am-0:59am,52,52,I-20,NA,1,Interstate,2,Urban,1,Interstate,1,State Highway Agency,1,This section IS ON the NHS,0,No Special Jurisdiction,26,26,33.76516111,33.76516111,-84.49380278,-84.49380278,24,Guardrail Face,0,The First Harmful Event was Not a Collision with a Motor Vehicle in Transport,1,Yes,19,Other location within Interchange Area,1,Not an Intersection,4,On Roadside,0,None,2,Dark - Not Lighted,1,Clear,0,No,0000000,Not Applicable,99,Unknown,98,Unknown if Notified,99,Unknown EMS Scene Arrival Hour,98,Unknown if Arrived,88,Not Applicable (Not Transported),88,Not Applicable (Not Transported),1
13,Georgia,130300,0,0,2,2,0,4,4,89,DEKALB (89),0,NOT APPLICABLE,3,March,4,4,6,Friday,2022,19,7:00pm-7:59pm,40,40,CR-519000,ELAM RD,4,County Road,2,Urban,3,Principal Arterial - Other,2,County Highway Agency,1,This section IS ON the NHS,0,No Special Jurisdiction,10,10,33.772575,33.772575,-84.19395,-84.19395,12,Motor Vehicle In-Transport,6,Angle,0,No,2,Intersection,2,Four-Way Intersection,1,On Roadway,0,None,3,Dark - Lighted,1,Clear,0,No,0000000,Not Applicable,19,7:00pm-7:59pm,40,40,19,7:00pm-7:59pm,58,58,20,8:00pm-8:59pm,25,25,2
13,Georgia,130301,1,1,1,1,0,1,1,277,TIFT (277),0,NOT APPLICABLE,3,March,4,4,6,Friday,2022,19,7:00pm-7:59pm,29,29,SR-520,MCCORMICK DR,3,State Highway,2,Urban,3,Principal Arterial - Other,1,State Highway Agency,1,This section IS ON the NHS,0,No Special Jurisdiction,99998,Not Reported,31.44826111,31.44826111,-83.53685278,-83.53685278,8,Pedestrian,0,The First Harmful Event was Not a Collision with a Motor Vehicle in Transport,0,No,2,Intersection,3,T-Intersection,1,On Roadway,0,None,3,Dark - Lighted,1,Clear,0,No,0000000,Not Applicable,19,7:00pm-7:59pm,36,36,19,7:00pm-7:59pm,38,38,88,Not Applicable (Not Transported),88,Not Applicable (Not Transported),1
13,Georgia,130302,1,1,1,1,0,1,1,27,BROOKS (27),0,NOT APPLICABLE,3,March,9,9,4,Wednesday,2022,4,4:00am-4:59am,30,30,SR-76,NA,3,State Highway,1,Rural,4,Minor Arterial,1,State Highway Agency,0,This section IS NOT on the NHS,0,No Special Jurisdiction,25,25,30.68321667,30.68321667,-83.62044444,-83.62044444,8,Pedestrian,0,The First Harmful Event was Not a Collision with a Motor Vehicle in Transport,0,No,1,Non-Junction,1,Not an Intersection,1,On Roadway,0,None,2,Dark - Not Lighted,1,Clear,0,No,0000000,Not Applicable,4,4:00am-4:59am,30,30,4,4:00am-4:59am,49,49,5,5:00am-5:59am,25,25,1
13,Georgia,130303,0,0,2,2,0,3,3,279,TOOMBS (279),3340,LYONS,3,March,8,8,3,Tuesday,2022,16,4:00pm-4:59pm,18,18,SR-4,FIVE POINT RD,3,State Highway,1,Rural,3,Principal Arterial - Other,1,State Highway Agency,1,This section IS ON the NHS,0,No Special Jurisdiction,251,251,32.28048333,32.28048333,-82.30411944,-82.30411944,12,Motor Vehicle In-Transport,6,Angle,0,No,2,Intersection,3,T-Intersection,1,On Roadway,0,None,1,Daylight,1,Clear,0,No,0000000,Not Applicable,16,4:00pm-4:59pm,16,16,16,4:00pm-4:59pm,22,22,88,Not Applicable (Not Transported),88,Not Applicable (Not Transported),2
13,Georgia,130304,0,0,1,1,0,1,1,123,GILMER (123),0,NOT APPLICABLE,3,March,8,8,3,Tuesday,2022,14,2:00pm-2:59pm,35,35,US-76,NA,2,US Highway,1,Rural,3,Principal Arterial - Other,1,State Highway Agency,1,This section IS ON the NHS,0,No Special Jurisdiction,149,149,34.73664167,34.73664167,-84.42398333,-84.42398333,52,Guardrail End,0,The First Harmful Event was Not a Collision with a Motor Vehicle in Transport,0,No,1,Non-Junction,1,Not an Intersection,4,On Roadside,0,None,1,Daylight,2,Rain,0,No,0000000,Not Applicable,14,2:00pm-2:59pm,45,45,14,2:00pm-2:59pm,46,46,88,Not Applicable (Not Transported),88,Not Applicable (Not Transported),1
13,Georgia,130306,1,1,1,1,0,1,1,135,GWINNETT (135),0,NOT APPLICABLE,3,March,7,7,2,Monday,2022,19,7:00pm-7:59pm,7,7,SR-10,LAKE LUCENE DRIVE,3,State Highway,2,Urban,3,Principal Arterial - Other,1,State Highway Agency,1,This section IS ON the NHS,0,No Special Jurisdiction,22,22,33.83177778,33.83177778,-84.08943056,-84.08943056,8,Pedestrian,0,The First Harmful Event was Not a Collision with a Motor Vehicle in Transport,0,No,3,Intersection-Related,3,T-Intersection,1,On Roadway,0,None,3,Dark - Lighted,2,Rain,0,No,0000000,Not Applicable,19,7:00pm-7:59pm,9,9,19,7:00pm-7:59pm,11,11,19,7:00pm-7:59pm,40,40,1
13,Georgia,130307,1,1,3,3,0,1,1,135,GWINNETT (135),0,NOT APPLICABLE,3,March,6,6,1,Sunday,2022,20,8:00pm-8:59pm,7,7,I-85NB,NA,1,Interstate,2,Urban,1,Interstate,1,State Highway Agency,1,This section IS ON the NHS,0,No Special Jurisdiction,99999,Unknown,33.90964722,33.90964722,-84.22361111,-84.22361111,8,Pedestrian,0,The First Harmful Event was Not a Collision with a Motor Vehicle in Transport,0,No,1,Non-Junction,1,Not an Intersection,2,On Shoulder,0,None,3,Dark - Lighted,1,Clear,0,No,0000000,Not Applicable,20,8:00pm-8:59pm,9,9,20,8:00pm-8:59pm,15,15,88,Not Applicable (Not Transported),88,Not Applicable (Not Transported),1
13,Georgia,130308,0,0,1,1,0,1,1,57,CHEROKEE (57),0,NOT APPLICABLE,3,March,6,6,1,Sunday,2022,18,6:00pm-6:59pm,27,27,YELLOW CREEK RD,NA,6,Local Street - Municipality,1,Rural,5,Major Collector,4,City or Municipal Highway Agency,0,This section IS NOT on the NHS,0,No Special Jurisdiction,41,41,34.34545,34.34545,-84.26458611,-84.26458611,38,Fence,0,The First Harmful Event was Not a Collision with a Motor Vehicle in Transport,0,No,1,Non-Junction,1,Not an Intersection,4,On Roadside,0,None,1,Daylight,1,Clear,0,No,0000000,Not Applicable,99,Unknown,98,Unknown if Notified,99,Unknown EMS Scene Arrival Hour,98,Unknown if Arrived,88,Not Applicable (Not Transported),88,Not Applicable (Not Transported),1
13,Georgia,130309,0,0,1,1,0,1,1,17,BEN HILL (17),2130,FITZGERALD,3,March,6,6,1,Sunday,2022,11,11:00am-11:59am,16,16,CS-051101 S MAIN ST,ROANOKE DR,6,Local Street - Municipality,2,Urban,4,Minor Arterial,4,City or Municipal Highway Agency,0,This section IS NOT on the NHS,0,No Special Jurisdiction,12,12,31.70566389,31.70566389,-83.25436111,-83.25436111,19,Building,0,The First Harmful Event was Not a Collision with a Motor Vehicle in Transport,0,No,3,Intersection-Related,3,T-Intersection,5,Outside Trafficway,0,None,1,Daylight,1,Clear,0,No,0000000,Not Applicable,11,11:00am-11:59am,22,22,11,11:00am-11:59am,24,24,12,12:00pm-12:59pm,18,18,1
13,Georgia,130310,0,0,1,1,0,1,1,157,JACKSON (157),3980,NICHOLSON,3,March,6,6,1,Sunday,2022,3,3:00am-3:59am,38,38,US-441 SR-15,NA,2,US Highway,1,Rural,3,Principal Arterial - Other,1,State Highway Agency,1,This section IS ON the NHS,0,No Special Jurisdiction,82,82,34.13182778,34.13182778,-83.42855278,-83.42855278,33,Curb,0,The First Harmful Event was Not a Collision with a Motor Vehicle in Transport,0,No,1,Non-Junction,1,Not an Intersection,4,On Roadside,0,None,2,Dark - Not Lighted,1,Clear,0,No,0000000,Not Applicable,3,3:00am-3:59am,48,48,3,3:00am-3:59am,56,56,4,4:00am-4:59am,0,0,1
13,Georgia,130311,1,1,2,1,1,1,1,51,CHATHAM (51),4475,PORT WENTWORTH,3,March,5,5,7,Saturday,2022,23,11:00pm-11:59pm,0,0,I-95,NA,1,Interstate,2,Urban,1,Interstate,1,State Highway Agency,1,This section IS ON the NHS,0,No Special Jurisdiction,164,164,32.18883611,32.18883611,-81.19703056,-81.19703056,14,Parked Motor Vehicle,0,The First Harmful Event was Not a Collision with a Motor Vehicle in Transport,0,No,1,Non-Junction,1,Not an Intersection,2,On Shoulder,0,None,3,Dark - Lighted,1,Clear,0,No,0000000,Not Applicable,22,10:00pm-10:59pm,50,50,22,10:00pm-10:59pm,58,58,88,Not Applicable (Not Transported),88,Not Applicable (Not Transported),1
13,Georgia,130312,1,1,1,1,0,2,2,89,DEKALB (89),0,NOT APPLICABLE,3,March,12,12,7,Saturday,2022,0,0:00am-0:59am,35,35,KENSINGTON RD,NA,6,Local Street - Municipality,2,Urban,4,Minor Arterial,4,City or Municipal Highway Agency,0,This section IS NOT on the NHS,0,No Special Jurisdiction,11,11,33.76970833,33.76970833,-84.23565,-84.23565,24,Guardrail Face,0,The First Harmful Event was Not a Collision with a Motor Vehicle in Transport,0,No,1,Non-Junction,1,Not an Intersection,4,On Roadside,0,None,3,Dark - Lighted,2,Rain,0,No,0000000,Not Applicable,0,0:00am-0:59am,35,35,0,0:00am-0:59am,50,50,1,1:00am-1:59am,30,30,1
13,Georgia,130313,0,0,1,1,0,2,2,143,HARALSON (143),0,NOT APPLICABLE,3,March,11,11,6,Friday,2022,21,9:00pm-9:59pm,54,54,I-20,NA,1,Interstate,1,Rural,1,Interstate,1,State Highway Agency,1,This section IS ON the NHS,0,No Special Jurisdiction,10,10,33.67865,33.67865,-85.32445278,-85.32445278,34,Ditch,0,The First Harmful Event was Not a Collision with a Motor Vehicle in Transport,0,No,1,Non-Junction,1,Not an Intersection,4,On Roadside,0,None,2,Dark - Not Lighted,5,"Fog, Smog, Smoke",0,No,0000000,Not Applicable,22,10:00pm-10:59pm,8,8,22,10:00pm-10:59pm,20,20,0,0:00am-0:59am,8,8,1
13,Georgia,130314,0,0,2,2,0,2,2,155,IRWIN (155),0,NOT APPLICABLE,3,March,11,11,6,Friday,2022,7,7:00am-7:59am,10,10,OLD WHITLEY RD,VO TECH DRIVE,6,Local Street - Municipality,1,Rural,5,Major Collector,4,City or Municipal Highway Agency,0,This section IS NOT on the NHS,0,No Special Jurisdiction,26,26,31.64326111,31.64326111,-83.27006111,-83.27006111,12,Motor Vehicle In-Transport,6,Angle,0,No,2,Intersection,2,Four-Way Intersection,1,On Roadway,0,None,1,Daylight,5,"Fog, Smog, Smoke",0,No,0000000,Not Applicable,7,7:00am-7:59am,10,10,7,7:00am-7:59am,29,29,8,8:00am-8:59am,25,25,1
13,Georgia,130315,0,0,1,1,0,1,1,109,EVANS (109),0,NOT APPLICABLE,3,March,11,11,6,Friday,2022,1,1:00am-1:59am,47,47,SR-73,NA,3,State Highway,1,Rural,4,Minor Arterial,1,State Highway Agency,0,This section IS NOT on the NHS,0,No Special Jurisdiction,101,101,32.19823056,32.19823056,-81.87703889,-81.87703889,42,Tree (Standing Only),0,The First Harmful Event was Not a Collision with a Motor Vehicle in Transport,0,No,1,Non-Junction,1,Not an Intersection,4,On Roadside,0,None,2,Dark - Not Lighted,10,Cloudy,0,No,0000000,Not Applicable,1,1:00am-1:59am,48,48,1,1:00am-1:59am,53,53,88,Not Applicable (Not Transported),88,Not Applicable (Not Transported),1
13,Georgia,130316,0,0,1,1,0,1,1,21,BIBB (21),3390,MACON,3,March,10,10,5,Thursday,2022,17,5:00pm-5:59pm,12,12,ZEBULON RD,NA,6,Local Street - Municipality,2,Urban,5,Major Collector,4,City or Municipal Highway Agency,0,This section IS NOT on the NHS,0,No Special Jurisdiction,7,7,32.89538611,32.89538611,-83.80057222,-83.80057222,53,Mail Box,0,The First Harmful Event was Not a Collision with a Motor Vehicle in Transport,0,No,1,Non-Junction,1,Not an Intersection,4,On Roadside,0,None,1,Daylight,1,Clear,0,No,0000000,Not Applicable,99,Unknown,98,Unknown if Notified,99,Unknown EMS Scene Arrival Hour,98,Unknown if Arrived,88,Not Applicable (Not Transported),88,Not Applicable (Not Transported),1
13,Georgia,130317,1,1,1,1,0,1,1,115,FLOYD (115),4760,ROME,3,March,9,9,4,Wednesday,2022,19,7:00pm-7:59pm,48,48,SR-1LO REDMOND CIR,WESTSIDE INDUSTRIAL BLVD,3,State Highway,2,Urban,3,Principal Arterial - Other,1,State Highway Agency,0,This section IS NOT on the NHS,0,No Special Jurisdiction,110,110,34.28040833,34.28040833,-85.22605833,-85.22605833,9,Pedalcyclist,0,The First Harmful Event was Not a Collision with a Motor Vehicle in Transport,0,No,3,Intersection-Related,3,T-Intersection,1,On Roadway,0,None,2,Dark - Not Lighted,1,Clear,0,No,0000000,Not Applicable,19,7:00pm-7:59pm,49,49,19,7:00pm-7:59pm,56,56,20,8:00pm-8:59pm,17,17,1
13,Georgia,130318,0,0,1,1,0,1,1,199,MERIWETHER (199),6020,WOODBURY,3,March,9,9,4,Wednesday,2022,14,2:00pm-2:59pm,23,23,SR-18,NA,3,State Highway,1,Rural,4,Minor Arterial,1,State Highway Agency,0,This section IS NOT on the NHS,0,No Special Jurisdiction,238,238,32.98306111,32.98306111,-84.59251389,-84.59251389,42,Tree (Standing Only),0,The First Harmful Event was Not a Collision with a Motor Vehicle in Transport,0,No,1,Non-Junction,1,Not an Intersection,4,On Roadside,0,None,1,Daylight,10,Cloudy,0,No,0000000,Not Applicable,14,2:00pm-2:59pm,23,23,14,2:00pm-2:59pm,28,28,88,Not Applicable (Not Transported),88,Not Applicable (Not Transported),1
13,Georgia,130319,0,0,1,1,0,2,2,153,HOUSTON (153),5790,WARNER ROBINS,3,March,9,9,4,Wednesday,2022,4,4:00am-4:59am,53,53,SR-247,NA,3,State Highway,2,Urban,3,Principal Arterial - Other,1,State Highway Agency,1,This section IS ON the NHS,0,No Special Jurisdiction,36,36,32.61834722,32.61834722,-83.65631944,-83.65631944,33,Curb,0,The First Harmful Event was Not a Collision with a Motor Vehicle in Transport,0,No,1,Non-Junction,1,Not an Intersection,4,On Roadside,0,None,3,Dark - Lighted,10,Cloudy,0,No,0000000,Not Applicable,4,4:00am-4:59am,54,54,4,4:00am-4:59am,56,56,88,Not Applicable (Not Transported),88,Not Applicable (Not Transported),2