STATE,STATENAME,ST_CASE,PEDS,PERNOTMVIT,VE_TOTAL,VE_FORMS,PVH_INVL,PERSONS,PERMVIT,COUNTY,COUNTYNAME,CITY,CITYNAME,MONTH,MONTHNAME,DAY,DAYNAME,DAY_WEEK,DAY_WEEKNAME,YEAR,HOUR,HOURNAME,MINUTE,MINUTENAME,TWAY_ID,TWAY_ID2,ROUTE,ROUTENAME,RUR_URB,RUR_URBNAME,FUNC_SYS,FUNC_SYSNAME,RD_OWNER,RD_OWNERNAME,NHS,NHSNAME,SP_JUR,SP_JURNAME,MILEPT,MILEPTNAME,LATITUDE,LATITUDENAME,LONGITUD,LONGITUDNAME,HARM_EV,HARM_EVNAME,MAN_COLL,MAN_COLLNAME,RELJCT1,RELJCT1NAME,RELJCT2,RELJCT2NAME,TYP_INT,TYP_INTNAME,REL_ROAD,REL_ROADNAME,WRK_ZONE,WRK_ZONENAME,LGT_COND,LGT_CONDNAME,WEATHER,WEATHERNAME,SCH_BUS,SCH_BUSNAME,RAIL,RAILNAME,NOT_HOUR,NOT_HOURNAME,NOT_MIN,NOT_MINNAME,ARR_HOUR,ARR_HOURNAME,ARR_MIN,ARR_MINNAME,HOSP_HR,HOSP_HRNAME,HOSP_MN,HOSP_MNNAME,FATALS
13,Georgia,130320,0,0,1,1,0,2,2,29,BRYAN (29),0,NOT APPLICABLE,3,March,9,9,4,Wednesday,2022,14,2:00pm-2:59pm,58,58,I-16,NA,1,Interstate,2,Urban,2,Principal Arterial - Other Freeways and Expressways,1,State Highway Agency,1,This section IS ON the NHS,0,No Special Jurisdiction,24,24,32.20293333,32.20293333,-81.488375,-81.488375,32,Culvert,0,The First Harmful Event was Not a Collision with a Motor Vehicle in Transport,1,Yes,19,Other location within Interchange Area,1,Not an Intersection,4,On Roadside,0,None,1,Daylight,1,Clear,0,No,0000000,Not Applicable,15,3:00pm-3:59pm,0,0,15,3:00pm-3:59pm,5,5,15,3:00pm-3:59pm,36,36,1
13,Georgia,130321,1,1,1,1,0,1,1,121,FULTON (121),280,ATLANTA,2,February,17,17,5,Thursday,2022,23,11:00pm-11:59pm,35,35,I-20 EXIT RAMP EAST,NA,1,Interstate,2,Urban,1,Interstate,1,State Highway Agency,1,This section IS ON the NHS,0,No Special Jurisdiction,84,84,33.74278056,33.74278056,-84.40321111,-84.40321111,8,Pedestrian,0,The First Harmful Event was Not a Collision with a Motor Vehicle in Transport,1,Yes,5,Entrance/Exit Ramp Related,1,Not an Intersection,8,Gore,0,None,3,Dark - Lighted,1,Clear,0,No,0000000,Not Applicable,23,11:00pm-11:59pm,43,43,23,11:00pm-11:59pm,48,48,88,Not Applicable (Not Transported),88,Not Applicable (Not Transported),1
13,Georgia,130322,0,0,1,1,0,4,4,183,LONG (183),0,NOT APPLICABLE,3,March,12,12,7,Saturday,2022,1,1:00am-1:59am,55,55,SR-196,NA,3,State Highway,1,Rural,5,Major Collector,1,State Highway Agency,0,This section IS NOT on the NHS,0,No Special Jurisdiction,81,81,31.86254722,31.86254722,-81.78175,-81.78175,42,Tree (Standing Only),0,The First Harmful Event was Not a Collision with a Motor Vehicle in Transport,0,No,1,Non-Junction,1,Not an Intersection,4,On Roadside,0,None,2,Dark - Not Lighted,2,Rain,0,No,0000000,Not Applicable,1,1:00am-1:59am,58,58,2,2:00am-2:59am,13,13,2,2:00am-2:59am,29,29,1
13,Georgia,130323,0,0,1,1,0,1,1,251,SCREVEN (251),0,NOT APPLICABLE,3,March,12,12,7,Saturday,2022,23,11:00pm-11:59pm,54,54,FRIENDSHIP RD,NA,5,Local Street - Township,1,Rural,7,Local,4,City or Municipal Highway Agency,0,This section IS NOT on the NHS,0,No Special Jurisdiction,12,12,32.77303889,32.77303889,-81.6117,-81.6117,34,Ditch,0,The First Harmful Event was Not a Collision with a Motor Vehicle in Transport,0,No,1,Non-Junction,1,Not an Intersection,4,On Roadside,0,None,2,Dark - Not Lighted,1,Clear,0,No,0000000,Not Applicable,23,11:00pm-11:59pm,56,56,0,0:00am-0:59am,4,4,0,0:00am-0:59am,42,42,1
13,Georgia,130324,1,1,1,1,0,1,1,89,DEKALB (89),5580,TUCKER,3,March,14,14,2,Monday,2022,0,0:00am-0:59am,46,46,US-29 LAWRENCEVILLE HWY,NA,2,US Highway,2,Urban,2,Principal Arterial - Other Freeways and Expressways,1,State Highway Agency,1,This section IS ON the NHS,0,No Special Jurisdiction,85,85,33.83736111,33.83736111,-84.23839444,-84.23839444,8,Pedestrian,0,The First Harmful Event was Not a Collision with a Motor Vehicle in Transport,0,No,1,Non-Junction,1,Not an Intersection,1,On Roadway,0,None,3,Dark - Lighted,1,Clear,0,No,0000000,Not Applicable,0,0:00am-0:59am,46,46,0,0:00am-0:59am,46,46,88,Not Applicable (Not Transported),88,Not Applicable (Not Transported),1
13,Georgia,130325,1,1,1,1,0,1,1,151,HENRY (151),5210,STOCKBRIDGE,3,March,4,4,6,Friday,2022,10,10:00am-10:59am,48,48,CR-065900,NA,4,County Road,2,Urban,4,Minor Arterial,2,County Highway Agency,0,This section IS NOT on the NHS,0,No Special Jurisdiction,7,7,33.50466389,33.50466389,-84.236275,-84.236275,8,Pedestrian,0,The First Harmful Event was Not a Collision with a Motor Vehicle in Transport,0,No,8,Driveway Access Related,1,Not an Intersection,1,On Roadway,0,None,1,Daylight,1,Clear,0,No,0000000,Not Applicable,10,10:00am-10:59am,29,29,10,10:00am-10:59am,32,32,88,Not Applicable (Not Transported),88,Not Applicable (Not Transported),1
13,Georgia,130326,0,0,1,1,0,2,2,311,WHITE (311),0,NOT APPLICABLE,3,March,8,8,3,Tuesday,2022,0,0:00am-0:59am,25,25,SR-384,NA,3,State Highway,1,Rural,5,Major Collector,1,State Highway Agency,0,This section IS NOT on the NHS,0,No Special Jurisdiction,57,57,34.60406111,34.60406111,-83.68143889,-83.68143889,32,Culvert,0,The First Harmful Event was Not a Collision with a Motor Vehicle in Transport,0,No,1,Non-Junction,1,Not an Intersection,4,On Roadside,0,None,2,Dark - Not Lighted,1,Clear,0,No,0000000,Not Applicable,0,0:00am-0:59am,28,28,0,0:00am-0:59am,34,34,1,1:00am-1:59am,32,32,2
13,Georgia,130327,0,0,2,2,0,3,3,135,GWINNETT (135),3100,LAWRENCEVILLE,3,March,12,12,7,Saturday,2022,21,9:00pm-9:59pm,47,47,SR-124,JACKSON ST,3,State Highway,2,Urban,3,Principal Arterial - Other,1,State Highway Agency,1,This section IS ON the NHS,0,No Special Jurisdiction,138,138,33.95174722,33.95174722,-83.98136111,-83.98136111,12,Motor Vehicle In-Transport,6,Angle,0,No,2,Intersection,2,Four-Way Intersection,1,On Roadway,0,None,3,Dark - Lighted,10,Cloudy,0,No,0000000,Not Applicable,22,10:00pm-10:59pm,9,9,22,10:00pm-10:59pm,15,15,22,10:00pm-10:59pm,40,40,1
13,Georgia,130328,1,1,1,1,0,1,1,121,FULTON (121),280,ATLANTA,3,March,13,13,1,Sunday,2022,21,9:00pm-9:59pm,55,55,WINDSOR ST SW,EUGENIA ST SW,6,Local Street - Municipality,2,Urban,5,Major Collector,4,City or Municipal Highway Agency,0,This section IS NOT on the NHS,0,No Special Jurisdiction,5,5,33.74290556,33.74290556,-84.39813333,-84.39813333,8,Pedestrian,0,The First Harmful Event was Not a Collision with a Motor Vehicle in Transport,0,No,3,Intersection-Related,3,T-Intersection,1,On Roadway,0,None,3,Dark - Lighted,1,Clear,0,No,0000000,Not Applicable,99,Unknown,98,Unknown if Notified,99,Unknown EMS Scene Arrival Hour,98,Unknown if Arrived,88,Not Applicable (Not Transported),88,Not Applicable (Not Transported),1
13,Georgia,130330,1,1,1,1,0,1,1,95,DOUGHERTY (95),90,ALBANY,3,March,14,14,2,Monday,2022,7,7:00am-7:59am,7,7,US-19 N SLAPPEY BLVD,NA,2,US Highway,2,Urban,3,Principal Arterial - Other,1,State Highway Agency,1,This section IS ON the NHS,0,No Special Jurisdiction,144,144,31.61909444,31.61909444,-84.17675278,-84.17675278,8,Pedestrian,0,The First Harmful Event was Not a Collision with a Motor Vehicle in Transport,0,No,1,Non-Junction,1,Not an Intersection,1,On Roadway,0,None,3,Dark - Lighted,1,Clear,0,No,0000000,Not Applicable,7,7:00am-7:59am,9,9,7,7:00am-7:59am,16,16,88,Not Applicable (Not Transported),88,Not Applicable (Not Transported),1
13,Georgia,130331,0,0,3,3,0,3,3,267,TATTNALL (267),0,NOT APPLICABLE,3,March,14,14,2,Monday,2022,16,4:00pm-4:59pm,50,50,SR-005700,NA,3,State Highway,1,Rural,4,Minor Arterial,1,State Highway Agency,0,This section IS NOT on the NHS,0,No Special Jurisdiction,335,335,31.89725833,31.89725833,-81.93876667,-81.93876667,12,Motor Vehicle In-Transport,8,Sideswipe - Opposite Direction,0,No,1,Non-Junction,1,Not an Intersection,1,On Roadway,0,None,1,Daylight,1,Clear,0,No,0000000,Not Applicable,16,4:00pm-4:59pm,57,57,17,5:00pm-5:59pm,17,17,88,Not Applicable (Not Transported),88,Not Applicable (Not Transported),2
13,Georgia,130332,1,1,1,1,0,2,2,229,PIERCE (229),0,NOT APPLICABLE,3,March,15,15,3,Tuesday,2022,7,7:00am-7:59am,6,6,MIDWAY CHURCH RD,NA,5,Local Street - Township,1,Rural,6,Minor Collector,3,Town or Township Highway Agency,0,This section IS NOT on the NHS,0,No Special Jurisdiction,25,25,31.25181944,31.25181944,-82.28536667,-82.28536667,8,Pedestrian,0,The First Harmful Event was Not a Collision with a Motor Vehicle in Transport,0,No,1,Non-Junction,1,Not an Intersection,1,On Roadway,0,None,2,Dark - Not Lighted,1,Clear,0,No,0000000,Not Applicable,7,7:00am-7:59am,9,9,7,7:00am-7:59am,19,19,88,Not Applicable (Not Transported),88,Not Applicable (Not Transported),1
13,Georgia,130333,0,0,1,1,0,1,1,213,MURRAY (213),0,NOT APPLICABLE,3,March,15,15,3,Tuesday,2022,11,11:00am-11:59am,31,31,SR-225,NA,3,State Highway,1,Rural,5,Major Collector,1,State Highway Agency,0,This section IS NOT on the NHS,0,No Special Jurisdiction,262,262,34.966775,34.966775,-84.77348889,-84.77348889,1,Rollover/Overturn,0,The First Harmful Event was Not a Collision with a Motor Vehicle in Transport,0,No,1,Non-Junction,1,Not an Intersection,4,On Roadside,0,None,1,Daylight,10,Cloudy,0,No,0000000,Not Applicable,11,11:00am-11:59am,30,30,11,11:00am-11:59am,43,43,88,Not Applicable (Not Transported),88,Not Applicable (Not Transported),1
13,Georgia,130334,0,0,3,3,0,4,4,179,LIBERTY (179),2730,HINESVILLE,3,March,15,15,3,Tuesday,2022,8,8:00am-8:59am,0,0,SR-38,E COURT ST,3,State Highway,2,Urban,3,Principal Arterial - Other,1,State Highway Agency,1,This section IS ON the NHS,0,No Special Jurisdiction,66,66,31.84792778,31.84792778,-81.590725,-81.590725,12,Motor Vehicle In-Transport,2,Front-to-Front,0,No,2,Intersection,4,Y-Intersection,1,On Roadway,0,None,1,Daylight,1,Clear,0,No,0000000,Not Applicable,8,8:00am-8:59am,0,0,8,8:00am-8:59am,3,3,8,8:00am-8:59am,55,55,1
13,Georgia,130335,0,0,2,2,0,2,2,139,HALL (139),2285,GAINESVILLE,3,March,15,15,3,Tuesday,2022,16,4:00pm-4:59pm,15,15,SR-60/ THOMPSON BRIDGE RD,NA,3,State Highway,2,Urban,3,Principal Arterial - Other,1,State Highway Agency,1,This section IS ON the NHS,0,No Special Jurisdiction,113,113,34.31473333,34.31473333,-83.82924167,-83.82924167,12,Motor Vehicle In-Transport,6,Angle,0,No,8,Driveway Access Related,1,Not an Intersection,1,On Roadway,0,None,1,Daylight,10,Cloudy,0,No,0000000,Not Applicable,16,4:00pm-4:59pm,16,16,16,4:00pm-4:59pm,22,22,88,Not Applicable (Not Transported),88,Not Applicable (Not Transported),1
13,Georgia,130336,1,1,1,1,0,3,3,299,WARE (299),5850,WAYCROSS,3,March,15,15,3,Tuesday,2022,20,8:00pm-8:59pm,29,29,SR-520,NA,3,State Highway,2,Urban,3,Principal Arterial - Other,1,State Highway Agency,1,This section IS ON the NHS,0,No Special Jurisdiction,205,205,31.20864722,31.20864722,-82.37463333,-82.37463333,8,Pedestrian,0,The First Harmful Event was Not a Collision with a Motor Vehicle in Transport,0,No,1,Non-Junction,1,Not an Intersection,1,On Roadway,0,None,3,Dark - Lighted,2,Rain,0,No,0000000,Not Applicable,20,8:00pm-8:59pm,30,30,20,8:00pm-8:59pm,32,32,20,8:00pm-8:59pm,57,57,1
13,Georgia,130337,1,1,1,1,0,1,1,89,DEKALB (89),4235,PANTHERSVILLE,3,March,17,17,5,Thursday,2022,21,9:00pm-9:59pm,40,40,I-20,NA,1,Interstate,2,Urban,1,Interstate,1,State Highway Agency,1,This section IS ON the NHS,0,No Special Jurisdiction,59,59,33.71396944,33.71396944,-84.26965278,-84.26965278,8,Pedestrian,0,The First Harmful Event was Not a Collision with a Motor Vehicle in Transport,1,Yes,18,Through Roadway,1,Not an Intersection,1,On Roadway,0,None,2,Dark - Not Lighted,1,Clear,0,No,0000000,Not Applicable,21,9:00pm-9:59pm,40,40,21,9:00pm-9:59pm,45,45,22,10:00pm-10:59pm,10,10,1
13,Georgia,130338,1,1,1,1,0,1,1,89,DEKALB (89),4573,REDAN,3,March,22,22,3,Tuesday,2022,20,8:00pm-8:59pm,54,54,CR-519300,REDAN RD,4,County Road,2,Urban,4,Minor Arterial,2,County Highway Agency,0,This section IS NOT on the NHS,0,No Special Jurisdiction,40,40,33.75633333,33.75633333,-84.16586667,-84.16586667,8,Pedestrian,0,The First Harmful Event was Not a Collision with a Motor Vehicle in Transport,0,No,3,Intersection-Related,2,Four-Way Intersection,1,On Roadway,0,None,3,Dark - Lighted,1,Clear,0,No,0000000,Not Applicable,20,8:00pm-8:59pm,55,55,21,9:00pm-9:59pm,5,5,88,Not Applicable (Not Transported),88,Not Applicable (Not Transported),1
13,Georgia,130339,0,0,2,2,0,2,2,151,HENRY (151),3220,LOCUST GROVE,3,March,20,20,1,Sunday,2022,15,3:00pm-3:59pm,0,0,I-75,NA,1,Interstate,2,Urban,1,Interstate,1,State Highway Agency,1,This section IS ON the NHS,0,No Special Jurisdiction,46,46,33.36344722,33.36344722,-84.1301,-84.1301,12,Motor Vehicle In-Transport,6,Angle,0,No,1,Non-Junction,1,Not an Intersection,1,On Roadway,0,None,1,Daylight,1,Clear,0,No,0000000,Not Applicable,14,2:00pm-2:59pm,57,57,15,3:00pm-3:59pm,4,4,88,Not Applicable (Not Transported),88,Not Applicable (Not Transported),1
13,Georgia,130340,0,0,1,1,0,1,1,245,RICHMOND (245),310,AUGUSTA,3,March,20,20,1,Sunday,2022,13,1:00pm-1:59pm,23,23,SR-4,NA,3,State Highway,2,Urban,3,Principal Arterial - Other,1,State Highway Agency,1,This section IS ON the NHS,0,No Special Jurisdiction,94,94,33.33670556,33.33670556,-82.15844722,-82.15844722,1,Rollover/Overturn,0,The First Harmful Event was Not a Collision with a Motor Vehicle in Transport,0,No,1,Non-Junction,1,Not an Intersection,3,On Median,0,None,1,Daylight,1,Clear,0,No,0000000,Not Applicable,13,1:00pm-1:59pm,41,41,13,1:00pm-1:59pm,46,46,88,Not Applicable (Not Transported),88,Not Applicable (Not Transported),1
13,Georgia,130341,0,0,2,2,0,3,3,75,COOK (75),0,NOT APPLICABLE,3,March,19,19,7,Saturday,2022,22,10:00pm-10:59pm,38,38,I-75,NA,1,Interstate,1,Rural,1,Interstate,1,State Highway Agency,1,This section IS ON the NHS,0,No Special Jurisdiction,209,209,31.32183611,31.32183611,-83.48082778,-83.48082778,12,Motor Vehicle In-Transport,1,Front-to-Rear,0,No,1,Non-Junction,1,Not an Intersection,1,On Roadway,0,None,2,Dark - Not Lighted,1,Clear,0,No,0000000,Not Applicable,22,10:00pm-10:59pm,43,43,23,11:00pm-11:59pm,1,1,23,11:00pm-11:59pm,55,55,3
13,Georgia,130342,0,0,2,2,0,3,3,51,CHATHAM (51),4910,SAVANNAH,3,March,19,19,7,Saturday,2022,21,9:00pm-9:59pm,34,34,OGEECHEE RD,W VICTORY DR,6,Local Street - Municipality,2,Urban,7,Local,4,City or Municipal Highway Agency,0,This section IS NOT on the NHS,0,No Special Jurisdiction,0,None,32.057525,32.057525,-81.12034722,-81.12034722,12,Motor Vehicle In-Transport,2,Front-to-Front,0,No,2,Intersection,4,Y-Intersection,1,On Roadway,0,None,2,Dark - Not Lighted,2,Rain,0,No,0000000,Not Applicable,21,9:00pm-9:59pm,34,34,21,9:00pm-9:59pm,57,57,22,10:00pm-10:59pm,0,0,1
13,Georgia,130343,0,0,1,1,0,1,1,221,OGLETHORPE (221),0,NOT APPLICABLE,3,March,19,19,7,Saturday,2022,3,3:00am-3:59am,57,57,SR-10,NA,3,State Highway,1,Rural,3,Principal Arterial - Other,1,State Highway Agency,1,This section IS ON the NHS,0,No Special Jurisdiction,10,10,33.89548611,33.89548611,-83.22799722,-83.22799722,34,Ditch,0,The First Harmful Event was Not a Collision with a Motor Vehicle in Transport,0,No,1,Non-Junction,1,Not an Intersection,4,On Roadside,0,None,2,Dark - Not Lighted,10,Cloudy,0,No,0000000,Not Applicable,3,3:00am-3:59am,54,54,4,4:00am-4:59am,2,2,88,Not Applicable (Not Transported),88,Not Applicable (Not Transported),1
13,Georgia,130344,0,0,7,7,0,11,11,135,GWINNETT (135),5300,SUWANEE,1,January,12,12,4,Wednesday,2022,15,3:00pm-3:59pm,15,15,I-85,NA,1,Interstate,2,Urban,1,Interstate,1,State Highway Agency,1,This section IS ON the NHS,0,No Special Jurisdiction,141,141,34.02607222,34.02607222,-84.05309444,-84.05309444,12,Motor Vehicle In-Transport,1,Front-to-Rear,0,No,1,Non-Junction,1,Not an Intersection,1,On Roadway,0,None,1,Daylight,1,Clear,0,No,0000000,Not Applicable,15,3:00pm-3:59pm,15,15,15,3:00pm-3:59pm,56,56,88,Not Applicable (Not Transported),88,Not Applicable (Not Transported),1
13,Georgia,130345,1,1,1,1,0,1,1,87,DECATUR (87),370,BAINBRIDGE,3,March,3,3,5,Thursday,2022,17,5:00pm-5:59pm,29,29,CR-200 BLACKJACK RD,NA,4,County Road,2,Urban,7,Local,2,County Highway Agency,0,This section IS NOT on the NHS,0,No Special Jurisdiction,3,3,30.90523056,30.90523056,-84.52567778,-84.52567778,8,Pedestrian,0,The First Harmful Event was Not a Collision with a Motor Vehicle in Transport,0,No,1,Non-Junction,1,Not an Intersection,1,On Roadway,0,None,1,Daylight,1,Clear,0,No,0000000,Not Applicable,17,5:00pm-5:59pm,27,27,17,5:00pm-5:59pm,38,38,88,Not Applicable (Not Transported),88,Not Applicable (Not Transported),1
13,Georgia,130346,0,0,1,1,0,2,2,145,HARRIS (145),0,NOT APPLICABLE,3,March,4,4,6,Friday,2022,14,2:00pm-2:59pm,11,11,SR-219,NA,3,State Highway,1,Rural,5,Major Collector,1,State Highway Agency,0,This section IS NOT on the NHS,0,No Special Jurisdiction,200,200,32.86814722,32.86814722,-85.035125,-85.035125,34,Ditch,0,The First Harmful Event was Not a Collision with a Motor Vehicle in Transport,0,No,1,Non-Junction,1,Not an Intersection,4,On Roadside,0,None,1,Daylight,1,Clear,0,No,0000000,Not Applicable,14,2:00pm-2:59pm,14,14,14,2:00pm-2:59pm,27,27,15,3:00pm-3:59pm,7,7,1
13,Georgia,130347,0,0,2,2,0,2,2,215,MUSCOGEE (215),1280,COLUMBUS,3,March,12,12,7,Saturday,2022,1,1:00am-1:59am,11,11,SR-27 VICTORY DR,30TH AVE,3,State Highway,2,Urban,3,Principal Arterial - Other,1,State Highway Agency,1,This section IS ON the NHS,0,No Special Jurisdiction,53,53,32.43804167,32.43804167,-84.96090833,-84.96090833,12,Motor Vehicle In-Transport,6,Angle,0,No,2,Intersection,3,T-Intersection,1,On Roadway,0,None,3,Dark - Lighted,10,Cloudy,0,No,0000000,Not Applicable,1,1:00am-1:59am,12,12,1,1:00am-1:59am,31,31,1,1:00am-1:59am,45,45,1
13,Georgia,130348,0,0,1,1,0,1,1,67,COBB (67),3440,MARIETTA,3,March,12,12,7,Saturday,2022,6,6:00am-6:59am,10,10,I-75,NA,1,Interstate,2,Urban,1,Interstate,1,State Highway Agency,1,This section IS ON the NHS,0,No Special Jurisdiction,54,54,33.93856667,33.93856667,-84.49958056,-84.49958056,42,Tree (Standing Only),0,The First Harmful Event was Not a Collision with a Motor Vehicle in Transport,1,Yes,19,Other location within Interchange Area,1,Not an Intersection,4,On Roadside,0,None,3,Dark - Lighted,3,Sleet or Hail,0,No,0000000,Not Applicable,6,6:00am-6:59am,10,10,6,6:00am-6:59am,14,14,88,Not Applicable (Not Transported),88,Not Applicable (Not Transported),1
13,Georgia,130349,0,0,1,1,0,1,1,151,HENRY (151),5210,STOCKBRIDGE,3,March,22,22,3,Tuesday,2022,1,1:00am-1:59am,6,6,I-75 RAMP,NA,1,Interstate,2,Urban,1,Interstate,1,State Highway Agency,1,This section IS ON the NHS,0,No Special Jurisdiction,0,None,33.50476667,33.50476667,-84.23162778,-84.23162778,42,Tree (Standing Only),0,The First Harmful Event was Not a Collision with a Motor Vehicle in Transport,1,Yes,5,Entrance/Exit Ramp Related,1,Not an Intersection,8,Gore,0,None,3,Dark - Lighted,1,Clear,0,No,0000000,Not Applicable,1,1:00am-1:59am,7,7,1,1:00am-1:59am,11,11,88,Not Applicable (Not Transported),88,Not Applicable (Not Transported),1
13,Georgia,130350,1,1,1,1,0,1,1,151,HENRY (151),0,NOT APPLICABLE,3,March,18,18,6,Friday,2022,6,6:00am-6:59am,52,52,CAMPGROUND RD,NA,8,Other,2,Urban,4,Minor Arterial,2,County Highway Agency,0,This section IS NOT on the NHS,0,No Special Jurisdiction,9,9,33.49140833,33.49140833,-84.16021944,-84.16021944,8,Pedestrian,0,The First Harmful Event was Not a Collision with a Motor Vehicle in Transport,0,No,1,Non-Junction,1,Not an Intersection,2,On Shoulder,0,None,2,Dark - Not Lighted,10,Cloudy,0,No,0000000,Not Applicable,99,Unknown,98,Unknown if Notified,99,Unknown EMS Scene Arrival Hour,98,Unknown if Arrived,88,Not Applicable (Not Transported),88,Not Applicable (Not Transported),1
13,Georgia,130351,1,1,1,1,0,1,1,31,BULLOCH (31),0,NOT APPLICABLE,3,March,17,17,5,Thursday,2022,5,5:00am-5:59am,27,27,LANGSTON CHAPEL RD,NA,8,Other,2,Urban,4,Minor Arterial,2,County Highway Agency,0,This section IS NOT on the NHS,0,No Special Jurisdiction,12,12,32.395875,32.395875,-81.78564167,-81.78564167,9,Pedalcyclist,0,The First Harmful Event was Not a Collision with a Motor Vehicle in Transport,0,No,1,Non-Junction,1,Not an Intersection,1,On Roadway,0,None,2,Dark - Not Lighted,10,Cloudy,0,No,0000000,Not Applicable,5,5:00am-5:59am,30,30,5,5:00am-5:59am,42,42,88,Not Applicable (Not Transported),88,Not Applicable (Not Transported),1
13,Georgia,130352,0,0,1,1,0,1,1,67,COBB (67),9997,Other,3,March,16,16,4,Wednesday,2022,2,2:00am-2:59am,12,12,I-285,I-75 RAMP,1,Interstate,2,Urban,1,Interstate,1,State Highway Agency,1,This section IS ON the NHS,0,No Special Jurisdiction,0,None,33.88788333,33.88788333,-84.46346111,-84.46346111,42,Tree (Standing Only),0,The First Harmful Event was Not a Collision with a Motor Vehicle in Transport,1,Yes,5,Entrance/Exit Ramp Related,1,Not an Intersection,8,Gore,0,None,2,Dark - Not Lighted,2,Rain,0,No,0000000,Not Applicable,2,2:00am-2:59am,12,12,2,2:00am-2:59am,26,26,88,Not Applicable (Not Transported),88,Not Applicable (Not Transported),1
13,Georgia,130353,1,1,1,1,0,2,2,151,HENRY (151),5210,STOCKBRIDGE,3,March,15,15,3,Tuesday,2022,21,9:00pm-9:59pm,18,18,SR-42,HIGHLAND BLVD,3,State Highway,2,Urban,4,Minor Arterial,1,State Highway Agency,0,This section IS NOT on the NHS,0,No Special Jurisdiction,174,174,33.52466111,33.52466111,-84.19538333,-84.19538333,8,Pedestrian,0,The First Harmful Event was Not a Collision with a Motor Vehicle in Transport,0,No,2,Intersection,3,T-Intersection,1,On Roadway,0,None,2,Dark - Not Lighted,2,Rain,0,No,0000000,Not Applicable,99,Unknown,98,Unknown if Notified,99,Unknown EMS Scene Arrival Hour,98,Unknown if Arrived,88,Not Applicable (Not Transported),88,Not Applicable (Not Transported),1
13,Georgia,130354,0,0,1,1,0,1,1,5,BACON (5),110,ALMA,3,March,18,18,6,Friday,2022,14,2:00pm-2:59pm,0,0,US-23 N PIERCE ST,NA,2,US Highway,1,Rural,3,Principal Arterial - Other,1,State Highway Agency,1,This section IS ON the NHS,0,No Special Jurisdiction,97,97,31.55123333,31.55123333,-82.464325,-82.464325,42,Tree (Standing Only),0,The First Harmful Event was Not a Collision with a Motor Vehicle in Transport,0,No,1,Non-Junction,1,Not an Intersection,4,On Roadside,0,None,1,Daylight,10,Cloudy,0,No,0000000,Not Applicable,14,2:00pm-2:59pm,19,19,14,2:00pm-2:59pm,23,23,14,2:00pm-2:59pm,47,47,1
13,Georgia,130355,0,0,2,2,0,2,2,175,LAURENS (175),0,NOT APPLICABLE,3,March,18,18,6,Friday,2022,12,12:00pm-12:59pm,28,28,SR-46,NA,3,State Highway,1,Rural,5,Major Collector,1,State Highway Agency,0,This section IS NOT on the NHS,0,No Special Jurisdiction,34,34,32.23253889,32.23253889,-82.97216944,-82.97216944,12,Motor Vehicle In-Transport,2,Front-to-Front,0,No,1,Non-Junction,1,Not an Intersection,1,On Roadway,0,None,1,Daylight,1,Clear,0,No,0000000,Not Applicable,12,12:00pm-12:59pm,28,28,13,1:00pm-1:59pm,8,8,88,Not Applicable (Not Transported),88,Not Applicable (Not Transported),1
13,Georgia,130356,1,1,1,1,0,2,2,247,ROCKDALE (247),0,NOT APPLICABLE,3,March,17,17,5,Thursday,2022,21,9:00pm-9:59pm,26,26,IRIS DR SW,NA,6,Local Street - Municipality,2,Urban,7,Local,4,City or Municipal Highway Agency,0,This section IS NOT on the NHS,0,No Special Jurisdiction,3,3,33.68994167,33.68994167,-84.07008333,-84.07008333,8,Pedestrian,0,The First Harmful Event was Not a Collision with a Motor Vehicle in Transport,0,No,1,Non-Junction,1,Not an Intersection,1,On Roadway,0,None,2,Dark - Not Lighted,1,Clear,0,No,0000000,Not Applicable,99,Unknown,98,Unknown if Notified,99,Unknown EMS Scene Arrival Hour,98,Unknown if Arrived,88,Not Applicable (Not Transported),88,Not Applicable (Not Transported),1
13,Georgia,130357,0,0,2,2,0,2,2,77,COWETA (77),3950,NEWNAN,3,March,17,17,5,Thursday,2022,19,7:00pm-7:59pm,0,0,SR-14,NA,3,State Highway,2,Urban,3,Principal Arterial - Other,1,State Highway Agency,1,This section IS ON the NHS,0,No Special Jurisdiction,106,106,33.32626111,33.32626111,-84.77916389,-84.77916389,1,Rollover/Overturn,0,The First Harmful Event was Not a Collision with a Motor Vehicle in Transport,0,No,8,Driveway Access Related,1,Not an Intersection,1,On Roadway,0,None,1,Daylight,1,Clear,0,No,0000000,Not Applicable,19,7:00pm-7:59pm,1,1,19,7:00pm-7:59pm,5,5,19,7:00pm-7:59pm,21,21,1
13,Georgia,130358,0,0,1,1,0,1,1,213,MURRAY (213),1132,CISCO,3,March,16,16,4,Wednesday,2022,23,11:00pm-11:59pm,30,30,SR-2,NA,3,State Highway,1,Rural,5,Major Collector,1,State Highway Agency,0,This section IS NOT on the NHS,0,No Special Jurisdiction,66,66,34.95394722,34.95394722,-84.74440556,-84.74440556,1,Rollover/Overturn,0,The First Harmful Event was Not a Collision with a Motor Vehicle in Transport,0,No,1,Non-Junction,1,Not an Intersection,4,On Roadside,0,None,2,Dark - Not Lighted,10,Cloudy,0,No,0000000,Not Applicable,11,11:00am-11:59am,10,10,11,11:00am-11:59am,24,24,88,Not Applicable (Not Transported),88,Not Applicable (Not Transported),1