STATE,STATENAME,ST_CASE,PEDS,PERNOTMVIT,VE_TOTAL,VE_FORMS,PVH_INVL,PERSONS,PERMVIT,COUNTY,COUNTYNAME,CITY,CITYNAME,MONTH,MONTHNAME,DAY,DAYNAME,DAY_WEEK,DAY_WEEKNAME,YEAR,HOUR,HOURNAME,MINUTE,MINUTENAME,TWAY_ID,TWAY_ID2,ROUTE,ROUTENAME,RUR_URB,RUR_URBNAME,FUNC_SYS,FUNC_SYSNAME,RD_OWNER,RD_OWNERNAME,NHS,NHSNAME,SP_JUR,SP_JURNAME,MILEPT,MILEPTNAME,LATITUDE,LATITUDENAME,LONGITUD,LONGITUDNAME,HARM_EV,HARM_EVNAME,MAN_COLL,MAN_COLLNAME,RELJCT1,RELJCT1NAME,RELJCT2,RELJCT2NAME,TYP_INT,TYP_INTNAME,REL_ROAD,REL_ROADNAME,WRK_ZONE,WRK_ZONENAME,LGT_COND,LGT_CONDNAME,WEATHER,WEATHERNAME,SCH_BUS,SCH_BUSNAME,RAIL,RAILNAME,NOT_HOUR,NOT_HOURNAME,NOT_MIN,NOT_MINNAME,ARR_HOUR,ARR_HOURNAME,ARR_MIN,ARR_MINNAME,HOSP_HR,HOSP_HRNAME,HOSP_MN,HOSP_MNNAME,FATALS
13,Georgia,130359,0,0,2,2,0,5,5,87,DECATUR (87),2222,FOWLSTOWN,3,March,14,14,2,Monday,2022,20,8:00pm-8:59pm,44,44,SR-309,GREEN SHADE RD,3,State Highway,1,Rural,5,Major Collector,1,State Highway Agency,0,This section IS NOT on the NHS,0,No Special Jurisdiction,77,77,30.80037222,30.80037222,-84.55237222,-84.55237222,12,Motor Vehicle In-Transport,6,Angle,0,No,2,Intersection,2,Four-Way Intersection,1,On Roadway,0,None,2,Dark - Not Lighted,10,Cloudy,0,No,0000000,Not Applicable,20,8:00pm-8:59pm,40,40,20,8:00pm-8:59pm,51,51,21,9:00pm-9:59pm,1,1,1
13,Georgia,130360,1,1,1,1,0,1,1,51,CHATHAM (51),4475,PORT WENTWORTH,3,March,17,17,5,Thursday,2022,7,7:00am-7:59am,12,12,I-95,NA,1,Interstate,2,Urban,1,Interstate,1,State Highway Agency,1,This section IS ON the NHS,0,No Special Jurisdiction,4,4,32.18625833,32.18625833,-81.19920556,-81.19920556,8,Pedestrian,0,The First Harmful Event was Not a Collision with a Motor Vehicle in Transport,1,Yes,18,Through Roadway,1,Not an Intersection,1,On Roadway,0,None,4,Dawn,1,Clear,0,No,0000000,Not Applicable,7,7:00am-7:59am,12,12,7,7:00am-7:59am,19,19,8,8:00am-8:59am,1,1,1
13,Georgia,130361,0,0,1,1,0,1,1,159,JASPER (159),0,NOT APPLICABLE,3,March,17,17,5,Thursday,2022,99,Unknown Hours,99,Unknown Minutes,POST RD,NA,8,Other,1,Rural,5,Major Collector,2,County Highway Agency,0,This section IS NOT on the NHS,0,No Special Jurisdiction,21,21,33.34831389,33.34831389,-83.69009722,-83.69009722,32,Culvert,0,The First Harmful Event was Not a Collision with a Motor Vehicle in Transport,0,No,1,Non-Junction,1,Not an Intersection,4,On Roadside,0,None,2,Dark - Not Lighted,5,"Fog, Smog, Smoke",0,No,0000000,Not Applicable,7,7:00am-7:59am,28,28,7,7:00am-7:59am,32,32,88,Not Applicable (Not Transported),88,Not Applicable (Not Transported),1
13,Georgia,130362,1,1,1,1,0,1,1,127,GLYNN (127),9997,Other,3,March,16,16,4,Wednesday,2022,4,4:00am-4:59am,36,36,I-95,NA,1,Interstate,2,Urban,1,Interstate,1,State Highway Agency,1,This section IS ON the NHS,0,No Special Jurisdiction,91,91,31.23239722,31.23239722,-81.511775,-81.511775,8,Pedestrian,0,The First Harmful Event was Not a Collision with a Motor Vehicle in Transport,0,No,1,Non-Junction,1,Not an Intersection,1,On Roadway,0,None,2,Dark - Not Lighted,10,Cloudy,0,No,0000000,Not Applicable,99,Unknown,98,Unknown if Notified,99,Unknown EMS Scene Arrival Hour,98,Unknown if Arrived,88,Not Applicable (Not Transported),88,Not Applicable (Not Transported),1
13,Georgia,130363,0,0,2,2,0,3,3,13,BARROW (13),0,NOT APPLICABLE,3,March,14,14,2,Monday,2022,9,9:00am-9:59am,14,14,US-29 BUS  HOG MOUNTAIN RD,JACKSON TRAIL RD,2,US Highway,2,Urban,3,Principal Arterial - Other,1,State Highway Agency,1,This section IS ON the NHS,0,No Special Jurisdiction,90,90,33.95943333,33.95943333,-83.66390556,-83.66390556,12,Motor Vehicle In-Transport,6,Angle,0,No,2,Intersection,2,Four-Way Intersection,1,On Roadway,0,None,1,Daylight,1,Clear,0,No,0000000,Not Applicable,9,9:00am-9:59am,16,16,9,9:00am-9:59am,22,22,99,Unknown,99,Unknown EMS Hospital Arrival Time,1
13,Georgia,130364,1,1,4,4,0,7,7,121,FULTON (121),0,NOT APPLICABLE,3,March,13,13,1,Sunday,2022,20,8:00pm-8:59pm,46,46,SR-138 JONESBORO RD,NA,3,State Highway,2,Urban,3,Principal Arterial - Other,1,State Highway Agency,1,This section IS ON the NHS,0,No Special Jurisdiction,57,57,33.55621944,33.55621944,-84.50246111,-84.50246111,8,Pedestrian,0,The First Harmful Event was Not a Collision with a Motor Vehicle in Transport,0,No,1,Non-Junction,1,Not an Intersection,1,On Roadway,0,None,2,Dark - Not Lighted,1,Clear,0,No,0000000,Not Applicable,99,Unknown,99,Unknown,99,Unknown EMS Scene Arrival Hour,99,Unknown EMS Scene Arrival Minutes,88,Not Applicable (Not Transported),88,Not Applicable (Not Transported),1
13,Georgia,130365,0,0,1,1,0,3,3,63,CLAYTON (63),0,NOT APPLICABLE,3,March,13,13,1,Sunday,2022,20,8:00pm-8:59pm,25,25,GARDEN WALK BLVD,NA,8,Other,2,Urban,7,Local,2,County Highway Agency,0,This section IS NOT on the NHS,0,No Special Jurisdiction,11,11,33.59584444,33.59584444,-84.41710278,-84.41710278,42,Tree (Standing Only),0,The First Harmful Event was Not a Collision with a Motor Vehicle in Transport,0,No,1,Non-Junction,1,Not an Intersection,3,On Median,0,None,2,Dark - Not Lighted,1,Clear,0,No,0000000,Not Applicable,99,Unknown,99,Unknown,99,Unknown EMS Scene Arrival Hour,99,Unknown EMS Scene Arrival Minutes,99,Unknown,99,Unknown EMS Hospital Arrival Time,1
13,Georgia,130366,0,0,2,2,0,4,4,247,ROCKDALE (247),0,NOT APPLICABLE,3,March,8,8,3,Tuesday,2022,15,3:00pm-3:59pm,28,28,SR-138,NA,3,State Highway,2,Urban,3,Principal Arterial - Other,1,State Highway Agency,1,This section IS ON the NHS,0,No Special Jurisdiction,31,31,33.60171667,33.60171667,-84.09821111,-84.09821111,12,Motor Vehicle In-Transport,6,Angle,0,No,1,Non-Junction,1,Not an Intersection,1,On Roadway,0,None,1,Daylight,2,Rain,0,No,0000000,Not Applicable,15,3:00pm-3:59pm,48,48,16,4:00pm-4:59pm,0,0,16,4:00pm-4:59pm,47,47,1
13,Georgia,130367,0,0,2,2,0,2,2,89,DEKALB (89),5580,TUCKER,3,March,27,27,1,Sunday,2022,3,3:00am-3:59am,50,50,SR-8,NA,3,State Highway,2,Urban,3,Principal Arterial - Other,1,State Highway Agency,0,This section IS NOT on the NHS,0,No Special Jurisdiction,99998,Not Reported,33.83286944,33.83286944,-84.24436389,-84.24436389,12,Motor Vehicle In-Transport,2,Front-to-Front,0,No,1,Non-Junction,1,Not an Intersection,1,On Roadway,0,None,2,Dark - Not Lighted,1,Clear,0,No,0000000,Not Applicable,3,3:00am-3:59am,58,58,4,4:00am-4:59am,0,0,88,Not Applicable (Not Transported),88,Not Applicable (Not Transported),1
13,Georgia,130368,0,0,1,1,0,2,2,187,LUMPKIN (187),1480,DAHLONEGA,3,March,26,26,7,Saturday,2022,22,10:00pm-10:59pm,0,0,SR-9,NA,3,State Highway,1,Rural,3,Principal Arterial - Other,1,State Highway Agency,1,This section IS ON the NHS,0,No Special Jurisdiction,204,204,34.62870556,34.62870556,-83.936425,-83.936425,42,Tree (Standing Only),0,The First Harmful Event was Not a Collision with a Motor Vehicle in Transport,0,No,1,Non-Junction,1,Not an Intersection,4,On Roadside,0,None,2,Dark - Not Lighted,1,Clear,0,No,0000000,Not Applicable,22,10:00pm-10:59pm,8,8,22,10:00pm-10:59pm,20,20,88,Not Applicable (Not Transported),88,Not Applicable (Not Transported),1
13,Georgia,130369,0,0,2,2,0,2,2,71,COLQUITT (71),3800,MOULTRIE,3,March,26,26,7,Saturday,2022,16,4:00pm-4:59pm,18,18,SR-133,NA,3,State Highway,1,Rural,4,Minor Arterial,1,State Highway Agency,0,This section IS NOT on the NHS,0,No Special Jurisdiction,144,144,31.23084167,31.23084167,-83.80106389,-83.80106389,12,Motor Vehicle In-Transport,2,Front-to-Front,0,No,1,Non-Junction,1,Not an Intersection,1,On Roadway,0,None,1,Daylight,1,Clear,0,No,0000000,Not Applicable,16,4:00pm-4:59pm,20,20,16,4:00pm-4:59pm,25,25,88,Not Applicable (Not Transported),88,Not Applicable (Not Transported),1
13,Georgia,130370,0,0,1,1,0,1,1,295,WALKER (295),2210,FORT OGLETHORPE,3,March,26,26,7,Saturday,2022,14,2:00pm-2:59pm,48,48,SR-1,NA,3,State Highway,2,Urban,3,Principal Arterial - Other,1,State Highway Agency,1,This section IS ON the NHS,0,No Special Jurisdiction,256,256,34.93696944,34.93696944,-85.28176111,-85.28176111,34,Ditch,0,The First Harmful Event was Not a Collision with a Motor Vehicle in Transport,0,No,1,Non-Junction,1,Not an Intersection,4,On Roadside,0,None,1,Daylight,1,Clear,0,No,0000000,Not Applicable,14,2:00pm-2:59pm,36,36,14,2:00pm-2:59pm,50,50,15,3:00pm-3:59pm,23,23,1
13,Georgia,130371,0,0,2,2,0,2,2,245,RICHMOND (245),310,AUGUSTA,3,March,26,26,7,Saturday,2022,14,2:00pm-2:59pm,15,15,WHEELESS RD,MILLEDGEVILLE RD,6,Local Street - Municipality,2,Urban,4,Minor Arterial,4,City or Municipal Highway Agency,0,This section IS NOT on the NHS,0,No Special Jurisdiction,25,25,33.44817778,33.44817778,-82.04626389,-82.04626389,12,Motor Vehicle In-Transport,6,Angle,0,No,2,Intersection,2,Four-Way Intersection,1,On Roadway,0,None,1,Daylight,1,Clear,0,No,0000000,Not Applicable,14,2:00pm-2:59pm,17,17,14,2:00pm-2:59pm,30,30,14,2:00pm-2:59pm,36,36,1
13,Georgia,130372,0,0,2,2,0,3,3,139,HALL (139),2285,GAINESVILLE,3,March,26,26,7,Saturday,2022,9,9:00am-9:59am,21,21,SR-60 JESSE JEWELL PKWY,BRADFORD ST,3,State Highway,2,Urban,3,Principal Arterial - Other,1,State Highway Agency,1,This section IS ON the NHS,0,No Special Jurisdiction,84,84,34.29745833,34.29745833,-83.82515833,-83.82515833,12,Motor Vehicle In-Transport,6,Angle,0,No,2,Intersection,2,Four-Way Intersection,1,On Roadway,0,None,1,Daylight,1,Clear,0,No,0000000,Not Applicable,9,9:00am-9:59am,22,22,9,9:00am-9:59am,28,28,9,9:00am-9:59am,51,51,1
13,Georgia,130373,1,1,1,1,0,1,1,95,DOUGHERTY (95),90,ALBANY,3,March,25,25,6,Friday,2022,21,9:00pm-9:59pm,9,9,SR-520BU E OGLETHORPE BLVD,NA,3,State Highway,2,Urban,3,Principal Arterial - Other,1,State Highway Agency,1,This section IS ON the NHS,0,No Special Jurisdiction,49,49,31.57542778,31.57542778,-84.14193333,-84.14193333,8,Pedestrian,0,The First Harmful Event was Not a Collision with a Motor Vehicle in Transport,0,No,1,Non-Junction,1,Not an Intersection,1,On Roadway,0,None,2,Dark - Not Lighted,1,Clear,0,No,0000000,Not Applicable,99,Unknown,98,Unknown if Notified,99,Unknown EMS Scene Arrival Hour,98,Unknown if Arrived,88,Not Applicable (Not Transported),88,Not Applicable (Not Transported),1
13,Georgia,130374,0,0,3,3,0,5,5,185,LOWNDES (185),2540,HAHIRA,3,March,25,25,6,Friday,2022,18,6:00pm-6:59pm,28,28,I-75,NA,1,Interstate,2,Urban,1,Interstate,1,State Highway Agency,1,This section IS ON the NHS,0,No Special Jurisdiction,289,289,30.99646389,30.99646389,-83.38941111,-83.38941111,12,Motor Vehicle In-Transport,1,Front-to-Rear,1,Yes,18,Through Roadway,1,Not an Intersection,1,On Roadway,0,None,5,Dusk,1,Clear,0,No,0000000,Not Applicable,18,6:00pm-6:59pm,29,29,19,7:00pm-7:59pm,9,9,19,7:00pm-7:59pm,17,17,1
13,Georgia,130375,0,0,2,2,0,2,2,175,LAURENS (175),3740,MONTROSE,3,March,25,25,6,Friday,2022,11,11:00am-11:59am,25,25,I-16,NA,1,Interstate,1,Rural,1,Interstate,1,State Highway Agency,1,This section IS ON the NHS,0,No Special Jurisdiction,0,None,32.56821944,32.56821944,-83.21707778,-83.21707778,12,Motor Vehicle In-Transport,7,Sideswipe - Same Direction,0,No,1,Non-Junction,1,Not an Intersection,1,On Roadway,0,None,1,Daylight,1,Clear,0,No,0000000,Not Applicable,11,11:00am-11:59am,32,32,11,11:00am-11:59am,41,41,12,12:00pm-12:59pm,23,23,1
13,Georgia,130376,1,1,1,1,0,1,1,63,CLAYTON (63),1315,CONLEY,3,March,25,25,6,Friday,2022,0,0:00am-0:59am,58,58,SR-42 MORELAND AVE,NA,3,State Highway,2,Urban,4,Minor Arterial,1,State Highway Agency,0,This section IS NOT on the NHS,0,No Special Jurisdiction,66,66,33.64439722,33.64439722,-84.32554722,-84.32554722,8,Pedestrian,0,The First Harmful Event was Not a Collision with a Motor Vehicle in Transport,0,No,1,Non-Junction,1,Not an Intersection,1,On Roadway,0,None,2,Dark - Not Lighted,1,Clear,0,No,0000000,Not Applicable,99,Unknown,98,Unknown if Notified,99,Unknown EMS Scene Arrival Hour,98,Unknown if Arrived,88,Not Applicable (Not Transported),88,Not Applicable (Not Transported),1
13,Georgia,130377,1,1,1,1,0,1,1,313,WHITFIELD (313),1510,DALTON,3,March,24,24,5,Thursday,2022,3,3:00am-3:59am,21,21,WAGNER DR,NA,6,Local Street - Municipality,2,Urban,7,Local,4,City or Municipal Highway Agency,0,This section IS NOT on the NHS,0,No Special Jurisdiction,1,1,34.74675833,34.74675833,-84.92261111,-84.92261111,8,Pedestrian,0,The First Harmful Event was Not a Collision with a Motor Vehicle in Transport,0,No,1,Non-Junction,1,Not an Intersection,1,On Roadway,0,None,2,Dark - Not Lighted,1,Clear,0,No,0000000,Not Applicable,3,3:00am-3:59am,22,22,3,3:00am-3:59am,28,28,4,4:00am-4:59am,14,14,1
13,Georgia,130378,0,0,2,2,0,3,3,95,DOUGHERTY (95),90,ALBANY,3,March,23,23,4,Wednesday,2022,2,2:00am-2:59am,1,1,RADIUM SPRINGS RD,NA,6,Local Street - Municipality,2,Urban,4,Minor Arterial,4,City or Municipal Highway Agency,0,This section IS NOT on the NHS,0,No Special Jurisdiction,14,14,31.5729,31.5729,-84.14166944,-84.14166944,12,Motor Vehicle In-Transport,1,Front-to-Rear,0,No,8,Driveway Access Related,1,Not an Intersection,1,On Roadway,0,None,2,Dark - Not Lighted,1,Clear,0,No,0000000,Not Applicable,2,2:00am-2:59am,14,14,2,2:00am-2:59am,20,20,2,2:00am-2:59am,37,37,1
13,Georgia,130379,1,1,1,1,0,1,1,63,CLAYTON (63),4690,RIVERDALE,3,March,23,23,4,Wednesday,2022,0,0:00am-0:59am,26,26,LEE MILL RD,NA,6,Local Street - Municipality,2,Urban,7,Local,4,City or Municipal Highway Agency,0,This section IS NOT on the NHS,0,No Special Jurisdiction,7,7,33.59178889,33.59178889,-84.3863,-84.3863,8,Pedestrian,0,The First Harmful Event was Not a Collision with a Motor Vehicle in Transport,0,No,1,Non-Junction,1,Not an Intersection,1,On Roadway,0,None,3,Dark - Lighted,10,Cloudy,0,No,0000000,Not Applicable,99,Unknown,98,Unknown if Notified,99,Unknown EMS Scene Arrival Hour,98,Unknown if Arrived,88,Not Applicable (Not Transported),88,Not Applicable (Not Transported),1
13,Georgia,130380,1,1,1,1,0,1,1,51,CHATHAM (51),4910,SAVANNAH,3,March,22,22,3,Tuesday,2022,21,9:00pm-9:59pm,12,12,CR-077900,ELMHURST RD,4,County Road,2,Urban,4,Minor Arterial,2,County Highway Agency,0,This section IS NOT on the NHS,0,No Special Jurisdiction,2,2,31.98676389,31.98676389,-81.07470278,-81.07470278,8,Pedestrian,0,The First Harmful Event was Not a Collision with a Motor Vehicle in Transport,0,No,2,Intersection,2,Four-Way Intersection,1,On Roadway,0,None,2,Dark - Not Lighted,1,Clear,0,No,0000000,Not Applicable,21,9:00pm-9:59pm,13,13,21,9:00pm-9:59pm,24,24,21,9:00pm-9:59pm,32,32,1
13,Georgia,130381,0,0,2,2,0,3,3,279,TOOMBS (279),9997,Other,3,March,22,22,3,Tuesday,2022,20,8:00pm-8:59pm,39,39,CR-0336000,NA,4,County Road,1,Rural,5,Major Collector,2,County Highway Agency,0,This section IS NOT on the NHS,0,No Special Jurisdiction,6,6,31.98444444,31.98444444,-82.47017778,-82.47017778,12,Motor Vehicle In-Transport,1,Front-to-Rear,0,No,1,Non-Junction,1,Not an Intersection,1,On Roadway,0,None,2,Dark - Not Lighted,1,Clear,0,No,0000000,Not Applicable,20,8:00pm-8:59pm,41,41,20,8:00pm-8:59pm,55,55,21,9:00pm-9:59pm,45,45,1
13,Georgia,130382,0,0,2,2,0,4,4,57,CHEROKEE (57),9997,Other,3,March,22,22,3,Tuesday,2022,16,4:00pm-4:59pm,35,35,CR-07700,GREGORY LANE,4,County Road,2,Urban,4,Minor Arterial,2,County Highway Agency,0,This section IS NOT on the NHS,0,No Special Jurisdiction,4,4,34.08226389,34.08226389,-84.57491944,-84.57491944,12,Motor Vehicle In-Transport,6,Angle,0,No,2,Intersection,2,Four-Way Intersection,1,On Roadway,0,None,1,Daylight,1,Clear,0,No,0000000,Not Applicable,18,6:00pm-6:59pm,35,35,18,6:00pm-6:59pm,39,39,18,6:00pm-6:59pm,57,57,1
13,Georgia,130383,0,0,2,2,0,4,4,117,FORSYTH (117),9997,Other,3,March,22,22,3,Tuesday,2022,8,8:00am-8:59am,25,25,CR-074100/BANNISTER RD,NA,4,County Road,2,Urban,5,Major Collector,2,County Highway Agency,0,This section IS NOT on the NHS,0,No Special Jurisdiction,14,14,34.31678611,34.31678611,-84.14236667,-84.14236667,12,Motor Vehicle In-Transport,2,Front-to-Front,0,No,1,Non-Junction,1,Not an Intersection,1,On Roadway,0,None,1,Daylight,1,Clear,0,No,0000000,Not Applicable,9,9:00am-9:59am,5,5,9,9:00am-9:59am,9,9,10,10:00am-10:59am,9,9,2
13,Georgia,130384,0,0,2,2,0,2,2,215,MUSCOGEE (215),1280,COLUMBUS,3,March,21,21,2,Monday,2022,16,4:00pm-4:59pm,53,53,CR-156200,PITTMAN ST,4,County Road,2,Urban,4,Minor Arterial,2,County Highway Agency,0,This section IS NOT on the NHS,0,No Special Jurisdiction,0,None,32.525175,32.525175,-84.92173611,-84.92173611,12,Motor Vehicle In-Transport,6,Angle,0,No,2,Intersection,2,Four-Way Intersection,1,On Roadway,0,None,1,Daylight,1,Clear,0,No,0000000,Not Applicable,16,4:00pm-4:59pm,53,53,16,4:00pm-4:59pm,59,59,17,5:00pm-5:59pm,20,20,1
13,Georgia,130385,0,0,2,1,1,1,1,135,GWINNETT (135),5300,SUWANEE,3,March,21,21,2,Monday,2022,12,12:00pm-12:59pm,55,55,I-85,NA,1,Interstate,2,Urban,1,Interstate,1,State Highway Agency,1,This section IS ON the NHS,0,No Special Jurisdiction,142,142,34.0279,34.0279,-84.05061944,-84.05061944,14,Parked Motor Vehicle,0,The First Harmful Event was Not a Collision with a Motor Vehicle in Transport,0,No,1,Non-Junction,1,Not an Intersection,8,Gore,0,None,1,Daylight,1,Clear,0,No,0000000,Not Applicable,13,1:00pm-1:59pm,0,0,13,1:00pm-1:59pm,5,5,88,Not Applicable (Not Transported),88,Not Applicable (Not Transported),1
13,Georgia,130386,0,0,1,1,0,1,1,63,CLAYTON (63),4690,RIVERDALE,3,March,21,21,2,Monday,2022,1,1:00am-1:59am,55,55,SR-314 W FAYETTEVILLE RD,NA,3,State Highway,2,Urban,4,Minor Arterial,1,State Highway Agency,0,This section IS NOT on the NHS,0,No Special Jurisdiction,17,17,33.57475278,33.57475278,-84.44869444,-84.44869444,30,Utility Pole/Light Support,0,The First Harmful Event was Not a Collision with a Motor Vehicle in Transport,0,No,1,Non-Junction,1,Not an Intersection,4,On Roadside,0,None,2,Dark - Not Lighted,1,Clear,0,No,0000000,Not Applicable,2,2:00am-2:59am,1,1,2,2:00am-2:59am,9,9,88,Not Applicable (Not Transported),88,Not Applicable (Not Transported),1
13,Georgia,130388,2,2,1,1,0,1,1,117,FORSYTH (117),9997,Other,3,March,18,18,6,Friday,2022,7,7:00am-7:59am,0,0,SR-141 PEACHTREE PKWY,NA,3,State Highway,2,Urban,3,Principal Arterial - Other,1,State Highway Agency,1,This section IS ON the NHS,0,No Special Jurisdiction,6,6,34.07663056,34.07663056,-84.1634,-84.1634,8,Pedestrian,0,The First Harmful Event was Not a Collision with a Motor Vehicle in Transport,0,No,1,Non-Junction,1,Not an Intersection,1,On Roadway,0,None,2,Dark - Not Lighted,10,Cloudy,0,No,0000000,Not Applicable,7,7:00am-7:59am,3,3,7,7:00am-7:59am,8,8,7,7:00am-7:59am,26,26,1
13,Georgia,130389,0,0,2,2,0,2,2,157,JACKSON (157),2920,JEFFERSON,3,March,10,10,5,Thursday,2022,23,11:00pm-11:59pm,30,30,SR-11 CONNECTOR,NA,3,State Highway,2,Urban,3,Principal Arterial - Other,1,State Highway Agency,1,This section IS ON the NHS,0,No Special Jurisdiction,20,20,34.08981389,34.08981389,-83.58263889,-83.58263889,12,Motor Vehicle In-Transport,2,Front-to-Front,0,No,1,Non-Junction,1,Not an Intersection,1,On Roadway,0,None,2,Dark - Not Lighted,1,Clear,0,No,0000000,Not Applicable,23,11:00pm-11:59pm,33,33,23,11:00pm-11:59pm,40,40,0,0:00am-0:59am,18,18,1
13,Georgia,130390,0,0,1,1,0,4,4,297,WALTON (297),5770,WALNUT GROVE,3,March,10,10,5,Thursday,2022,13,1:00pm-1:59pm,57,57,SR-81,ROBERTSON ROAD,3,State Highway,2,Urban,4,Minor Arterial,1,State Highway Agency,0,This section IS NOT on the NHS,0,No Special Jurisdiction,44,44,33.76885,33.76885,-83.85168056,-83.85168056,42,Tree (Standing Only),0,The First Harmful Event was Not a Collision with a Motor Vehicle in Transport,0,No,3,Intersection-Related,3,T-Intersection,4,On Roadside,0,None,1,Daylight,1,Clear,0,No,0000000,Not Applicable,99,Unknown,99,Unknown,99,Unknown EMS Scene Arrival Hour,99,Unknown EMS Scene Arrival Minutes,99,Unknown,99,Unknown EMS Hospital Arrival Time,1
13,Georgia,130391,0,0,2,2,0,2,2,89,DEKALB (89),280,ATLANTA,3,March,28,28,2,Monday,2022,7,7:00am-7:59am,0,0,US-23 MORELAND AVE,S RIVER IND BLVD,2,US Highway,2,Urban,3,Principal Arterial - Other,1,State Highway Agency,1,This section IS ON the NHS,0,No Special Jurisdiction,26,26,33.68296667,33.68296667,-84.347475,-84.347475,12,Motor Vehicle In-Transport,6,Angle,0,No,2,Intersection,2,Four-Way Intersection,1,On Roadway,0,None,1,Daylight,1,Clear,0,No,0000000,Not Applicable,99,Unknown,98,Unknown if Notified,99,Unknown EMS Scene Arrival Hour,98,Unknown if Arrived,88,Not Applicable (Not Transported),88,Not Applicable (Not Transported),1
13,Georgia,130392,0,0,2,2,0,3,3,31,BULLOCH (31),9997,Other,3,March,26,26,7,Saturday,2022,17,5:00pm-5:59pm,2,2,I-16,NA,1,Interstate,1,Rural,1,Interstate,1,State Highway Agency,1,This section IS ON the NHS,0,No Special Jurisdiction,3,3,32.22940556,32.22940556,-81.61728611,-81.61728611,12,Motor Vehicle In-Transport,1,Front-to-Rear,1,Yes,18,Through Roadway,1,Not an Intersection,1,On Roadway,0,None,1,Daylight,1,Clear,0,No,0000000,Not Applicable,99,Unknown,99,Unknown,99,Unknown EMS Scene Arrival Hour,99,Unknown EMS Scene Arrival Minutes,99,Unknown,99,Unknown EMS Hospital Arrival Time,1
13,Georgia,130393,0,0,2,2,0,7,7,75,COOK (75),1000,CECIL,3,March,26,26,7,Saturday,2022,13,1:00pm-1:59pm,51,51,I-75 NB,NA,1,Interstate,1,Rural,1,Interstate,1,State Highway Agency,1,This section IS ON the NHS,0,No Special Jurisdiction,99999,Unknown,31.039,31.039,-83.3978,-83.3978,12,Motor Vehicle In-Transport,1,Front-to-Rear,0,No,1,Non-Junction,1,Not an Intersection,1,On Roadway,0,None,1,Daylight,1,Clear,0,No,0000000,Not Applicable,13,1:00pm-1:59pm,54,54,14,2:00pm-2:59pm,4,4,14,2:00pm-2:59pm,22,22,1
13,Georgia,130394,0,0,2,2,0,2,2,67,COBB (67),20,ACWORTH,3,March,23,23,4,Wednesday,2022,2,2:00am-2:59am,50,50,SR-92 DALLAS ACWORTH HWY,NA,3,State Highway,2,Urban,3,Principal Arterial - Other,1,State Highway Agency,1,This section IS ON the NHS,0,No Special Jurisdiction,82,82,34.05548056,34.05548056,-84.72303056,-84.72303056,12,Motor Vehicle In-Transport,2,Front-to-Front,0,No,1,Non-Junction,1,Not an Intersection,1,On Roadway,0,None,2,Dark - Not Lighted,2,Rain,0,No,0000000,Not Applicable,2,2:00am-2:59am,50,50,2,2:00am-2:59am,57,57,3,3:00am-3:59am,47,47,1
13,Georgia,130395,0,0,1,1,0,1,1,53,CHATTAHOOCHEE (53),1450,CUSSETA,3,March,27,27,1,Sunday,2022,11,11:00am-11:59am,18,18,SR-520,NA,3,State Highway,1,Rural,3,Principal Arterial - Other,1,State Highway Agency,1,This section IS ON the NHS,0,No Special Jurisdiction,127,127,32.27017778,32.27017778,-84.74488611,-84.74488611,1,Rollover/Overturn,0,The First Harmful Event was Not a Collision with a Motor Vehicle in Transport,0,No,1,Non-Junction,1,Not an Intersection,3,On Median,0,None,1,Daylight,1,Clear,0,No,0000000,Not Applicable,11,11:00am-11:59am,14,14,11,11:00am-11:59am,23,23,11,11:00am-11:59am,50,50,1
13,Georgia,130396,1,1,1,1,0,1,1,153,HOUSTON (153),5790,WARNER ROBINS,3,March,27,27,1,Sunday,2022,20,8:00pm-8:59pm,35,35,SR-247C/ WATSON BLVD,NA,3,State Highway,2,Urban,3,Principal Arterial - Other,1,State Highway Agency,1,This section IS ON the NHS,0,No Special Jurisdiction,46,46,32.61826944,32.61826944,-83.64053056,-83.64053056,8,Pedestrian,0,The First Harmful Event was Not a Collision with a Motor Vehicle in Transport,0,No,1,Non-Junction,1,Not an Intersection,1,On Roadway,0,None,3,Dark - Lighted,1,Clear,0,No,0000000,Not Applicable,20,8:00pm-8:59pm,36,36,20,8:00pm-8:59pm,42,42,20,8:00pm-8:59pm,58,58,1
13,Georgia,130397,0,0,2,2,0,2,2,19,BERRIEN (19),3890,NASHVILLE,3,March,27,27,1,Sunday,2022,18,6:00pm-6:59pm,33,33,GARNER ROAD,NA,6,Local Street - Municipality,1,Rural,6,Minor Collector,4,City or Municipal Highway Agency,0,This section IS NOT on the NHS,0,No Special Jurisdiction,17,17,31.10476667,31.10476667,-83.23416944,-83.23416944,12,Motor Vehicle In-Transport,6,Angle,0,No,8,Driveway Access Related,1,Not an Intersection,1,On Roadway,0,None,1,Daylight,1,Clear,0,No,0000000,Not Applicable,18,6:00pm-6:59pm,33,33,18,6:00pm-6:59pm,46,46,19,7:00pm-7:59pm,12,12,1
13,Georgia,130398,0,0,2,2,0,2,2,223,PAULDING (223),9997,Other,3,March,27,27,1,Sunday,2022,14,2:00pm-2:59pm,7,7,CR-028300,NA,4,County Road,2,Urban,4,Minor Arterial,2,County Highway Agency,0,This section IS NOT on the NHS,0,No Special Jurisdiction,37,37,33.81231389,33.81231389,-84.73508889,-84.73508889,12,Motor Vehicle In-Transport,2,Front-to-Front,0,No,1,Non-Junction,1,Not an Intersection,1,On Roadway,0,None,1,Daylight,1,Clear,0,No,0000000,Not Applicable,14,2:00pm-2:59pm,12,12,14,2:00pm-2:59pm,25,25,14,2:00pm-2:59pm,56,56,1