STATE,STATENAME,ST_CASE,PEDS,PERNOTMVIT,VE_TOTAL,VE_FORMS,PVH_INVL,PERSONS,PERMVIT,COUNTY,COUNTYNAME,CITY,CITYNAME,MONTH,MONTHNAME,DAY,DAYNAME,DAY_WEEK,DAY_WEEKNAME,YEAR,HOUR,HOURNAME,MINUTE,MINUTENAME,TWAY_ID,TWAY_ID2,ROUTE,ROUTENAME,RUR_URB,RUR_URBNAME,FUNC_SYS,FUNC_SYSNAME,RD_OWNER,RD_OWNERNAME,NHS,NHSNAME,SP_JUR,SP_JURNAME,MILEPT,MILEPTNAME,LATITUDE,LATITUDENAME,LONGITUD,LONGITUDNAME,HARM_EV,HARM_EVNAME,MAN_COLL,MAN_COLLNAME,RELJCT1,RELJCT1NAME,RELJCT2,RELJCT2NAME,TYP_INT,TYP_INTNAME,REL_ROAD,REL_ROADNAME,WRK_ZONE,WRK_ZONENAME,LGT_COND,LGT_CONDNAME,WEATHER,WEATHERNAME,SCH_BUS,SCH_BUSNAME,RAIL,RAILNAME,NOT_HOUR,NOT_HOURNAME,NOT_MIN,NOT_MINNAME,ARR_HOUR,ARR_HOURNAME,ARR_MIN,ARR_MINNAME,HOSP_HR,HOSP_HRNAME,HOSP_MN,HOSP_MNNAME,FATALS
13,Georgia,130516,0,0,1,1,0,1,1,89,DEKALB (89),0,NOT APPLICABLE,4,April,14,14,5,Thursday,2022,4,4:00am-4:59am,35,35,CR-SOUTHLAND PASS,CR-913600,4,County Road,2,Urban,7,Local,2,County Highway Agency,0,This section IS NOT on the NHS,0,No Special Jurisdiction,2,2,33.76913889,33.76913889,-84.12824167,-84.12824167,19,Building,0,The First Harmful Event was Not a Collision with a Motor Vehicle in Transport,0,No,3,Intersection-Related,3,T-Intersection,5,Outside Trafficway,0,None,3,Dark - Lighted,1,Clear,0,No,0000000,Not Applicable,4,4:00am-4:59am,42,42,4,4:00am-4:59am,47,47,5,5:00am-5:59am,17,17,1
13,Georgia,130517,0,0,2,2,0,2,2,313,WHITFIELD (313),0,NOT APPLICABLE,4,April,30,30,7,Saturday,2022,15,3:00pm-3:59pm,20,20,SR-3,BROOKER DR,3,State Highway,2,Urban,3,Principal Arterial - Other,1,State Highway Agency,1,This section IS ON the NHS,0,No Special Jurisdiction,155,155,34.78813333,34.78813333,-84.92423889,-84.92423889,12,Motor Vehicle In-Transport,6,Angle,0,No,2,Intersection,2,Four-Way Intersection,1,On Roadway,0,None,1,Daylight,10,Cloudy,0,No,0000000,Not Applicable,15,3:00pm-3:59pm,27,27,15,3:00pm-3:59pm,55,55,16,4:00pm-4:59pm,23,23,1
13,Georgia,130518,0,0,1,1,0,1,1,139,HALL (139),2350,GILLSVILLE,5,May,3,3,3,Tuesday,2022,6,6:00am-6:59am,47,47,SR-52,NA,3,State Highway,1,Rural,4,Minor Arterial,1,State Highway Agency,0,This section IS NOT on the NHS,0,No Special Jurisdiction,229,229,34.31306944,34.31306944,-83.66310556,-83.66310556,42,Tree (Standing Only),0,The First Harmful Event was Not a Collision with a Motor Vehicle in Transport,0,No,1,Non-Junction,1,Not an Intersection,4,On Roadside,0,None,1,Daylight,10,Cloudy,0,No,0000000,Not Applicable,6,6:00am-6:59am,57,57,7,7:00am-7:59am,1,1,88,Not Applicable (Not Transported),88,Not Applicable (Not Transported),1
13,Georgia,130519,0,0,2,2,0,2,2,111,FANNIN (111),560,BLUE RIDGE,5,May,4,4,4,Wednesday,2022,6,6:00am-6:59am,18,18,SR-5,NA,3,State Highway,1,Rural,3,Principal Arterial - Other,1,State Highway Agency,1,This section IS ON the NHS,0,No Special Jurisdiction,80,80,34.90434167,34.90434167,-84.37428889,-84.37428889,12,Motor Vehicle In-Transport,1,Front-to-Rear,0,No,1,Non-Junction,1,Not an Intersection,1,On Roadway,0,None,2,Dark - Not Lighted,10,Cloudy,0,No,0000000,Not Applicable,6,6:00am-6:59am,19,19,6,6:00am-6:59am,27,27,6,6:00am-6:59am,41,41,1
13,Georgia,130521,0,0,1,1,0,1,1,57,CHEROKEE (57),6040,WOODSTOCK,5,May,5,5,5,Thursday,2022,1,1:00am-1:59am,46,46,CR-777,NA,4,County Road,2,Urban,4,Minor Arterial,2,County Highway Agency,0,This section IS NOT on the NHS,0,No Special Jurisdiction,67,67,34.12575,34.12575,-84.41040833,-84.41040833,43,Other Fixed Object,0,The First Harmful Event was Not a Collision with a Motor Vehicle in Transport,0,No,1,Non-Junction,1,Not an Intersection,4,On Roadside,0,None,2,Dark - Not Lighted,1,Clear,0,No,0000000,Not Applicable,7,7:00am-7:59am,14,14,7,7:00am-7:59am,19,19,88,Not Applicable (Not Transported),88,Not Applicable (Not Transported),1
13,Georgia,130522,0,0,2,2,0,2,2,81,CRISP (81),1340,CORDELE,5,May,5,5,5,Thursday,2022,13,1:00pm-1:59pm,30,30,SR-300,NA,3,State Highway,1,Rural,3,Principal Arterial - Other,1,State Highway Agency,1,This section IS ON the NHS,0,No Special Jurisdiction,2,2,31.84971389,31.84971389,-83.91570556,-83.91570556,12,Motor Vehicle In-Transport,6,Angle,0,No,1,Non-Junction,1,Not an Intersection,1,On Roadway,0,None,1,Daylight,1,Clear,0,No,0000000,Not Applicable,13,1:00pm-1:59pm,41,41,13,1:00pm-1:59pm,50,50,88,Not Applicable (Not Transported),88,Not Applicable (Not Transported),1
13,Georgia,130523,0,0,2,2,0,2,2,205,MITCHELL (205),0,NOT APPLICABLE,4,April,14,14,5,Thursday,2022,6,6:00am-6:59am,27,27,SR-93,SR-112,3,State Highway,1,Rural,5,Major Collector,1,State Highway Agency,0,This section IS NOT on the NHS,0,No Special Jurisdiction,51,51,31.37302778,31.37302778,-84.03960833,-84.03960833,12,Motor Vehicle In-Transport,6,Angle,0,No,2,Intersection,2,Four-Way Intersection,1,On Roadway,0,None,3,Dark - Lighted,1,Clear,0,No,0000000,Not Applicable,6,6:00am-6:59am,28,28,6,6:00am-6:59am,49,49,7,7:00am-7:59am,35,35,1
13,Georgia,130524,0,0,1,1,0,1,1,191,MCINTOSH (191),5555,TOWNSEND,5,May,6,6,6,Friday,2022,6,6:00am-6:59am,16,16,SR-57,NA,3,State Highway,1,Rural,4,Minor Arterial,1,State Highway Agency,0,This section IS NOT on the NHS,0,No Special Jurisdiction,0,None,31.57636667,31.57636667,-81.56590278,-81.56590278,42,Tree (Standing Only),0,The First Harmful Event was Not a Collision with a Motor Vehicle in Transport,0,No,1,Non-Junction,1,Not an Intersection,4,On Roadside,0,None,2,Dark - Not Lighted,1,Clear,0,No,0000000,Not Applicable,6,6:00am-6:59am,24,24,6,6:00am-6:59am,34,34,88,Not Applicable (Not Transported),88,Not Applicable (Not Transported),1
13,Georgia,130525,0,0,1,1,0,2,2,25,BRANTLEY (25),5862,WAYNESVILLE,5,May,6,6,6,Friday,2022,22,10:00pm-10:59pm,20,20,CR-318,COUPER RD,4,County Road,1,Rural,7,Local,2,County Highway Agency,0,This section IS NOT on the NHS,0,No Special Jurisdiction,6,6,31.22232778,31.22232778,-81.78790556,-81.78790556,1,Rollover/Overturn,0,The First Harmful Event was Not a Collision with a Motor Vehicle in Transport,0,No,2,Intersection,3,T-Intersection,1,On Roadway,0,None,2,Dark - Not Lighted,1,Clear,0,No,0000000,Not Applicable,22,10:00pm-10:59pm,22,22,22,10:00pm-10:59pm,29,29,88,Not Applicable (Not Transported),88,Not Applicable (Not Transported),1
13,Georgia,130526,0,0,1,1,0,2,2,15,BARTOW (15),0,NOT APPLICABLE,4,April,14,14,5,Thursday,2022,10,10:00am-10:59am,10,10,CR-018700 TOWE CHAPEL RD NW,NA,4,County Road,1,Rural,7,Local,2,County Highway Agency,0,This section IS NOT on the NHS,0,No Special Jurisdiction,11,11,34.36769722,34.36769722,-84.83567778,-84.83567778,16,Thrown or Falling Object,0,The First Harmful Event was Not a Collision with a Motor Vehicle in Transport,0,No,1,Non-Junction,1,Not an Intersection,1,On Roadway,0,None,1,Daylight,10,Cloudy,0,No,0000000,Not Applicable,10,10:00am-10:59am,24,24,11,11:00am-11:59am,0,0,88,Not Applicable (Not Transported),88,Not Applicable (Not Transported),1
13,Georgia,130527,0,0,1,1,0,1,1,255,SPALDING (255),2510,GRIFFIN,5,May,7,7,7,Saturday,2022,2,2:00am-2:59am,25,25,CR-507 ROVER-ZETELLA RD,NA,4,County Road,2,Urban,5,Major Collector,2,County Highway Agency,0,This section IS NOT on the NHS,0,No Special Jurisdiction,20,20,33.21540278,33.21540278,-84.36590833,-84.36590833,1,Rollover/Overturn,0,The First Harmful Event was Not a Collision with a Motor Vehicle in Transport,0,No,1,Non-Junction,1,Not an Intersection,1,On Roadway,0,None,2,Dark - Not Lighted,1,Clear,0,No,0000000,Not Applicable,2,2:00am-2:59am,28,28,2,2:00am-2:59am,37,37,88,Not Applicable (Not Transported),88,Not Applicable (Not Transported),1
13,Georgia,130528,0,0,1,1,0,2,2,139,HALL (139),0,NOT APPLICABLE,4,April,14,14,5,Thursday,2022,20,8:00pm-8:59pm,30,30,CR-094400,NA,4,County Road,1,Rural,5,Major Collector,2,County Highway Agency,0,This section IS NOT on the NHS,0,No Special Jurisdiction,0,None,34.43994444,34.43994444,-83.71813056,-83.71813056,1,Rollover/Overturn,0,The First Harmful Event was Not a Collision with a Motor Vehicle in Transport,0,No,1,Non-Junction,1,Not an Intersection,4,On Roadside,0,None,2,Dark - Not Lighted,1,Clear,0,No,0000000,Not Applicable,20,8:00pm-8:59pm,30,30,20,8:00pm-8:59pm,37,37,21,9:00pm-9:59pm,25,25,1
13,Georgia,130529,0,0,2,2,0,4,4,213,MURRAY (213),1080,CHATSWORTH,5,May,7,7,7,Saturday,2022,17,5:00pm-5:59pm,49,49,SR-136,OLD HWY 411,3,State Highway,1,Rural,5,Major Collector,1,State Highway Agency,0,This section IS NOT on the NHS,0,No Special Jurisdiction,1,1,34.59074167,34.59074167,-84.69874722,-84.69874722,12,Motor Vehicle In-Transport,11,Other,0,No,2,Intersection,2,Four-Way Intersection,1,On Roadway,0,None,1,Daylight,10,Cloudy,0,No,0000000,Not Applicable,17,5:00pm-5:59pm,51,51,18,6:00pm-6:59pm,8,8,18,6:00pm-6:59pm,40,40,1
13,Georgia,130530,0,0,1,1,0,1,1,77,COWETA (77),0,NOT APPLICABLE,4,April,15,15,6,Friday,2022,7,7:00am-7:59am,35,35,CR-028500 MT CARMEL RD,NA,4,County Road,1,Rural,7,Local,2,County Highway Agency,0,This section IS NOT on the NHS,0,No Special Jurisdiction,19,19,33.40843056,33.40843056,-84.91135,-84.91135,32,Culvert,0,The First Harmful Event was Not a Collision with a Motor Vehicle in Transport,0,No,1,Non-Junction,1,Not an Intersection,4,On Roadside,0,None,1,Daylight,1,Clear,0,No,0000000,Not Applicable,7,7:00am-7:59am,36,36,7,7:00am-7:59am,40,40,8,8:00am-8:59am,50,50,1
13,Georgia,130531,0,0,1,1,0,1,1,301,WARREN (301),0,NOT APPLICABLE,4,April,15,15,6,Friday,2022,8,8:00am-8:59am,31,31,SR-12,NA,3,State Highway,1,Rural,4,Minor Arterial,1,State Highway Agency,0,This section IS NOT on the NHS,0,No Special Jurisdiction,21,21,33.49340278,33.49340278,-82.80021111,-82.80021111,32,Culvert,0,The First Harmful Event was Not a Collision with a Motor Vehicle in Transport,0,No,1,Non-Junction,1,Not an Intersection,4,On Roadside,0,None,1,Daylight,1,Clear,0,No,0000000,Not Applicable,8,8:00am-8:59am,33,33,8,8:00am-8:59am,44,44,88,Not Applicable (Not Transported),88,Not Applicable (Not Transported),1
13,Georgia,130532,0,0,1,1,0,1,1,23,BLECKLEY (23),0,NOT APPLICABLE,4,April,15,15,6,Friday,2022,10,10:00am-10:59am,9,9,CR-022500,NA,4,County Road,1,Rural,5,Major Collector,2,County Highway Agency,0,This section IS NOT on the NHS,0,No Special Jurisdiction,48,48,32.51025556,32.51025556,-83.30410833,-83.30410833,53,Mail Box,0,The First Harmful Event was Not a Collision with a Motor Vehicle in Transport,0,No,1,Non-Junction,1,Not an Intersection,4,On Roadside,0,None,1,Daylight,1,Clear,0,No,0000000,Not Applicable,10,10:00am-10:59am,5,5,10,10:00am-10:59am,17,17,88,Not Applicable (Not Transported),88,Not Applicable (Not Transported),1
13,Georgia,130533,0,0,2,2,0,2,2,121,FULTON (121),280,ATLANTA,4,April,15,15,6,Friday,2022,10,10:00am-10:59am,15,15,CS-346303,E MORNINGSIDE DR NE,6,Local Street - Municipality,2,Urban,4,Minor Arterial,4,City or Municipal Highway Agency,0,This section IS NOT on the NHS,0,No Special Jurisdiction,20,20,33.79914444,33.79914444,-84.36798889,-84.36798889,12,Motor Vehicle In-Transport,6,Angle,0,No,2,Intersection,3,T-Intersection,1,On Roadway,0,None,1,Daylight,1,Clear,0,No,0000000,Not Applicable,10,10:00am-10:59am,15,15,10,10:00am-10:59am,25,25,10,10:00am-10:59am,45,45,1
13,Georgia,130534,0,0,2,2,0,3,3,121,FULTON (121),280,ATLANTA,4,April,15,15,6,Friday,2022,19,7:00pm-7:59pm,44,44,I-75,NA,1,Interstate,2,Urban,1,Interstate,1,State Highway Agency,1,This section IS ON the NHS,0,No Special Jurisdiction,131,131,33.81256389,33.81256389,-84.42005556,-84.42005556,12,Motor Vehicle In-Transport,1,Front-to-Rear,0,No,1,Non-Junction,1,Not an Intersection,1,On Roadway,0,None,5,Dusk,1,Clear,0,No,0000000,Not Applicable,19,7:00pm-7:59pm,48,48,19,7:00pm-7:59pm,52,52,88,Not Applicable (Not Transported),88,Not Applicable (Not Transported),2
13,Georgia,130535,0,0,1,1,0,1,1,139,HALL (139),0,NOT APPLICABLE,4,April,15,15,6,Friday,2022,20,8:00pm-8:59pm,34,34,I-985 RAMP,NA,1,Interstate,2,Urban,1,Interstate,1,State Highway Agency,1,This section IS ON the NHS,0,No Special Jurisdiction,4,4,34.22920278,34.22920278,-83.85878611,-83.85878611,33,Curb,0,The First Harmful Event was Not a Collision with a Motor Vehicle in Transport,1,Yes,5,Entrance/Exit Ramp Related,1,Not an Intersection,4,On Roadside,0,None,2,Dark - Not Lighted,1,Clear,0,No,0000000,Not Applicable,20,8:00pm-8:59pm,37,37,20,8:00pm-8:59pm,42,42,21,9:00pm-9:59pm,2,2,1
13,Georgia,130536,0,0,3,3,0,4,4,89,DEKALB (89),9997,Other,4,April,16,16,7,Saturday,2022,3,3:00am-3:59am,8,8,SR-120,NA,3,State Highway,2,Urban,4,Minor Arterial,1,State Highway Agency,0,This section IS NOT on the NHS,0,No Special Jurisdiction,76,76,33.71869167,33.71869167,-84.15136667,-84.15136667,12,Motor Vehicle In-Transport,1,Front-to-Rear,0,No,1,Non-Junction,1,Not an Intersection,1,On Roadway,0,None,3,Dark - Lighted,10,Cloudy,0,No,0000000,Not Applicable,3,3:00am-3:59am,10,10,3,3:00am-3:59am,13,13,4,4:00am-4:59am,5,5,1
13,Georgia,130537,0,0,2,2,0,3,3,97,DOUGLAS (97),1770,DOUGLASVILLE,4,April,17,17,1,Sunday,2022,2,2:00am-2:59am,38,38,SR-8,NA,3,State Highway,2,Urban,4,Minor Arterial,1,State Highway Agency,0,This section IS NOT on the NHS,0,No Special Jurisdiction,84,84,33.74349167,33.74349167,-84.77315,-84.77315,12,Motor Vehicle In-Transport,2,Front-to-Front,0,No,8,Driveway Access Related,1,Not an Intersection,1,On Roadway,0,None,3,Dark - Lighted,1,Clear,0,No,0000000,Not Applicable,2,2:00am-2:59am,38,38,2,2:00am-2:59am,46,46,88,Not Applicable (Not Transported),88,Not Applicable (Not Transported),1
13,Georgia,130538,0,0,2,2,0,2,2,89,DEKALB (89),1610,DECATUR,4,April,17,17,1,Sunday,2022,3,3:00am-3:59am,45,45,I-20,NA,1,Interstate,2,Urban,1,Interstate,1,State Highway Agency,1,This section IS ON the NHS,0,No Special Jurisdiction,86,86,33.71228611,33.71228611,-84.22303333,-84.22303333,12,Motor Vehicle In-Transport,1,Front-to-Rear,1,Yes,18,Through Roadway,1,Not an Intersection,1,On Roadway,0,None,3,Dark - Lighted,5,"Fog, Smog, Smoke",0,No,0000000,Not Applicable,3,3:00am-3:59am,45,45,4,4:00am-4:59am,10,10,4,4:00am-4:59am,30,30,1
13,Georgia,130539,1,1,1,1,0,4,4,215,MUSCOGEE (215),1280,COLUMBUS,4,April,3,3,1,Sunday,2022,2,2:00am-2:59am,18,18,SR-000100,ALEXANDER ST,3,State Highway,2,Urban,3,Principal Arterial - Other,1,State Highway Agency,1,This section IS ON the NHS,0,No Special Jurisdiction,119,119,32.51641389,32.51641389,-84.96845556,-84.96845556,8,Pedestrian,0,The First Harmful Event was Not a Collision with a Motor Vehicle in Transport,0,No,3,Intersection-Related,2,Four-Way Intersection,1,On Roadway,0,None,3,Dark - Lighted,1,Clear,0,No,0000000,Not Applicable,2,2:00am-2:59am,22,22,2,2:00am-2:59am,26,26,88,Not Applicable (Not Transported),88,Not Applicable (Not Transported),1
13,Georgia,130540,1,1,1,1,0,1,1,51,CHATHAM (51),2290,GARDEN CITY,4,April,30,30,7,Saturday,2022,21,9:00pm-9:59pm,9,9,SR-25,NA,3,State Highway,2,Urban,3,Principal Arterial - Other,1,State Highway Agency,1,This section IS ON the NHS,0,No Special Jurisdiction,78,78,32.04271111,32.04271111,-81.188375,-81.188375,8,Pedestrian,0,The First Harmful Event was Not a Collision with a Motor Vehicle in Transport,0,No,1,Non-Junction,1,Not an Intersection,1,On Roadway,0,None,2,Dark - Not Lighted,1,Clear,0,No,0000000,Not Applicable,21,9:00pm-9:59pm,22,22,21,9:00pm-9:59pm,28,28,88,Not Applicable (Not Transported),88,Not Applicable (Not Transported),1
13,Georgia,130541,0,0,2,2,0,3,3,121,FULTON (121),2060,FAIRBURN,5,May,3,3,3,Tuesday,2022,13,1:00pm-1:59pm,8,8,SR-138,BATHSAIDA RD,3,State Highway,2,Urban,3,Principal Arterial - Other,1,State Highway Agency,1,This section IS ON the NHS,0,No Special Jurisdiction,54,54,33.55910833,33.55910833,-84.50658889,-84.50658889,12,Motor Vehicle In-Transport,6,Angle,0,No,2,Intersection,3,T-Intersection,1,On Roadway,0,None,1,Daylight,1,Clear,0,No,0000000,Not Applicable,13,1:00pm-1:59pm,8,8,13,1:00pm-1:59pm,14,14,13,1:00pm-1:59pm,49,49,2
13,Georgia,130543,0,0,2,2,0,2,2,63,CLAYTON (63),4617,REX,5,May,7,7,7,Saturday,2022,20,8:00pm-8:59pm,48,48,SR-42,NA,3,State Highway,2,Urban,4,Minor Arterial,1,State Highway Agency,0,This section IS NOT on the NHS,0,No Special Jurisdiction,6,6,33.57799167,33.57799167,-84.2724,-84.2724,12,Motor Vehicle In-Transport,6,Angle,0,No,8,Driveway Access Related,1,Not an Intersection,1,On Roadway,0,None,3,Dark - Lighted,1,Clear,0,No,0000000,Not Applicable,20,8:00pm-8:59pm,48,48,20,8:00pm-8:59pm,53,53,88,Not Applicable (Not Transported),88,Not Applicable (Not Transported),1
13,Georgia,130544,0,0,2,2,0,2,2,89,DEKALB (89),9997,Other,5,May,9,9,2,Monday,2022,19,7:00pm-7:59pm,8,8,CS-MIDWAY,CS-ALVERADO WAY,5,Local Street - Township,2,Urban,7,Local,4,City or Municipal Highway Agency,0,This section IS NOT on the NHS,0,No Special Jurisdiction,7,7,33.75482222,33.75482222,-84.25411667,-84.25411667,12,Motor Vehicle In-Transport,6,Angle,0,No,2,Intersection,3,T-Intersection,1,On Roadway,0,None,1,Daylight,1,Clear,0,No,0000000,Not Applicable,19,7:00pm-7:59pm,9,9,19,7:00pm-7:59pm,11,11,88,Not Applicable (Not Transported),88,Not Applicable (Not Transported),1
13,Georgia,130545,0,0,1,1,0,1,1,261,SUMTER (261),170,AMERICUS,4,April,17,17,1,Sunday,2022,11,11:00am-11:59am,13,13,SR-27,NA,3,State Highway,2,Urban,4,Minor Arterial,1,State Highway Agency,0,This section IS NOT on the NHS,0,No Special Jurisdiction,170,170,32.06799167,32.06799167,-84.170275,-84.170275,34,Ditch,0,The First Harmful Event was Not a Collision with a Motor Vehicle in Transport,0,No,1,Non-Junction,1,Not an Intersection,4,On Roadside,0,None,1,Daylight,1,Clear,0,No,0000000,Not Applicable,11,11:00am-11:59am,15,15,11,11:00am-11:59am,21,21,99,Unknown,99,Unknown EMS Hospital Arrival Time,1
13,Georgia,130546,0,0,1,1,0,1,1,117,FORSYTH (117),0,NOT APPLICABLE,4,April,17,17,1,Sunday,2022,13,1:00pm-1:59pm,41,41,CR-014600 LITTLE MILL RD,NA,4,County Road,2,Urban,7,Local,2,County Highway Agency,0,This section IS NOT on the NHS,0,No Special Jurisdiction,21,21,34.26453611,34.26453611,-84.02181944,-84.02181944,33,Curb,0,The First Harmful Event was Not a Collision with a Motor Vehicle in Transport,0,No,1,Non-Junction,1,Not an Intersection,4,On Roadside,0,None,1,Daylight,1,Clear,0,No,0000000,Not Applicable,13,1:00pm-1:59pm,41,41,13,1:00pm-1:59pm,46,46,88,Not Applicable (Not Transported),88,Not Applicable (Not Transported),1
13,Georgia,130547,0,0,1,1,0,1,1,15,BARTOW (15),0,NOT APPLICABLE,4,April,17,17,1,Sunday,2022,15,3:00pm-3:59pm,33,33,I-75,NA,1,Interstate,2,Urban,1,Interstate,1,State Highway Agency,1,This section IS ON the NHS,0,No Special Jurisdiction,277,277,34.37007222,34.37007222,-84.90465556,-84.90465556,42,Tree (Standing Only),0,The First Harmful Event was Not a Collision with a Motor Vehicle in Transport,0,No,1,Non-Junction,1,Not an Intersection,4,On Roadside,0,None,1,Daylight,10,Cloudy,0,No,0000000,Not Applicable,15,3:00pm-3:59pm,34,34,15,3:00pm-3:59pm,55,55,88,Not Applicable (Not Transported),88,Not Applicable (Not Transported),1
13,Georgia,130548,0,0,1,1,0,1,1,245,RICHMOND (245),2670,HEPHZIBAH,4,April,17,17,1,Sunday,2022,15,3:00pm-3:59pm,40,40,CR-151400 BROWN RD,NA,4,County Road,2,Urban,4,Minor Arterial,2,County Highway Agency,0,This section IS NOT on the NHS,0,No Special Jurisdiction,45,45,33.31860278,33.31860278,-81.98469444,-81.98469444,32,Culvert,0,The First Harmful Event was Not a Collision with a Motor Vehicle in Transport,0,No,1,Non-Junction,1,Not an Intersection,4,On Roadside,0,None,1,Daylight,10,Cloudy,0,No,0000000,Not Applicable,15,3:00pm-3:59pm,53,53,15,3:00pm-3:59pm,58,58,88,Not Applicable (Not Transported),88,Not Applicable (Not Transported),1
13,Georgia,130549,0,0,4,4,0,6,6,135,GWINNETT (135),3158,LILBURN,4,April,18,18,2,Monday,2022,21,9:00pm-9:59pm,32,32,SR-000800,NA,3,State Highway,2,Urban,4,Minor Arterial,1,State Highway Agency,0,This section IS NOT on the NHS,0,No Special Jurisdiction,15,15,33.87699722,33.87699722,-84.16912778,-84.16912778,12,Motor Vehicle In-Transport,6,Angle,1,Yes,18,Through Roadway,1,Not an Intersection,1,On Roadway,0,None,3,Dark - Lighted,10,Cloudy,0,No,0000000,Not Applicable,99,Unknown,99,Unknown,99,Unknown EMS Scene Arrival Hour,99,Unknown EMS Scene Arrival Minutes,99,Unknown,99,Unknown EMS Hospital Arrival Time,1
13,Georgia,130550,0,0,1,1,0,2,2,91,DODGE (91),0,NOT APPLICABLE,4,April,18,18,2,Monday,2022,8,8:00am-8:59am,0,0,SR-87,NA,3,State Highway,1,Rural,5,Major Collector,1,State Highway Agency,0,This section IS NOT on the NHS,0,No Special Jurisdiction,126,126,32.15590556,32.15590556,-83.19616389,-83.19616389,42,Tree (Standing Only),0,The First Harmful Event was Not a Collision with a Motor Vehicle in Transport,0,No,1,Non-Junction,1,Not an Intersection,4,On Roadside,0,None,1,Daylight,10,Cloudy,0,No,0000000,Not Applicable,8,8:00am-8:59am,5,5,8,8:00am-8:59am,7,7,8,8:00am-8:59am,40,40,1
13,Georgia,130551,0,0,2,2,0,2,2,97,DOUGLAS (97),0,NOT APPLICABLE,4,April,19,19,3,Tuesday,2022,2,2:00am-2:59am,54,54,I-20,NA,1,Interstate,2,Urban,1,Interstate,1,State Highway Agency,1,This section IS ON the NHS,0,No Special Jurisdiction,135,135,33.75788611,33.75788611,-84.69071667,-84.69071667,12,Motor Vehicle In-Transport,1,Front-to-Rear,0,No,1,Non-Junction,1,Not an Intersection,1,On Roadway,0,None,2,Dark - Not Lighted,1,Clear,0,No,0000000,Not Applicable,2,2:00am-2:59am,55,55,3,3:00am-3:59am,4,4,88,Not Applicable (Not Transported),88,Not Applicable (Not Transported),1
13,Georgia,130552,0,0,6,6,0,7,7,89,DEKALB (89),0,NOT APPLICABLE,4,April,20,20,4,Wednesday,2022,20,8:00pm-8:59pm,25,25,I-285 EB,NA,1,Interstate,2,Urban,1,Interstate,1,State Highway Agency,1,This section IS ON the NHS,0,No Special Jurisdiction,244,244,33.67685,33.67685,-84.31947778,-84.31947778,12,Motor Vehicle In-Transport,1,Front-to-Rear,0,No,1,Non-Junction,1,Not an Intersection,1,On Roadway,0,None,2,Dark - Not Lighted,1,Clear,0,No,0000000,Not Applicable,99,Unknown,99,Unknown,99,Unknown EMS Scene Arrival Hour,99,Unknown EMS Scene Arrival Minutes,99,Unknown,99,Unknown EMS Hospital Arrival Time,1
13,Georgia,130553,1,1,1,1,0,1,1,185,LOWNDES (185),0,NOT APPLICABLE,4,April,19,19,3,Tuesday,2022,8,8:00am-8:59am,39,39,SR-7,NA,3,State Highway,2,Urban,3,Principal Arterial - Other,1,State Highway Agency,1,This section IS ON the NHS,0,No Special Jurisdiction,4,4,30.8001,30.8001,-83.24689722,-83.24689722,8,Pedestrian,0,The First Harmful Event was Not a Collision with a Motor Vehicle in Transport,0,No,1,Non-Junction,1,Not an Intersection,1,On Roadway,0,None,1,Daylight,1,Clear,0,No,0000000,Not Applicable,8,8:00am-8:59am,42,42,8,8:00am-8:59am,50,50,88,Not Applicable (Not Transported),88,Not Applicable (Not Transported),1
13,Georgia,130554,0,0,3,3,0,3,3,47,CATOOSA (47),0,NOT APPLICABLE,4,April,19,19,3,Tuesday,2022,11,11:00am-11:59am,1,1,I-75,NA,1,Interstate,2,Urban,1,Interstate,1,State Highway Agency,1,This section IS ON the NHS,0,No Special Jurisdiction,105,105,34.93898889,34.93898889,-85.16221944,-85.16221944,12,Motor Vehicle In-Transport,1,Front-to-Rear,0,No,1,Non-Junction,1,Not an Intersection,1,On Roadway,0,None,1,Daylight,1,Clear,0,No,0000000,Not Applicable,11,11:00am-11:59am,12,12,11,11:00am-11:59am,22,22,12,12:00pm-12:59pm,30,30,1
13,Georgia,130555,0,0,1,1,0,1,1,103,EFFINGHAM (103),0,NOT APPLICABLE,4,April,20,20,4,Wednesday,2022,4,4:00am-4:59am,30,30,CR-013300 OLD AUGUSTA RD,NA,4,County Road,1,Rural,5,Major Collector,2,County Highway Agency,0,This section IS NOT on the NHS,0,No Special Jurisdiction,25,25,32.274375,32.274375,-81.18873333,-81.18873333,42,Tree (Standing Only),0,The First Harmful Event was Not a Collision with a Motor Vehicle in Transport,0,No,1,Non-Junction,1,Not an Intersection,4,On Roadside,0,None,2,Dark - Not Lighted,1,Clear,0,No,0000000,Not Applicable,13,1:00pm-1:59pm,27,27,13,1:00pm-1:59pm,46,46,88,Not Applicable (Not Transported),88,Not Applicable (Not Transported),1
13,Georgia,130556,0,0,1,1,0,1,1,113,FAYETTE (113),4278,PEACHTREE CITY,4,April,20,20,4,Wednesday,2022,16,4:00pm-4:59pm,15,15,CS-034007 PEACHTREE PKWY,NA,6,Local Street - Municipality,2,Urban,4,Minor Arterial,4,City or Municipal Highway Agency,0,This section IS NOT on the NHS,0,No Special Jurisdiction,52,52,33.39195556,33.39195556,-84.56351389,-84.56351389,32,Culvert,0,The First Harmful Event was Not a Collision with a Motor Vehicle in Transport,0,No,1,Non-Junction,1,Not an Intersection,4,On Roadside,0,None,1,Daylight,1,Clear,0,No,0000000,Not Applicable,16,4:00pm-4:59pm,19,19,16,4:00pm-4:59pm,22,22,17,5:00pm-5:59pm,56,56,1
13,Georgia,130557,0,0,2,2,0,7,7,135,GWINNETT (135),3230,LOGANVILLE,1,January,10,10,2,Monday,2022,6,6:00am-6:59am,27,27,SR-20,CHAMPION WAY,3,State Highway,2,Urban,4,Minor Arterial,1,State Highway Agency,0,This section IS NOT on the NHS,0,No Special Jurisdiction,239,239,33.8717,33.8717,-83.91925278,-83.91925278,12,Motor Vehicle In-Transport,6,Angle,0,No,2,Intersection,2,Four-Way Intersection,1,On Roadway,0,None,4,Dawn,1,Clear,0,No,0000000,Not Applicable,6,6:00am-6:59am,28,28,6,6:00am-6:59am,37,37,99,Unknown,99,Unknown EMS Hospital Arrival Time,1