STATE,STATENAME,ST_CASE,PEDS,PERNOTMVIT,VE_TOTAL,VE_FORMS,PVH_INVL,PERSONS,PERMVIT,COUNTY,COUNTYNAME,CITY,CITYNAME,MONTH,MONTHNAME,DAY,DAYNAME,DAY_WEEK,DAY_WEEKNAME,YEAR,HOUR,HOURNAME,MINUTE,MINUTENAME,TWAY_ID,TWAY_ID2,ROUTE,ROUTENAME,RUR_URB,RUR_URBNAME,FUNC_SYS,FUNC_SYSNAME,RD_OWNER,RD_OWNERNAME,NHS,NHSNAME,SP_JUR,SP_JURNAME,MILEPT,MILEPTNAME,LATITUDE,LATITUDENAME,LONGITUD,LONGITUDNAME,HARM_EV,HARM_EVNAME,MAN_COLL,MAN_COLLNAME,RELJCT1,RELJCT1NAME,RELJCT2,RELJCT2NAME,TYP_INT,TYP_INTNAME,REL_ROAD,REL_ROADNAME,WRK_ZONE,WRK_ZONENAME,LGT_COND,LGT_CONDNAME,WEATHER,WEATHERNAME,SCH_BUS,SCH_BUSNAME,RAIL,RAILNAME,NOT_HOUR,NOT_HOURNAME,NOT_MIN,NOT_MINNAME,ARR_HOUR,ARR_HOURNAME,ARR_MIN,ARR_MINNAME,HOSP_HR,HOSP_HRNAME,HOSP_MN,HOSP_MNNAME,FATALS
13,Georgia,130721,1,1,1,1,0,1,1,89,DEKALB (89),0,NOT APPLICABLE,6,June,11,11,7,Saturday,2022,23,11:00pm-11:59pm,25,25,CR-519300,NA,4,County Road,2,Urban,4,Minor Arterial,2,County Highway Agency,0,This section IS NOT on the NHS,0,No Special Jurisdiction,20,20,33.762275,33.762275,-84.19820278,-84.19820278,8,Pedestrian,0,The First Harmful Event was Not a Collision with a Motor Vehicle in Transport,0,No,1,Non-Junction,1,Not an Intersection,1,On Roadway,0,None,3,Dark - Lighted,1,Clear,0,No,0000000,Not Applicable,23,11:00pm-11:59pm,25,25,23,11:00pm-11:59pm,25,25,23,11:00pm-11:59pm,56,56,1
13,Georgia,130722,0,0,1,1,0,3,3,295,WALKER (295),0,NOT APPLICABLE,6,June,12,12,1,Sunday,2022,0,0:00am-0:59am,2,2,SR-1,NA,3,State Highway,2,Urban,3,Principal Arterial - Other,1,State Highway Agency,1,This section IS ON the NHS,0,No Special Jurisdiction,261,261,34.943475,34.943475,-85.27773611,-85.27773611,35,Embankment,0,The First Harmful Event was Not a Collision with a Motor Vehicle in Transport,0,No,1,Non-Junction,1,Not an Intersection,3,On Median,0,None,2,Dark - Not Lighted,1,Clear,0,No,0000000,Not Applicable,0,0:00am-0:59am,3,3,0,0:00am-0:59am,7,7,0,0:00am-0:59am,42,42,1
13,Georgia,130723,0,0,1,1,0,3,3,265,TALIAFERRO (265),1410,CRAWFORDVILLE,6,June,11,11,7,Saturday,2022,15,3:00pm-3:59pm,39,39,I-20,NA,1,Interstate,1,Rural,1,Interstate,1,State Highway Agency,1,This section IS ON the NHS,0,No Special Jurisdiction,57,57,33.52731944,33.52731944,-82.89290556,-82.89290556,42,Tree (Standing Only),0,The First Harmful Event was Not a Collision with a Motor Vehicle in Transport,0,No,1,Non-Junction,1,Not an Intersection,4,On Roadside,0,None,1,Daylight,1,Clear,0,No,0000000,Not Applicable,15,3:00pm-3:59pm,53,53,15,3:00pm-3:59pm,54,54,88,Not Applicable (Not Transported),88,Not Applicable (Not Transported),3
13,Georgia,130724,1,1,1,1,0,1,1,89,DEKALB (89),0,NOT APPLICABLE,6,June,9,9,5,Thursday,2022,2,2:00am-2:59am,0,0,CR-288300 HAMBRICK RD,NA,4,County Road,2,Urban,5,Major Collector,2,County Highway Agency,0,This section IS NOT on the NHS,0,No Special Jurisdiction,4,4,33.79282222,33.79282222,-84.21421944,-84.21421944,8,Pedestrian,0,The First Harmful Event was Not a Collision with a Motor Vehicle in Transport,0,No,1,Non-Junction,1,Not an Intersection,4,On Roadside,0,None,2,Dark - Not Lighted,1,Clear,0,No,0000000,Not Applicable,2,2:00am-2:59am,10,10,2,2:00am-2:59am,12,12,2,2:00am-2:59am,40,40,1
13,Georgia,130725,0,0,1,1,0,1,1,129,GORDON (129),0,NOT APPLICABLE,6,June,12,12,1,Sunday,2022,23,11:00pm-11:59pm,6,6,SR-53 OOTHCALOOGA,NA,3,State Highway,2,Urban,3,Principal Arterial - Other,1,State Highway Agency,1,This section IS ON the NHS,0,No Special Jurisdiction,27,27,34.50268889,34.50268889,-84.95528611,-84.95528611,33,Curb,0,The First Harmful Event was Not a Collision with a Motor Vehicle in Transport,0,No,1,Non-Junction,1,Not an Intersection,4,On Roadside,0,None,3,Dark - Lighted,1,Clear,0,No,0000000,Not Applicable,23,11:00pm-11:59pm,9,9,23,11:00pm-11:59pm,11,11,88,Not Applicable (Not Transported),88,Not Applicable (Not Transported),1
13,Georgia,130726,0,0,2,2,0,2,2,117,FORSYTH (117),0,NOT APPLICABLE,6,June,8,8,4,Wednesday,2022,16,4:00pm-4:59pm,8,8,CR-054500,NA,4,County Road,2,Urban,5,Major Collector,2,County Highway Agency,0,This section IS NOT on the NHS,0,No Special Jurisdiction,5,5,34.28788333,34.28788333,-84.08789167,-84.08789167,34,Ditch,0,The First Harmful Event was Not a Collision with a Motor Vehicle in Transport,0,No,1,Non-Junction,1,Not an Intersection,4,On Roadside,0,None,1,Daylight,1,Clear,0,No,0000000,Not Applicable,16,4:00pm-4:59pm,9,9,16,4:00pm-4:59pm,19,19,17,5:00pm-5:59pm,9,9,1
13,Georgia,130727,0,0,2,2,0,2,2,51,CHATHAM (51),4910,SAVANNAH,6,June,10,10,6,Friday,2022,14,2:00pm-2:59pm,56,56,CS-115207,NA,6,Local Street - Municipality,2,Urban,4,Minor Arterial,4,City or Municipal Highway Agency,0,This section IS NOT on the NHS,0,No Special Jurisdiction,39,39,32.02011111,32.02011111,-81.11375833,-81.11375833,54,"Motor Vehicle In-Transport Strikes or is Struck by Cargo, Persons or Objects Set-in-Motion from/by Another Motor Vehicle In Transport",11,Other,0,No,1,Non-Junction,1,Not an Intersection,1,On Roadway,0,None,1,Daylight,1,Clear,0,No,0000000,Not Applicable,14,2:00pm-2:59pm,56,56,15,3:00pm-3:59pm,1,1,88,Not Applicable (Not Transported),88,Not Applicable (Not Transported),1
13,Georgia,130728,0,0,1,1,0,1,1,215,MUSCOGEE (215),1280,COLUMBUS,6,June,10,10,6,Friday,2022,15,3:00pm-3:59pm,20,20,I-185,NA,1,Interstate,2,Urban,1,Interstate,1,State Highway Agency,1,This section IS ON the NHS,0,No Special Jurisdiction,122,122,32.57531944,32.57531944,-84.96148056,-84.96148056,42,Tree (Standing Only),0,The First Harmful Event was Not a Collision with a Motor Vehicle in Transport,0,No,1,Non-Junction,1,Not an Intersection,4,On Roadside,0,None,1,Daylight,1,Clear,0,No,0000000,Not Applicable,15,3:00pm-3:59pm,29,29,15,3:00pm-3:59pm,30,30,16,4:00pm-4:59pm,10,10,1
13,Georgia,130729,1,1,2,2,0,7,7,151,HENRY (151),3220,LOCUST GROVE,6,June,11,11,7,Saturday,2022,1,1:00am-1:59am,13,13,I-75,NA,1,Interstate,2,Urban,1,Interstate,1,State Highway Agency,1,This section IS ON the NHS,0,No Special Jurisdiction,45,45,33.36178056,33.36178056,-84.12915,-84.12915,8,Pedestrian,0,The First Harmful Event was Not a Collision with a Motor Vehicle in Transport,0,No,1,Non-Junction,1,Not an Intersection,1,On Roadway,0,None,2,Dark - Not Lighted,1,Clear,0,No,0000000,Not Applicable,1,1:00am-1:59am,17,17,1,1:00am-1:59am,27,27,88,Not Applicable (Not Transported),88,Not Applicable (Not Transported),1
13,Georgia,130730,0,0,1,1,0,1,1,121,FULTON (121),280,ATLANTA,6,June,11,11,7,Saturday,2022,1,1:00am-1:59am,57,57,I-85,NA,1,Interstate,2,Urban,1,Interstate,1,State Highway Agency,1,This section IS ON the NHS,0,No Special Jurisdiction,0,None,33.82363056,33.82363056,-84.35383333,-84.35383333,18,Other Object (not fixed),0,The First Harmful Event was Not a Collision with a Motor Vehicle in Transport,1,Yes,19,Other location within Interchange Area,1,Not an Intersection,8,Gore,0,None,3,Dark - Lighted,1,Clear,0,No,0000000,Not Applicable,1,1:00am-1:59am,57,57,1,1:00am-1:59am,59,59,88,Not Applicable (Not Transported),88,Not Applicable (Not Transported),1
13,Georgia,130731,0,0,1,1,0,1,1,73,COLUMBIA (73),2515,GROVETOWN,6,June,11,11,7,Saturday,2022,14,2:00pm-2:59pm,55,55,CS-075703,NA,6,Local Street - Municipality,2,Urban,7,Local,4,City or Municipal Highway Agency,0,This section IS NOT on the NHS,0,No Special Jurisdiction,9,9,33.43884167,33.43884167,-82.20549167,-82.20549167,32,Culvert,0,The First Harmful Event was Not a Collision with a Motor Vehicle in Transport,0,No,1,Non-Junction,1,Not an Intersection,4,On Roadside,0,None,1,Daylight,1,Clear,0,No,0000000,Not Applicable,14,2:00pm-2:59pm,59,59,15,3:00pm-3:59pm,7,7,15,3:00pm-3:59pm,32,32,1
13,Georgia,130732,0,0,2,2,0,3,3,63,CLAYTON (63),4690,RIVERDALE,6,June,11,11,7,Saturday,2022,20,8:00pm-8:59pm,40,40,SR-85,POPLAR SPRINGS RD,3,State Highway,2,Urban,3,Principal Arterial - Other,1,State Highway Agency,1,This section IS ON the NHS,0,No Special Jurisdiction,50,50,33.58719722,33.58719722,-84.41004167,-84.41004167,12,Motor Vehicle In-Transport,6,Angle,0,No,2,Intersection,3,T-Intersection,1,On Roadway,0,None,2,Dark - Not Lighted,1,Clear,0,No,0000000,Not Applicable,20,8:00pm-8:59pm,58,58,21,9:00pm-9:59pm,10,10,21,9:00pm-9:59pm,45,45,1
13,Georgia,130733,1,1,1,1,0,1,1,51,CHATHAM (51),4910,SAVANNAH,6,June,12,12,1,Sunday,2022,18,6:00pm-6:59pm,44,44,CS-107207,BARNARD ST,6,Local Street - Municipality,2,Urban,3,Principal Arterial - Other,4,City or Municipal Highway Agency,0,This section IS NOT on the NHS,0,No Special Jurisdiction,10,10,32.05775,32.05775,-81.10220556,-81.10220556,9,Pedalcyclist,0,The First Harmful Event was Not a Collision with a Motor Vehicle in Transport,0,No,2,Intersection,2,Four-Way Intersection,1,On Roadway,0,None,1,Daylight,1,Clear,0,No,0000000,Not Applicable,18,6:00pm-6:59pm,44,44,18,6:00pm-6:59pm,44,44,19,7:00pm-7:59pm,15,15,1
13,Georgia,130734,0,0,2,2,0,3,3,321,WORTH (321),0,NOT APPLICABLE,6,June,15,15,4,Wednesday,2022,9,9:00am-9:59am,45,45,CR-041200,PINE FOREST RD,4,County Road,1,Rural,5,Major Collector,2,County Highway Agency,0,This section IS NOT on the NHS,0,No Special Jurisdiction,99998,Not Reported,31.44779444,31.44779444,-83.74480278,-83.74480278,12,Motor Vehicle In-Transport,6,Angle,0,No,2,Intersection,2,Four-Way Intersection,1,On Roadway,0,None,1,Daylight,1,Clear,0,No,0000000,Not Applicable,9,9:00am-9:59am,51,51,9,9:00am-9:59am,58,58,10,10:00am-10:59am,40,40,1
13,Georgia,130735,0,0,2,2,0,4,4,137,HABERSHAM (137),0,NOT APPLICABLE,6,June,15,15,4,Wednesday,2022,12,12:00pm-12:59pm,25,25,SR-17,NA,3,State Highway,1,Rural,3,Principal Arterial - Other,1,State Highway Agency,1,This section IS ON the NHS,0,No Special Jurisdiction,8,8,34.61699722,34.61699722,-83.4044,-83.4044,12,Motor Vehicle In-Transport,2,Front-to-Front,0,No,1,Non-Junction,1,Not an Intersection,1,On Roadway,0,None,1,Daylight,1,Clear,0,No,0000000,Not Applicable,12,12:00pm-12:59pm,30,30,12,12:00pm-12:59pm,31,31,13,1:00pm-1:59pm,30,30,1
13,Georgia,130736,0,0,1,1,0,1,1,29,BRYAN (29),0,NOT APPLICABLE,6,June,16,16,5,Thursday,2022,10,10:00am-10:59am,29,29,CR-011800 INDIAN TRAIL RD,NA,4,County Road,1,Rural,7,Local,2,County Highway Agency,0,This section IS NOT on the NHS,0,No Special Jurisdiction,10,10,32.10927778,32.10927778,-81.48430278,-81.48430278,42,Tree (Standing Only),0,The First Harmful Event was Not a Collision with a Motor Vehicle in Transport,0,No,1,Non-Junction,1,Not an Intersection,4,On Roadside,0,None,1,Daylight,1,Clear,0,No,0000000,Not Applicable,10,10:00am-10:59am,21,21,10,10:00am-10:59am,29,29,88,Not Applicable (Not Transported),88,Not Applicable (Not Transported),1
13,Georgia,130737,0,0,2,2,0,2,2,97,DOUGLAS (97),0,NOT APPLICABLE,6,June,17,17,6,Friday,2022,0,0:00am-0:59am,20,20,I-20,NA,1,Interstate,2,Urban,1,Interstate,1,State Highway Agency,1,This section IS ON the NHS,0,No Special Jurisdiction,5,5,33.72528889,33.72528889,-84.90173056,-84.90173056,12,Motor Vehicle In-Transport,1,Front-to-Rear,0,No,1,Non-Junction,1,Not an Intersection,1,On Roadway,0,None,2,Dark - Not Lighted,2,Rain,0,No,0000000,Not Applicable,0,0:00am-0:59am,11,11,0,0:00am-0:59am,22,22,88,Not Applicable (Not Transported),88,Not Applicable (Not Transported),1
13,Georgia,130738,0,0,1,1,0,1,1,89,DEKALB (89),5580,TUCKER,6,June,18,18,7,Saturday,2022,3,3:00am-3:59am,4,4,SR-10,NA,3,State Highway,2,Urban,3,Principal Arterial - Other,1,State Highway Agency,1,This section IS ON the NHS,0,No Special Jurisdiction,68,68,33.82135,33.82135,-84.17066389,-84.17066389,42,Tree (Standing Only),0,The First Harmful Event was Not a Collision with a Motor Vehicle in Transport,1,Yes,19,Other location within Interchange Area,1,Not an Intersection,4,On Roadside,0,None,3,Dark - Lighted,1,Clear,0,No,0000000,Not Applicable,3,3:00am-3:59am,5,5,3,3:00am-3:59am,20,20,88,Not Applicable (Not Transported),88,Not Applicable (Not Transported),1
13,Georgia,130739,1,1,2,2,0,2,2,143,HARALSON (143),0,NOT APPLICABLE,6,June,18,18,7,Saturday,2022,5,5:00am-5:59am,25,25,SR-8,NA,3,State Highway,1,Rural,4,Minor Arterial,1,State Highway Agency,0,This section IS NOT on the NHS,0,No Special Jurisdiction,81,81,33.71968056,33.71968056,-85.22760556,-85.22760556,8,Pedestrian,0,The First Harmful Event was Not a Collision with a Motor Vehicle in Transport,0,No,1,Non-Junction,1,Not an Intersection,1,On Roadway,0,None,2,Dark - Not Lighted,10,Cloudy,0,No,0000000,Not Applicable,5,5:00am-5:59am,30,30,5,5:00am-5:59am,39,39,88,Not Applicable (Not Transported),88,Not Applicable (Not Transported),1
13,Georgia,130740,0,0,1,1,0,1,1,83,DADE (83),0,NOT APPLICABLE,6,June,18,18,7,Saturday,2022,5,5:00am-5:59am,40,40,I-59,NA,1,Interstate,1,Rural,1,Interstate,1,State Highway Agency,1,This section IS ON the NHS,0,No Special Jurisdiction,19,19,34.73921111,34.73921111,-85.53785,-85.53785,24,Guardrail Face,0,The First Harmful Event was Not a Collision with a Motor Vehicle in Transport,0,No,1,Non-Junction,1,Not an Intersection,4,On Roadside,0,None,2,Dark - Not Lighted,5,"Fog, Smog, Smoke",0,No,0000000,Not Applicable,5,5:00am-5:59am,24,24,5,5:00am-5:59am,44,44,88,Not Applicable (Not Transported),88,Not Applicable (Not Transported),1
13,Georgia,130741,0,0,1,1,0,1,1,171,LAMAR (171),0,NOT APPLICABLE,6,June,18,18,7,Saturday,2022,7,7:00am-7:59am,11,11,CR-021300,NA,4,County Road,1,Rural,5,Major Collector,2,County Highway Agency,0,This section IS NOT on the NHS,0,No Special Jurisdiction,53,53,33.09564167,33.09564167,-84.06206389,-84.06206389,38,Fence,0,The First Harmful Event was Not a Collision with a Motor Vehicle in Transport,0,No,1,Non-Junction,1,Not an Intersection,5,Outside Trafficway,0,None,1,Daylight,1,Clear,0,No,0000000,Not Applicable,6,6:00am-6:59am,57,57,7,7:00am-7:59am,12,12,88,Not Applicable (Not Transported),88,Not Applicable (Not Transported),1
13,Georgia,130742,0,0,1,1,0,1,1,93,DOOLY (93),0,NOT APPLICABLE,6,June,18,18,7,Saturday,2022,15,3:00pm-3:59pm,13,13,I-75,NA,1,Interstate,1,Rural,1,Interstate,1,State Highway Agency,1,This section IS ON the NHS,0,No Special Jurisdiction,50,50,32.10111111,32.10111111,-83.76300556,-83.76300556,24,Guardrail Face,0,The First Harmful Event was Not a Collision with a Motor Vehicle in Transport,0,No,1,Non-Junction,1,Not an Intersection,3,On Median,0,None,1,Daylight,1,Clear,0,No,0000000,Not Applicable,15,3:00pm-3:59pm,10,10,15,3:00pm-3:59pm,26,26,16,4:00pm-4:59pm,15,15,1
13,Georgia,130743,0,0,2,2,0,2,2,159,JASPER (159),9997,Other,6,June,18,18,7,Saturday,2022,17,5:00pm-5:59pm,15,15,SR-11,NA,3,State Highway,1,Rural,4,Minor Arterial,1,State Highway Agency,0,This section IS NOT on the NHS,0,No Special Jurisdiction,238,238,33.43850278,33.43850278,-83.75888333,-83.75888333,12,Motor Vehicle In-Transport,2,Front-to-Front,0,No,1,Non-Junction,1,Not an Intersection,1,On Roadway,0,None,1,Daylight,1,Clear,0,No,0000000,Not Applicable,17,5:00pm-5:59pm,21,21,17,5:00pm-5:59pm,31,31,88,Not Applicable (Not Transported),88,Not Applicable (Not Transported),1
13,Georgia,130744,1,1,1,1,0,1,1,89,DEKALB (89),0,NOT APPLICABLE,6,June,20,20,2,Monday,2022,5,5:00am-5:59am,28,28,I-285,NA,1,Interstate,2,Urban,1,Interstate,1,State Highway Agency,1,This section IS ON the NHS,0,No Special Jurisdiction,82,82,33.73389167,33.73389167,-84.23093333,-84.23093333,8,Pedestrian,0,The First Harmful Event was Not a Collision with a Motor Vehicle in Transport,1,Yes,18,Through Roadway,1,Not an Intersection,1,On Roadway,0,None,2,Dark - Not Lighted,1,Clear,0,No,0000000,Not Applicable,5,5:00am-5:59am,32,32,5,5:00am-5:59am,44,44,88,Not Applicable (Not Transported),88,Not Applicable (Not Transported),1
13,Georgia,130745,1,1,1,1,0,1,1,299,WARE (299),5850,WAYCROSS,6,June,20,20,2,Monday,2022,5,5:00am-5:59am,56,56,SR-4,NA,3,State Highway,2,Urban,3,Principal Arterial - Other,1,State Highway Agency,1,This section IS ON the NHS,0,No Special Jurisdiction,32,32,31.23513611,31.23513611,-82.36996111,-82.36996111,8,Pedestrian,0,The First Harmful Event was Not a Collision with a Motor Vehicle in Transport,0,No,1,Non-Junction,1,Not an Intersection,1,On Roadway,0,None,3,Dark - Lighted,1,Clear,0,No,0000000,Not Applicable,5,5:00am-5:59am,58,58,6,6:00am-6:59am,2,2,88,Not Applicable (Not Transported),88,Not Applicable (Not Transported),1
13,Georgia,130746,0,0,1,1,0,2,2,67,COBB (67),3440,MARIETTA,6,June,12,12,1,Sunday,2022,4,4:00am-4:59am,36,36,I-75,NA,1,Interstate,2,Urban,1,Interstate,1,State Highway Agency,1,This section IS ON the NHS,0,No Special Jurisdiction,1,1,33.95920278,33.95920278,-84.5169,-84.5169,42,Tree (Standing Only),0,The First Harmful Event was Not a Collision with a Motor Vehicle in Transport,1,Yes,19,Other location within Interchange Area,1,Not an Intersection,8,Gore,0,None,2,Dark - Not Lighted,1,Clear,0,No,0000000,Not Applicable,4,4:00am-4:59am,36,36,4,4:00am-4:59am,39,39,5,5:00am-5:59am,5,5,1
13,Georgia,130748,0,0,1,1,0,1,1,217,NEWTON (217),4470,PORTERDALE,6,June,17,17,6,Friday,2022,2,2:00am-2:59am,3,3,SR-81 N BORAD ST,NA,3,State Highway,2,Urban,3,Principal Arterial - Other,1,State Highway Agency,1,This section IS ON the NHS,0,No Special Jurisdiction,82,82,33.57523333,33.57523333,-83.89379444,-83.89379444,35,Embankment,0,The First Harmful Event was Not a Collision with a Motor Vehicle in Transport,0,No,1,Non-Junction,1,Not an Intersection,4,On Roadside,0,None,3,Dark - Lighted,1,Clear,0,No,0000000,Not Applicable,2,2:00am-2:59am,9,9,2,2:00am-2:59am,13,13,2,2:00am-2:59am,39,39,1
13,Georgia,130749,0,0,2,2,0,3,3,43,CANDLER (43),0,NOT APPLICABLE,6,June,18,18,7,Saturday,2022,18,6:00pm-6:59pm,14,14,SR-46,NA,3,State Highway,1,Rural,5,Major Collector,1,State Highway Agency,0,This section IS NOT on the NHS,0,No Special Jurisdiction,90,90,32.39702222,32.39702222,-82.07649722,-82.07649722,12,Motor Vehicle In-Transport,6,Angle,0,No,8,Driveway Access Related,1,Not an Intersection,1,On Roadway,0,None,1,Daylight,1,Clear,0,No,0000000,Not Applicable,18,6:00pm-6:59pm,13,13,18,6:00pm-6:59pm,21,21,19,7:00pm-7:59pm,13,13,1
13,Georgia,130750,0,0,1,1,0,1,1,179,LIBERTY (179),0,NOT APPLICABLE,6,June,19,19,1,Sunday,2022,0,0:00am-0:59am,30,30,CR-030900,NA,4,County Road,1,Rural,7,Local,2,County Highway Agency,0,This section IS NOT on the NHS,0,No Special Jurisdiction,8,8,31.82636111,31.82636111,-81.40138889,-81.40138889,42,Tree (Standing Only),0,The First Harmful Event was Not a Collision with a Motor Vehicle in Transport,0,No,1,Non-Junction,1,Not an Intersection,4,On Roadside,0,None,2,Dark - Not Lighted,1,Clear,0,No,0000000,Not Applicable,0,0:00am-0:59am,33,33,0,0:00am-0:59am,46,46,88,Not Applicable (Not Transported),88,Not Applicable (Not Transported),1
13,Georgia,130751,0,0,2,2,0,3,3,255,SPALDING (255),2510,GRIFFIN,6,June,19,19,1,Sunday,2022,16,4:00pm-4:59pm,2,2,SR-3,NA,3,State Highway,2,Urban,3,Principal Arterial - Other,1,State Highway Agency,1,This section IS ON the NHS,0,No Special Jurisdiction,65,65,33.27801111,33.27801111,-84.29176944,-84.29176944,12,Motor Vehicle In-Transport,6,Angle,0,No,8,Driveway Access Related,1,Not an Intersection,1,On Roadway,0,None,1,Daylight,1,Clear,0,No,0000000,Not Applicable,16,4:00pm-4:59pm,4,4,16,4:00pm-4:59pm,10,10,16,4:00pm-4:59pm,30,30,1
13,Georgia,130752,0,0,1,1,0,6,6,57,CHEROKEE (57),0,NOT APPLICABLE,6,June,19,19,1,Sunday,2022,16,4:00pm-4:59pm,24,24,CR-076400 YELLOW CREEK RD,NA,4,County Road,2,Urban,5,Major Collector,2,County Highway Agency,0,This section IS NOT on the NHS,0,No Special Jurisdiction,23,23,34.32055,34.32055,-84.27043611,-84.27043611,42,Tree (Standing Only),0,The First Harmful Event was Not a Collision with a Motor Vehicle in Transport,0,No,1,Non-Junction,1,Not an Intersection,4,On Roadside,0,None,1,Daylight,1,Clear,0,No,0000000,Not Applicable,16,4:00pm-4:59pm,26,26,16,4:00pm-4:59pm,37,37,17,5:00pm-5:59pm,27,27,2
13,Georgia,130753,0,0,2,2,0,3,3,135,GWINNETT (135),0,NOT APPLICABLE,6,June,19,19,1,Sunday,2022,21,9:00pm-9:59pm,5,5,CR-115400,BOB HANNAH CIR,4,County Road,2,Urban,3,Principal Arterial - Other,2,County Highway Agency,1,This section IS ON the NHS,0,No Special Jurisdiction,0,None,33.929725,33.929725,-84.11773889,-84.11773889,12,Motor Vehicle In-Transport,6,Angle,0,No,2,Intersection,2,Four-Way Intersection,1,On Roadway,0,None,3,Dark - Lighted,10,Cloudy,0,No,0000000,Not Applicable,21,9:00pm-9:59pm,7,7,21,9:00pm-9:59pm,13,13,21,9:00pm-9:59pm,34,34,1
13,Georgia,130754,0,0,1,1,0,5,5,89,DEKALB (89),3210,LITHONIA,6,June,21,21,3,Tuesday,2022,0,0:00am-0:59am,59,59,CR-060100,NA,4,County Road,2,Urban,5,Major Collector,2,County Highway Agency,0,This section IS NOT on the NHS,0,No Special Jurisdiction,26,26,33.68514167,33.68514167,-84.15362222,-84.15362222,42,Tree (Standing Only),0,The First Harmful Event was Not a Collision with a Motor Vehicle in Transport,0,No,1,Non-Junction,1,Not an Intersection,4,On Roadside,0,None,2,Dark - Not Lighted,1,Clear,0,No,0000000,Not Applicable,1,1:00am-1:59am,9,9,1,1:00am-1:59am,20,20,1,1:00am-1:59am,45,45,1
13,Georgia,130755,0,0,1,1,0,1,1,57,CHEROKEE (57),6040,WOODSTOCK,6,June,21,21,3,Tuesday,2022,16,4:00pm-4:59pm,56,56,TOWNE LAKE PARKWAY,NA,6,Local Street - Municipality,2,Urban,4,Minor Arterial,4,City or Municipal Highway Agency,0,This section IS NOT on the NHS,0,No Special Jurisdiction,22,22,34.12828056,34.12828056,-84.56974722,-84.56974722,33,Curb,0,The First Harmful Event was Not a Collision with a Motor Vehicle in Transport,0,No,1,Non-Junction,1,Not an Intersection,3,On Median,0,None,1,Daylight,1,Clear,0,No,0000000,Not Applicable,99,Unknown,98,Unknown if Notified,99,Unknown EMS Scene Arrival Hour,98,Unknown if Arrived,88,Not Applicable (Not Transported),88,Not Applicable (Not Transported),1
13,Georgia,130756,0,0,1,1,0,1,1,151,HENRY (151),2560,HAMPTON,6,June,21,21,3,Tuesday,2022,17,5:00pm-5:59pm,14,14,SR-20,NA,3,State Highway,2,Urban,3,Principal Arterial - Other,1,State Highway Agency,1,This section IS ON the NHS,0,No Special Jurisdiction,171,171,33.381275,33.381275,-84.26279167,-84.26279167,42,Tree (Standing Only),0,The First Harmful Event was Not a Collision with a Motor Vehicle in Transport,0,No,1,Non-Junction,1,Not an Intersection,4,On Roadside,0,None,1,Daylight,1,Clear,0,No,0000000,Not Applicable,17,5:00pm-5:59pm,37,37,17,5:00pm-5:59pm,49,49,88,Not Applicable (Not Transported),88,Not Applicable (Not Transported),1
13,Georgia,130757,0,0,1,1,0,1,1,45,CARROLL (45),5730,VILLA RICA,6,June,21,21,3,Tuesday,2022,22,10:00pm-10:59pm,5,5,LEDBETTER ROAD,NA,6,Local Street - Municipality,1,Rural,7,Local,4,City or Municipal Highway Agency,0,This section IS NOT on the NHS,0,No Special Jurisdiction,14,14,33.77145278,33.77145278,-84.912025,-84.912025,42,Tree (Standing Only),0,The First Harmful Event was Not a Collision with a Motor Vehicle in Transport,0,No,1,Non-Junction,1,Not an Intersection,4,On Roadside,0,None,3,Dark - Lighted,1,Clear,0,No,0000000,Not Applicable,22,10:00pm-10:59pm,11,11,23,11:00pm-11:59pm,58,58,88,Not Applicable (Not Transported),88,Not Applicable (Not Transported),1
13,Georgia,130758,0,0,2,2,0,2,2,67,COBB (67),320,AUSTELL,6,June,10,10,6,Friday,2022,19,7:00pm-7:59pm,7,7,SR-6,NA,3,State Highway,2,Urban,3,Principal Arterial - Other,1,State Highway Agency,1,This section IS ON the NHS,0,No Special Jurisdiction,65,65,33.81728333,33.81728333,-84.65576944,-84.65576944,12,Motor Vehicle In-Transport,2,Front-to-Front,0,No,1,Non-Junction,1,Not an Intersection,1,On Roadway,0,None,1,Daylight,10,Cloudy,0,No,0000000,Not Applicable,19,7:00pm-7:59pm,7,7,19,7:00pm-7:59pm,14,14,88,Not Applicable (Not Transported),88,Not Applicable (Not Transported),1
13,Georgia,130759,1,1,1,1,0,1,1,67,COBB (67),0,NOT APPLICABLE,6,June,18,18,7,Saturday,2022,0,0:00am-0:59am,7,7,CR-283500,NA,4,County Road,2,Urban,3,Principal Arterial - Other,2,County Highway Agency,0,This section IS NOT on the NHS,0,No Special Jurisdiction,24,24,33.85517222,33.85517222,-84.59572222,-84.59572222,8,Pedestrian,0,The First Harmful Event was Not a Collision with a Motor Vehicle in Transport,0,No,1,Non-Junction,1,Not an Intersection,1,On Roadway,0,None,3,Dark - Lighted,1,Clear,0,No,0000000,Not Applicable,0,0:00am-0:59am,8,8,0,0:00am-0:59am,9,9,88,Not Applicable (Not Transported),88,Not Applicable (Not Transported),1
13,Georgia,130760,0,0,2,2,0,2,2,233,POLK (233),0,NOT APPLICABLE,6,June,19,19,1,Sunday,2022,1,1:00am-1:59am,8,8,SR-113,COOTS LAKE RD,3,State Highway,1,Rural,3,Principal Arterial - Other,1,State Highway Agency,1,This section IS ON the NHS,0,No Special Jurisdiction,19,19,33.97516944,33.97516944,-85.00544722,-85.00544722,12,Motor Vehicle In-Transport,1,Front-to-Rear,0,No,2,Intersection,2,Four-Way Intersection,1,On Roadway,0,None,2,Dark - Not Lighted,1,Clear,0,No,0000000,Not Applicable,1,1:00am-1:59am,15,15,1,1:00am-1:59am,20,20,88,Not Applicable (Not Transported),88,Not Applicable (Not Transported),1