STATE,STATENAME,ST_CASE,PEDS,PERNOTMVIT,VE_TOTAL,VE_FORMS,PVH_INVL,PERSONS,PERMVIT,COUNTY,COUNTYNAME,CITY,CITYNAME,MONTH,MONTHNAME,DAY,DAYNAME,DAY_WEEK,DAY_WEEKNAME,YEAR,HOUR,HOURNAME,MINUTE,MINUTENAME,TWAY_ID,TWAY_ID2,ROUTE,ROUTENAME,RUR_URB,RUR_URBNAME,FUNC_SYS,FUNC_SYSNAME,RD_OWNER,RD_OWNERNAME,NHS,NHSNAME,SP_JUR,SP_JURNAME,MILEPT,MILEPTNAME,LATITUDE,LATITUDENAME,LONGITUD,LONGITUDNAME,HARM_EV,HARM_EVNAME,MAN_COLL,MAN_COLLNAME,RELJCT1,RELJCT1NAME,RELJCT2,RELJCT2NAME,TYP_INT,TYP_INTNAME,REL_ROAD,REL_ROADNAME,WRK_ZONE,WRK_ZONENAME,LGT_COND,LGT_CONDNAME,WEATHER,WEATHERNAME,SCH_BUS,SCH_BUSNAME,RAIL,RAILNAME,NOT_HOUR,NOT_HOURNAME,NOT_MIN,NOT_MINNAME,ARR_HOUR,ARR_HOURNAME,ARR_MIN,ARR_MINNAME,HOSP_HR,HOSP_HRNAME,HOSP_MN,HOSP_MNNAME,FATALS
13,Georgia,130761,0,0,1,1,0,1,1,21,BIBB (21),3390,MACON,6,June,19,19,1,Sunday,2022,21,9:00pm-9:59pm,41,41,CR-526900 RIVOLI DR,NA,4,County Road,2,Urban,7,Local,2,County Highway Agency,0,This section IS NOT on the NHS,0,No Special Jurisdiction,8,8,32.87337222,32.87337222,-83.70415833,-83.70415833,59,Traffic Sign Support,0,The First Harmful Event was Not a Collision with a Motor Vehicle in Transport,0,No,1,Non-Junction,1,Not an Intersection,4,On Roadside,0,None,2,Dark - Not Lighted,1,Clear,0,No,0000000,Not Applicable,21,9:00pm-9:59pm,42,42,21,9:00pm-9:59pm,52,52,88,Not Applicable (Not Transported),88,Not Applicable (Not Transported),1
13,Georgia,130762,0,0,1,1,0,3,3,153,HOUSTON (153),2985,KATHLEEN,6,June,20,20,2,Monday,2022,17,5:00pm-5:59pm,22,22,CR-017700,NA,4,County Road,2,Urban,7,Local,2,County Highway Agency,0,This section IS NOT on the NHS,0,No Special Jurisdiction,5,5,32.52685278,32.52685278,-83.62646667,-83.62646667,1,Rollover/Overturn,0,The First Harmful Event was Not a Collision with a Motor Vehicle in Transport,0,No,1,Non-Junction,1,Not an Intersection,1,On Roadway,0,None,1,Daylight,1,Clear,0,No,0000000,Not Applicable,17,5:00pm-5:59pm,30,30,17,5:00pm-5:59pm,31,31,18,6:00pm-6:59pm,28,28,1
13,Georgia,130763,0,0,2,2,0,2,2,15,BARTOW (15),0,NOT APPLICABLE,6,June,21,21,3,Tuesday,2022,15,3:00pm-3:59pm,38,38,SR-61,NA,3,State Highway,1,Rural,4,Minor Arterial,1,State Highway Agency,0,This section IS NOT on the NHS,0,No Special Jurisdiction,204,204,34.32735556,34.32735556,-84.71748333,-84.71748333,12,Motor Vehicle In-Transport,6,Angle,0,No,8,Driveway Access Related,1,Not an Intersection,1,On Roadway,0,None,1,Daylight,1,Clear,0,No,0000000,Not Applicable,15,3:00pm-3:59pm,48,48,16,4:00pm-4:59pm,1,1,88,Not Applicable (Not Transported),88,Not Applicable (Not Transported),1
13,Georgia,130764,0,0,1,1,0,1,1,271,TELFAIR (271),2892,JACKSONVILLE,6,June,22,22,4,Wednesday,2022,5,5:00am-5:59am,50,50,SR-117,NA,3,State Highway,1,Rural,5,Major Collector,1,State Highway Agency,0,This section IS NOT on the NHS,0,No Special Jurisdiction,286,286,31.86525,31.86525,-83.10858611,-83.10858611,34,Ditch,0,The First Harmful Event was Not a Collision with a Motor Vehicle in Transport,0,No,1,Non-Junction,1,Not an Intersection,4,On Roadside,0,None,4,Dawn,1,Clear,0,No,0000000,Not Applicable,5,5:00am-5:59am,59,59,6,6:00am-6:59am,24,24,88,Not Applicable (Not Transported),88,Not Applicable (Not Transported),1
13,Georgia,130765,0,0,2,2,0,2,2,247,ROCKDALE (247),1320,CONYERS,6,June,22,22,4,Wednesday,2022,21,9:00pm-9:59pm,49,49,SR-162,I-20,3,State Highway,2,Urban,4,Minor Arterial,1,State Highway Agency,0,This section IS NOT on the NHS,0,No Special Jurisdiction,20,20,33.63461389,33.63461389,-83.97813056,-83.97813056,12,Motor Vehicle In-Transport,6,Angle,1,Yes,2,Intersection,4,Y-Intersection,1,On Roadway,0,None,3,Dark - Lighted,1,Clear,0,No,0000000,Not Applicable,22,10:00pm-10:59pm,1,1,22,10:00pm-10:59pm,7,7,22,10:00pm-10:59pm,27,27,1
13,Georgia,130766,0,0,1,1,0,2,2,63,CLAYTON (63),0,NOT APPLICABLE,6,June,24,24,6,Friday,2022,9,9:00am-9:59am,22,22,BETHSAIDA RD,NA,6,Local Street - Municipality,2,Urban,4,Minor Arterial,4,City or Municipal Highway Agency,0,This section IS NOT on the NHS,0,No Special Jurisdiction,4,4,33.56505833,33.56505833,-84.45421111,-84.45421111,42,Tree (Standing Only),0,The First Harmful Event was Not a Collision with a Motor Vehicle in Transport,0,No,1,Non-Junction,1,Not an Intersection,4,On Roadside,0,None,1,Daylight,1,Clear,0,No,0000000,Not Applicable,9,9:00am-9:59am,22,22,9,9:00am-9:59am,26,26,10,10:00am-10:59am,0,0,1
13,Georgia,130767,1,1,1,1,0,2,2,175,LAURENS (175),1780,DUBLIN,6,June,16,16,5,Thursday,2022,23,11:00pm-11:59pm,26,26,SR-26,NA,3,State Highway,2,Urban,3,Principal Arterial - Other,1,State Highway Agency,1,This section IS ON the NHS,0,No Special Jurisdiction,249,249,32.54988611,32.54988611,-82.97306111,-82.97306111,8,Pedestrian,0,The First Harmful Event was Not a Collision with a Motor Vehicle in Transport,0,No,1,Non-Junction,1,Not an Intersection,11,Continuous Left - Turn Lane,0,None,2,Dark - Not Lighted,1,Clear,0,No,0000000,Not Applicable,23,11:00pm-11:59pm,27,27,23,11:00pm-11:59pm,35,35,23,11:00pm-11:59pm,51,51,1
13,Georgia,130768,0,0,2,2,0,4,4,121,FULTON (121),9997,Other,6,June,19,19,1,Sunday,2022,0,0:00am-0:59am,15,15,CR-138900,NA,4,County Road,2,Urban,4,Minor Arterial,2,County Highway Agency,0,This section IS NOT on the NHS,0,No Special Jurisdiction,2,2,33.62695556,33.62695556,-84.49198611,-84.49198611,12,Motor Vehicle In-Transport,2,Front-to-Front,0,No,1,Non-Junction,1,Not an Intersection,1,On Roadway,0,None,3,Dark - Lighted,1,Clear,0,No,0000000,Not Applicable,0,0:00am-0:59am,16,16,0,0:00am-0:59am,25,25,0,0:00am-0:59am,40,40,1
13,Georgia,130769,0,0,2,2,0,2,2,67,COBB (67),3440,MARIETTA,6,June,19,19,1,Sunday,2022,8,8:00am-8:59am,6,6,CR-244800,SCOTT DR,4,County Road,2,Urban,7,Local,2,County Highway Agency,0,This section IS NOT on the NHS,0,No Special Jurisdiction,0,None,33.94818611,33.94818611,-84.50190556,-84.50190556,12,Motor Vehicle In-Transport,6,Angle,0,No,2,Intersection,2,Four-Way Intersection,1,On Roadway,0,None,1,Daylight,1,Clear,0,No,0000000,Not Applicable,8,8:00am-8:59am,6,6,8,8:00am-8:59am,14,14,8,8:00am-8:59am,39,39,1
13,Georgia,130770,0,0,1,1,0,1,1,121,FULTON (121),9997,Other,6,June,19,19,1,Sunday,2022,18,6:00pm-6:59pm,37,37,CR-137400,NA,4,County Road,2,Urban,4,Minor Arterial,2,County Highway Agency,0,This section IS NOT on the NHS,0,No Special Jurisdiction,61,61,33.65344722,33.65344722,-84.58573611,-84.58573611,32,Culvert,0,The First Harmful Event was Not a Collision with a Motor Vehicle in Transport,0,No,1,Non-Junction,1,Not an Intersection,4,On Roadside,0,None,1,Daylight,1,Clear,0,No,0000000,Not Applicable,18,6:00pm-6:59pm,42,42,18,6:00pm-6:59pm,55,55,88,Not Applicable (Not Transported),88,Not Applicable (Not Transported),1
13,Georgia,130771,1,1,1,1,0,1,1,119,FRANKLIN (119),0,NOT APPLICABLE,6,June,20,20,2,Monday,2022,22,10:00pm-10:59pm,4,4,SR-17,NA,3,State Highway,1,Rural,3,Principal Arterial - Other,1,State Highway Agency,1,This section IS ON the NHS,0,No Special Jurisdiction,118,118,34.44490833,34.44490833,-83.11763611,-83.11763611,8,Pedestrian,0,The First Harmful Event was Not a Collision with a Motor Vehicle in Transport,0,No,1,Non-Junction,1,Not an Intersection,1,On Roadway,0,None,3,Dark - Lighted,1,Clear,0,No,0000000,Not Applicable,22,10:00pm-10:59pm,46,46,22,10:00pm-10:59pm,51,51,23,11:00pm-11:59pm,16,16,1
13,Georgia,130772,0,0,1,1,0,3,3,273,TERRELL (273),4900,SASSER,6,June,22,22,4,Wednesday,2022,10,10:00am-10:59am,32,32,CALLIS ROAD,SELLERS ROAD,6,Local Street - Municipality,1,Rural,5,Major Collector,4,City or Municipal Highway Agency,0,This section IS NOT on the NHS,0,No Special Jurisdiction,13,13,31.74313333,31.74313333,-84.350475,-84.350475,1,Rollover/Overturn,0,The First Harmful Event was Not a Collision with a Motor Vehicle in Transport,0,No,3,Intersection-Related,4,Y-Intersection,1,On Roadway,0,None,1,Daylight,1,Clear,0,No,0000000,Not Applicable,10,10:00am-10:59am,32,32,10,10:00am-10:59am,37,37,12,12:00pm-12:59pm,49,49,1
13,Georgia,130773,0,0,2,2,0,3,3,121,FULTON (121),4790,ROSWELL,6,June,22,22,4,Wednesday,2022,13,1:00pm-1:59pm,11,11,MANSELL RD,APPLEWOOD DR,6,Local Street - Municipality,2,Urban,7,Local,4,City or Municipal Highway Agency,0,This section IS NOT on the NHS,0,No Special Jurisdiction,3,3,34.042825,34.042825,-84.34586944,-84.34586944,12,Motor Vehicle In-Transport,6,Angle,0,No,2,Intersection,3,T-Intersection,1,On Roadway,0,None,1,Daylight,1,Clear,0,No,0000000,Not Applicable,13,1:00pm-1:59pm,12,12,13,1:00pm-1:59pm,23,23,13,1:00pm-1:59pm,44,44,1
13,Georgia,130774,0,0,1,1,0,1,1,245,RICHMOND (245),310,AUGUSTA,6,June,26,26,1,Sunday,2022,19,7:00pm-7:59pm,51,51,SR-54 DEANS BRIDGE RD,NA,3,State Highway,2,Urban,3,Principal Arterial - Other,1,State Highway Agency,1,This section IS ON the NHS,0,No Special Jurisdiction,31,31,33.30003889,33.30003889,-82.25123889,-82.25123889,1,Rollover/Overturn,0,The First Harmful Event was Not a Collision with a Motor Vehicle in Transport,0,No,1,Non-Junction,1,Not an Intersection,3,On Median,0,None,5,Dusk,1,Clear,0,No,0000000,Not Applicable,99,Unknown,98,Unknown if Notified,99,Unknown EMS Scene Arrival Hour,98,Unknown if Arrived,88,Not Applicable (Not Transported),88,Not Applicable (Not Transported),1
13,Georgia,130775,0,0,3,3,0,3,3,151,HENRY (151),5210,STOCKBRIDGE,6,June,23,23,5,Thursday,2022,4,4:00am-4:59am,50,50,I-75,NA,1,Interstate,2,Urban,1,Interstate,1,State Highway Agency,1,This section IS ON the NHS,0,No Special Jurisdiction,158,158,33.50133611,33.50133611,-84.22615833,-84.22615833,7,Other Non-Collision,0,The First Harmful Event was Not a Collision with a Motor Vehicle in Transport,0,No,1,Non-Junction,1,Not an Intersection,1,On Roadway,0,None,2,Dark - Not Lighted,1,Clear,0,No,0000000,Not Applicable,99,Unknown,98,Unknown if Notified,99,Unknown EMS Scene Arrival Hour,98,Unknown if Arrived,88,Not Applicable (Not Transported),88,Not Applicable (Not Transported),1
13,Georgia,130776,0,0,2,2,0,4,4,261,SUMTER (261),170,AMERICUS,6,June,24,24,6,Friday,2022,15,3:00pm-3:59pm,32,32,MASK ROAD,HOOKS MILL ROAD,6,Local Street - Municipality,2,Urban,7,Local,4,City or Municipal Highway Agency,0,This section IS NOT on the NHS,0,No Special Jurisdiction,20,20,32.01138889,32.01138889,-84.20543889,-84.20543889,12,Motor Vehicle In-Transport,6,Angle,0,No,2,Intersection,2,Four-Way Intersection,1,On Roadway,0,None,1,Daylight,2,Rain,0,No,0000000,Not Applicable,15,3:00pm-3:59pm,27,27,15,3:00pm-3:59pm,35,35,16,4:00pm-4:59pm,8,8,1
13,Georgia,130777,0,0,2,2,0,2,2,27,BROOKS (27),4530,QUITMAN,6,June,24,24,6,Friday,2022,16,4:00pm-4:59pm,53,53,SR-76,SR-333,3,State Highway,1,Rural,4,Minor Arterial,1,State Highway Agency,0,This section IS NOT on the NHS,0,No Special Jurisdiction,119,119,30.79751111,30.79751111,-83.556525,-83.556525,12,Motor Vehicle In-Transport,1,Front-to-Rear,0,No,3,Intersection-Related,2,Four-Way Intersection,1,On Roadway,0,None,1,Daylight,10,Cloudy,0,No,0000000,Not Applicable,16,4:00pm-4:59pm,58,58,17,5:00pm-5:59pm,3,3,17,5:00pm-5:59pm,30,30,1
13,Georgia,130778,0,0,1,1,0,2,2,51,CHATHAM (51),4910,SAVANNAH,6,June,24,24,6,Friday,2022,23,11:00pm-11:59pm,29,29,LIBERTY PARKWAY,NA,6,Local Street - Municipality,2,Urban,5,Major Collector,4,City or Municipal Highway Agency,0,This section IS NOT on the NHS,0,No Special Jurisdiction,2,2,32.03833056,32.03833056,-81.14619167,-81.14619167,33,Curb,0,The First Harmful Event was Not a Collision with a Motor Vehicle in Transport,0,No,1,Non-Junction,1,Not an Intersection,4,On Roadside,0,None,3,Dark - Lighted,1,Clear,0,No,0000000,Not Applicable,23,11:00pm-11:59pm,38,38,23,11:00pm-11:59pm,44,44,99,Unknown,99,Unknown EMS Hospital Arrival Time,1
13,Georgia,130779,0,0,2,2,0,3,3,125,GLASCOCK (125),2340,GIBSON,6,June,25,25,7,Saturday,2022,12,12:00pm-12:59pm,7,7,SR-171,NA,3,State Highway,1,Rural,5,Major Collector,1,State Highway Agency,0,This section IS NOT on the NHS,0,No Special Jurisdiction,132,132,33.30418056,33.30418056,-82.59985,-82.59985,12,Motor Vehicle In-Transport,2,Front-to-Front,0,No,1,Non-Junction,1,Not an Intersection,1,On Roadway,0,None,1,Daylight,1,Clear,0,No,0000000,Not Applicable,12,12:00pm-12:59pm,16,16,12,12:00pm-12:59pm,36,36,99,Unknown,99,Unknown EMS Hospital Arrival Time,1
13,Georgia,130780,0,0,1,1,0,2,2,157,JACKSON (157),2810,HOSCHTON,6,June,25,25,7,Saturday,2022,17,5:00pm-5:59pm,37,37,I-85,NA,1,Interstate,2,Urban,1,Interstate,1,State Highway Agency,1,This section IS ON the NHS,0,No Special Jurisdiction,57,57,34.12926667,34.12926667,-83.70221111,-83.70221111,25,Concrete Traffic Barrier,0,The First Harmful Event was Not a Collision with a Motor Vehicle in Transport,0,No,1,Non-Junction,1,Not an Intersection,3,On Median,1,Construction,1,Daylight,1,Clear,0,No,0000000,Not Applicable,17,5:00pm-5:59pm,38,38,17,5:00pm-5:59pm,47,47,88,Not Applicable (Not Transported),88,Not Applicable (Not Transported),2
13,Georgia,130781,1,1,1,1,0,1,1,139,HALL (139),2285,GAINESVILLE,6,June,25,25,7,Saturday,2022,18,6:00pm-6:59pm,30,30,THOUSAND OAK DRIVE,NA,6,Local Street - Municipality,2,Urban,7,Local,4,City or Municipal Highway Agency,0,This section IS NOT on the NHS,0,No Special Jurisdiction,0,None,34.26175833,34.26175833,-83.73298611,-83.73298611,8,Pedestrian,0,The First Harmful Event was Not a Collision with a Motor Vehicle in Transport,0,No,8,Driveway Access Related,1,Not an Intersection,1,On Roadway,0,None,1,Daylight,1,Clear,0,No,0000000,Not Applicable,18,6:00pm-6:59pm,33,33,18,6:00pm-6:59pm,33,33,88,Not Applicable (Not Transported),88,Not Applicable (Not Transported),1
13,Georgia,130782,0,0,2,2,0,2,2,245,RICHMOND (245),310,AUGUSTA,6,June,25,25,7,Saturday,2022,22,10:00pm-10:59pm,39,39,SR-383 JIMMIE DYESS PKWY,NA,3,State Highway,2,Urban,3,Principal Arterial - Other,1,State Highway Agency,1,This section IS ON the NHS,0,No Special Jurisdiction,16,16,33.46440556,33.46440556,-82.11896111,-82.11896111,12,Motor Vehicle In-Transport,7,Sideswipe - Same Direction,0,No,1,Non-Junction,1,Not an Intersection,1,On Roadway,0,None,2,Dark - Not Lighted,1,Clear,0,No,0000000,Not Applicable,99,Unknown,98,Unknown if Notified,99,Unknown EMS Scene Arrival Hour,98,Unknown if Arrived,88,Not Applicable (Not Transported),88,Not Applicable (Not Transported),1
13,Georgia,130783,0,0,1,1,0,1,1,71,COLQUITT (71),4000,NORMAN PARK,6,June,26,26,1,Sunday,2022,5,5:00am-5:59am,25,25,COOL SPRINGS ROAD,NA,5,Local Street - Township,1,Rural,5,Major Collector,3,Town or Township Highway Agency,0,This section IS NOT on the NHS,0,No Special Jurisdiction,20,20,31.21476389,31.21476389,-83.72609167,-83.72609167,32,Culvert,0,The First Harmful Event was Not a Collision with a Motor Vehicle in Transport,0,No,1,Non-Junction,1,Not an Intersection,4,On Roadside,0,None,2,Dark - Not Lighted,1,Clear,0,No,0000000,Not Applicable,5,5:00am-5:59am,37,37,5,5:00am-5:59am,49,49,88,Not Applicable (Not Transported),88,Not Applicable (Not Transported),1
13,Georgia,130784,0,0,1,1,0,1,1,49,CHARLTON (49),2170,FOLKSTON,6,June,26,26,1,Sunday,2022,6,6:00am-6:59am,49,49,SR-23,NA,3,State Highway,1,Rural,5,Major Collector,1,State Highway Agency,0,This section IS NOT on the NHS,0,No Special Jurisdiction,298,298,30.76203611,30.76203611,-82.06893611,-82.06893611,1,Rollover/Overturn,0,The First Harmful Event was Not a Collision with a Motor Vehicle in Transport,0,No,1,Non-Junction,1,Not an Intersection,4,On Roadside,0,None,4,Dawn,1,Clear,0,No,0000000,Not Applicable,6,6:00am-6:59am,54,54,7,7:00am-7:59am,4,4,88,Not Applicable (Not Transported),88,Not Applicable (Not Transported),1
13,Georgia,130785,1,1,1,1,0,1,1,73,COLUMBIA (73),3463,MARTINEZ,6,June,26,26,1,Sunday,2022,9,9:00am-9:59am,58,58,SR-383 4099 JIMMY DYESS PKWY,NA,3,State Highway,2,Urban,3,Principal Arterial - Other,1,State Highway Agency,1,This section IS ON the NHS,0,No Special Jurisdiction,99998,Not Reported,33.48114722,33.48114722,-82.13084167,-82.13084167,8,Pedestrian,0,The First Harmful Event was Not a Collision with a Motor Vehicle in Transport,1,Yes,8,Driveway Access Related,1,Not an Intersection,1,On Roadway,0,None,1,Daylight,1,Clear,0,No,0000000,Not Applicable,10,10:00am-10:59am,1,1,10,10:00am-10:59am,9,9,88,Not Applicable (Not Transported),88,Not Applicable (Not Transported),1
13,Georgia,130786,0,0,1,1,0,1,1,21,BIBB (21),3390,MACON,6,June,27,27,2,Monday,2022,7,7:00am-7:59am,54,54,I-75 S,NA,1,Interstate,2,Urban,1,Interstate,1,State Highway Agency,1,This section IS ON the NHS,0,No Special Jurisdiction,0,None,32.85525556,32.85525556,-83.63747778,-83.63747778,26,Other Traffic Barrier,0,The First Harmful Event was Not a Collision with a Motor Vehicle in Transport,1,Yes,5,Entrance/Exit Ramp Related,1,Not an Intersection,4,On Roadside,1,Construction,1,Daylight,1,Clear,0,No,0000000,Not Applicable,99,Unknown,98,Unknown if Notified,99,Unknown EMS Scene Arrival Hour,98,Unknown if Arrived,88,Not Applicable (Not Transported),88,Not Applicable (Not Transported),1
13,Georgia,130787,1,1,1,1,0,1,1,135,GWINNETT (135),5080,SNELLVILLE,6,June,27,27,2,Monday,2022,16,4:00pm-4:59pm,7,7,HEWATT RD,NA,6,Local Street - Municipality,2,Urban,5,Major Collector,4,City or Municipal Highway Agency,0,This section IS NOT on the NHS,0,No Special Jurisdiction,2,2,33.83099167,33.83099167,-84.05426389,-84.05426389,8,Pedestrian,0,The First Harmful Event was Not a Collision with a Motor Vehicle in Transport,0,No,1,Non-Junction,1,Not an Intersection,1,On Roadway,0,None,1,Daylight,10,Cloudy,0,No,0000000,Not Applicable,99,Unknown,98,Unknown if Notified,99,Unknown EMS Scene Arrival Hour,98,Unknown if Arrived,88,Not Applicable (Not Transported),88,Not Applicable (Not Transported),1
13,Georgia,130788,0,0,2,2,0,3,3,67,COBB (67),0,NOT APPLICABLE,3,March,10,10,5,Thursday,2022,16,4:00pm-4:59pm,41,41,SANDY PLAINS RD,SHALLOWFORD RD,6,Local Street - Municipality,2,Urban,4,Minor Arterial,4,City or Municipal Highway Agency,0,This section IS NOT on the NHS,0,No Special Jurisdiction,24,24,34.03442778,34.03442778,-84.46454722,-84.46454722,12,Motor Vehicle In-Transport,2,Front-to-Front,0,No,3,Intersection-Related,7,"Five Point, or More",1,On Roadway,0,None,1,Daylight,1,Clear,0,No,0000000,Not Applicable,16,4:00pm-4:59pm,41,41,16,4:00pm-4:59pm,43,43,99,Unknown,99,Unknown EMS Hospital Arrival Time,1
13,Georgia,130789,0,0,1,1,0,1,1,135,GWINNETT (135),1810,DULUTH,5,May,15,15,1,Sunday,2022,18,6:00pm-6:59pm,14,14,SR-141,NA,3,State Highway,2,Urban,3,Principal Arterial - Other,1,State Highway Agency,1,This section IS ON the NHS,0,No Special Jurisdiction,2,2,33.98810278,33.98810278,-84.17022778,-84.17022778,33,Curb,0,The First Harmful Event was Not a Collision with a Motor Vehicle in Transport,0,No,1,Non-Junction,1,Not an Intersection,4,On Roadside,0,None,1,Daylight,1,Clear,0,No,0000000,Not Applicable,18,6:00pm-6:59pm,15,15,18,6:00pm-6:59pm,18,18,88,Not Applicable (Not Transported),88,Not Applicable (Not Transported),1
13,Georgia,130790,0,0,2,2,0,2,2,113,FAYETTE (113),2110,FAYETTEVILLE,5,May,28,28,7,Saturday,2022,7,7:00am-7:59am,10,10,SR-92,FORREST AVE,3,State Highway,2,Urban,3,Principal Arterial - Other,1,State Highway Agency,1,This section IS ON the NHS,0,No Special Jurisdiction,120,120,33.45688611,33.45688611,-84.45430556,-84.45430556,12,Motor Vehicle In-Transport,6,Angle,0,No,2,Intersection,2,Four-Way Intersection,1,On Roadway,0,None,1,Daylight,1,Clear,0,No,0000000,Not Applicable,7,7:00am-7:59am,13,13,7,7:00am-7:59am,17,17,7,7:00am-7:59am,34,34,1
13,Georgia,130791,0,0,2,2,0,6,6,91,DODGE (91),1880,EASTMAN,6,June,23,23,5,Thursday,2022,17,5:00pm-5:59pm,7,7,SR-27,9TH ST,3,State Highway,2,Urban,3,Principal Arterial - Other,1,State Highway Agency,1,This section IS ON the NHS,0,No Special Jurisdiction,74,74,32.1857,32.1857,-83.19963889,-83.19963889,12,Motor Vehicle In-Transport,6,Angle,0,No,2,Intersection,2,Four-Way Intersection,1,On Roadway,0,None,1,Daylight,2,Rain,0,No,0000000,Not Applicable,17,5:00pm-5:59pm,5,5,17,5:00pm-5:59pm,8,8,17,5:00pm-5:59pm,39,39,1
13,Georgia,130792,0,0,1,1,0,1,1,45,CARROLL (45),630,BOWDON,6,June,23,23,5,Thursday,2022,21,9:00pm-9:59pm,20,20,SR-100,NA,3,State Highway,1,Rural,5,Major Collector,1,State Highway Agency,0,This section IS NOT on the NHS,0,No Special Jurisdiction,107,107,33.56336389,33.56336389,-85.25128333,-85.25128333,1,Rollover/Overturn,0,The First Harmful Event was Not a Collision with a Motor Vehicle in Transport,0,No,1,Non-Junction,1,Not an Intersection,4,On Roadside,1,Construction,2,Dark - Not Lighted,1,Clear,0,No,0000000,Not Applicable,21,9:00pm-9:59pm,26,26,21,9:00pm-9:59pm,34,34,22,10:00pm-10:59pm,21,21,1
13,Georgia,130793,0,0,2,2,0,4,4,77,COWETA (77),4960,SENOIA,6,June,24,24,6,Friday,2022,11,11:00am-11:59am,2,2,SR-85,NA,3,State Highway,2,Urban,4,Minor Arterial,1,State Highway Agency,0,This section IS NOT on the NHS,0,No Special Jurisdiction,3,3,33.31543056,33.31543056,-84.52546944,-84.52546944,12,Motor Vehicle In-Transport,2,Front-to-Front,0,No,1,Non-Junction,1,Not an Intersection,1,On Roadway,0,None,1,Daylight,1,Clear,0,No,0000000,Not Applicable,11,11:00am-11:59am,7,7,11,11:00am-11:59am,22,22,12,12:00pm-12:59pm,12,12,1
13,Georgia,130794,0,0,2,2,0,2,2,121,FULTON (121),280,ATLANTA,6,June,24,24,6,Friday,2022,19,7:00pm-7:59pm,52,52,CAMPBELLTON RD SW,EPWORTH ST SW,6,Local Street - Municipality,2,Urban,4,Minor Arterial,4,City or Municipal Highway Agency,0,This section IS NOT on the NHS,0,No Special Jurisdiction,3,3,33.71608056,33.71608056,-84.43083056,-84.43083056,12,Motor Vehicle In-Transport,6,Angle,0,No,2,Intersection,3,T-Intersection,1,On Roadway,0,None,1,Daylight,1,Clear,0,No,0000000,Not Applicable,19,7:00pm-7:59pm,52,52,20,8:00pm-8:59pm,0,0,20,8:00pm-8:59pm,30,30,1
13,Georgia,130795,0,0,2,2,0,6,6,209,MONTGOMERY (209),5670,UVALDA,6,June,26,26,1,Sunday,2022,14,2:00pm-2:59pm,51,51,SOUTH OLD RIVER ROAD,ADAMS ROAD,6,Local Street - Municipality,1,Rural,7,Local,4,City or Municipal Highway Agency,0,This section IS NOT on the NHS,0,No Special Jurisdiction,50,50,32.01196111,32.01196111,-82.54938611,-82.54938611,12,Motor Vehicle In-Transport,6,Angle,0,No,2,Intersection,2,Four-Way Intersection,1,On Roadway,0,None,1,Daylight,1,Clear,0,No,0000000,Not Applicable,14,2:00pm-2:59pm,54,54,15,3:00pm-3:59pm,4,4,88,Not Applicable (Not Transported),88,Not Applicable (Not Transported),2
13,Georgia,130796,0,0,1,1,0,2,2,69,COFFEE (69),1760,DOUGLAS,6,June,26,26,1,Sunday,2022,20,8:00pm-8:59pm,6,6,SR-32,NA,3,State Highway,2,Urban,4,Minor Arterial,1,State Highway Agency,1,This section IS ON the NHS,0,No Special Jurisdiction,163,163,31.50386111,31.50386111,-82.80404722,-82.80404722,32,Culvert,0,The First Harmful Event was Not a Collision with a Motor Vehicle in Transport,0,No,1,Non-Junction,1,Not an Intersection,4,On Roadside,0,None,1,Daylight,1,Clear,0,No,0000000,Not Applicable,20,8:00pm-8:59pm,6,6,20,8:00pm-8:59pm,14,14,88,Not Applicable (Not Transported),88,Not Applicable (Not Transported),2
13,Georgia,130797,0,0,3,3,0,6,6,63,CLAYTON (63),9997,Other,6,June,27,27,2,Monday,2022,5,5:00am-5:59am,10,10,SR-3 TARA BLVD,NA,3,State Highway,2,Urban,3,Principal Arterial - Other,1,State Highway Agency,1,This section IS ON the NHS,0,No Special Jurisdiction,23,23,33.46073333,33.46073333,-84.33015278,-84.33015278,12,Motor Vehicle In-Transport,2,Front-to-Front,0,No,1,Non-Junction,1,Not an Intersection,1,On Roadway,0,None,3,Dark - Lighted,10,Cloudy,0,No,0000000,Not Applicable,99,Unknown,99,Unknown,99,Unknown EMS Scene Arrival Hour,99,Unknown EMS Scene Arrival Minutes,99,Unknown,99,Unknown EMS Hospital Arrival Time,1
13,Georgia,130798,0,0,3,3,0,3,3,121,FULTON (121),280,ATLANTA,6,June,28,28,3,Tuesday,2022,7,7:00am-7:59am,5,5,RAWSON ST SW,PRYOR ST SW,6,Local Street - Municipality,2,Urban,7,Local,4,City or Municipal Highway Agency,0,This section IS NOT on the NHS,0,No Special Jurisdiction,2,2,33.74457778,33.74457778,-84.39451944,-84.39451944,12,Motor Vehicle In-Transport,1,Front-to-Rear,1,Yes,2,Intersection,2,Four-Way Intersection,1,On Roadway,0,None,1,Daylight,1,Clear,0,No,0000000,Not Applicable,99,Unknown,99,Unknown,99,Unknown EMS Scene Arrival Hour,99,Unknown EMS Scene Arrival Minutes,99,Unknown,99,Unknown EMS Hospital Arrival Time,1