STATE,STATENAME,ST_CASE,PEDS,PERNOTMVIT,VE_TOTAL,VE_FORMS,PVH_INVL,PERSONS,PERMVIT,COUNTY,COUNTYNAME,CITY,CITYNAME,MONTH,MONTHNAME,DAY,DAYNAME,DAY_WEEK,DAY_WEEKNAME,YEAR,HOUR,HOURNAME,MINUTE,MINUTENAME,TWAY_ID,TWAY_ID2,ROUTE,ROUTENAME,RUR_URB,RUR_URBNAME,FUNC_SYS,FUNC_SYSNAME,RD_OWNER,RD_OWNERNAME,NHS,NHSNAME,SP_JUR,SP_JURNAME,MILEPT,MILEPTNAME,LATITUDE,LATITUDENAME,LONGITUD,LONGITUDNAME,HARM_EV,HARM_EVNAME,MAN_COLL,MAN_COLLNAME,RELJCT1,RELJCT1NAME,RELJCT2,RELJCT2NAME,TYP_INT,TYP_INTNAME,REL_ROAD,REL_ROADNAME,WRK_ZONE,WRK_ZONENAME,LGT_COND,LGT_CONDNAME,WEATHER,WEATHERNAME,SCH_BUS,SCH_BUSNAME,RAIL,RAILNAME,NOT_HOUR,NOT_HOURNAME,NOT_MIN,NOT_MINNAME,ARR_HOUR,ARR_HOURNAME,ARR_MIN,ARR_MINNAME,HOSP_HR,HOSP_HRNAME,HOSP_MN,HOSP_MNNAME,FATALS
13,Georgia,130839,0,0,1,1,0,2,2,151,HENRY (151),3360,MCDONOUGH,7,July,9,9,7,Saturday,2022,0,0:00am-0:59am,13,13,SR-20,NA,3,State Highway,2,Urban,4,Minor Arterial,1,State Highway Agency,0,This section IS NOT on the NHS,0,No Special Jurisdiction,59,59,33.46984722,33.46984722,-84.11668056,-84.11668056,32,Culvert,0,The First Harmful Event was Not a Collision with a Motor Vehicle in Transport,0,No,1,Non-Junction,1,Not an Intersection,4,On Roadside,0,None,2,Dark - Not Lighted,10,Cloudy,0,No,0000000,Not Applicable,0,0:00am-0:59am,16,16,0,0:00am-0:59am,23,23,0,0:00am-0:59am,55,55,1
13,Georgia,130840,0,0,1,1,0,1,1,125,GLASCOCK (125),2340,GIBSON,7,July,8,8,6,Friday,2022,18,6:00pm-6:59pm,13,13,CR-114,NA,4,County Road,1,Rural,5,Major Collector,2,County Highway Agency,0,This section IS NOT on the NHS,0,No Special Jurisdiction,17,17,33.24749722,33.24749722,-82.54840833,-82.54840833,59,Traffic Sign Support,0,The First Harmful Event was Not a Collision with a Motor Vehicle in Transport,0,No,1,Non-Junction,1,Not an Intersection,4,On Roadside,0,None,1,Daylight,1,Clear,0,No,0000000,Not Applicable,18,6:00pm-6:59pm,15,15,19,7:00pm-7:59pm,0,0,88,Not Applicable (Not Transported),88,Not Applicable (Not Transported),1
13,Georgia,130841,0,0,1,1,0,1,1,241,RABUN (241),9997,Other,7,July,9,9,7,Saturday,2022,0,0:00am-0:59am,40,40,CS-BALD MOUNTAIN RD,NA,5,Local Street - Township,1,Rural,6,Minor Collector,4,City or Municipal Highway Agency,0,This section IS NOT on the NHS,0,No Special Jurisdiction,0,None,34.99498333,34.99498333,-83.33289444,-83.33289444,31,"Post, Pole or Other Supports",0,The First Harmful Event was Not a Collision with a Motor Vehicle in Transport,0,No,1,Non-Junction,1,Not an Intersection,4,On Roadside,0,None,2,Dark - Not Lighted,10,Cloudy,0,No,0000000,Not Applicable,0,0:00am-0:59am,45,45,1,1:00am-1:59am,8,8,88,Not Applicable (Not Transported),88,Not Applicable (Not Transported),1
13,Georgia,130842,1,1,1,1,0,1,1,15,BARTOW (15),980,CARTERSVILLE,7,July,9,9,7,Saturday,2022,15,3:00pm-3:59pm,40,40,CS-ROWLAND SPRINGS RD,NA,5,Local Street - Township,2,Urban,5,Major Collector,4,City or Municipal Highway Agency,0,This section IS NOT on the NHS,0,No Special Jurisdiction,6,6,34.1808,34.1808,-84.78472778,-84.78472778,9,Pedalcyclist,0,The First Harmful Event was Not a Collision with a Motor Vehicle in Transport,0,No,8,Driveway Access Related,1,Not an Intersection,1,On Roadway,0,None,1,Daylight,1,Clear,0,No,0000000,Not Applicable,15,3:00pm-3:59pm,42,42,15,3:00pm-3:59pm,42,42,88,Not Applicable (Not Transported),88,Not Applicable (Not Transported),1
13,Georgia,130843,0,0,4,4,0,6,6,89,DEKALB (89),5580,TUCKER,7,July,10,10,1,Sunday,2022,17,5:00pm-5:59pm,17,17,CS-MEMORIAL DR,NA,5,Local Street - Township,2,Urban,3,Principal Arterial - Other,4,City or Municipal Highway Agency,1,This section IS ON the NHS,0,No Special Jurisdiction,95,95,33.80064722,33.80064722,-84.21278611,-84.21278611,12,Motor Vehicle In-Transport,7,Sideswipe - Same Direction,0,No,1,Non-Junction,1,Not an Intersection,1,On Roadway,0,None,1,Daylight,1,Clear,0,No,0000000,Not Applicable,19,7:00pm-7:59pm,20,20,19,7:00pm-7:59pm,50,50,20,8:00pm-8:59pm,40,40,1
13,Georgia,130844,0,0,1,1,0,3,3,119,FRANKLIN (119),900,CANON,7,July,11,11,2,Monday,2022,12,12:00pm-12:59pm,29,29,CR-1128,NA,4,County Road,1,Rural,7,Local,2,County Highway Agency,0,This section IS NOT on the NHS,0,No Special Jurisdiction,5,5,34.38649722,34.38649722,-83.12584444,-83.12584444,42,Tree (Standing Only),0,The First Harmful Event was Not a Collision with a Motor Vehicle in Transport,0,No,1,Non-Junction,1,Not an Intersection,4,On Roadside,0,None,1,Daylight,10,Cloudy,0,No,0000000,Not Applicable,12,12:00pm-12:59pm,29,29,12,12:00pm-12:59pm,37,37,88,Not Applicable (Not Transported),88,Not Applicable (Not Transported),1
13,Georgia,130845,1,1,1,1,0,4,4,121,FULTON (121),280,ATLANTA,6,June,18,18,7,Saturday,2022,19,7:00pm-7:59pm,57,57,SR-139,NA,3,State Highway,2,Urban,4,Minor Arterial,1,State Highway Agency,0,This section IS NOT on the NHS,0,No Special Jurisdiction,152,152,33.75843889,33.75843889,-84.50395278,-84.50395278,8,Pedestrian,0,The First Harmful Event was Not a Collision with a Motor Vehicle in Transport,0,No,1,Non-Junction,1,Not an Intersection,1,On Roadway,0,None,1,Daylight,1,Clear,0,No,0000000,Not Applicable,20,8:00pm-8:59pm,5,5,20,8:00pm-8:59pm,19,19,20,8:00pm-8:59pm,55,55,1
13,Georgia,130846,1,1,1,1,0,1,1,67,COBB (67),3440,MARIETTA,6,June,18,18,7,Saturday,2022,23,11:00pm-11:59pm,4,4,CS-121813,NA,6,Local Street - Municipality,2,Urban,7,Local,4,City or Municipal Highway Agency,0,This section IS NOT on the NHS,0,No Special Jurisdiction,3,3,33.9483,33.9483,-84.55398056,-84.55398056,8,Pedestrian,0,The First Harmful Event was Not a Collision with a Motor Vehicle in Transport,0,No,1,Non-Junction,1,Not an Intersection,1,On Roadway,0,None,2,Dark - Not Lighted,1,Clear,0,No,0000000,Not Applicable,23,11:00pm-11:59pm,5,5,23,11:00pm-11:59pm,10,10,23,11:00pm-11:59pm,30,30,1
13,Georgia,130847,0,0,3,3,0,4,4,51,CHATHAM (51),4910,SAVANNAH,7,July,5,5,3,Tuesday,2022,1,1:00am-1:59am,7,7,SR-204,E DE RENNE AVE,3,State Highway,2,Urban,3,Principal Arterial - Other,1,State Highway Agency,1,This section IS ON the NHS,0,No Special Jurisdiction,213,213,32.02821111,32.02821111,-81.10811667,-81.10811667,12,Motor Vehicle In-Transport,6,Angle,0,No,2,Intersection,2,Four-Way Intersection,1,On Roadway,0,None,3,Dark - Lighted,1,Clear,0,No,0000000,Not Applicable,1,1:00am-1:59am,16,16,1,1:00am-1:59am,20,20,1,1:00am-1:59am,30,30,1
13,Georgia,130848,0,0,1,1,0,1,1,157,JACKSON (157),3980,NICHOLSON,7,July,10,10,1,Sunday,2022,18,6:00pm-6:59pm,39,39,CS-OLD KINGS BRIDGE RD,NA,5,Local Street - Township,1,Rural,6,Minor Collector,4,City or Municipal Highway Agency,0,This section IS NOT on the NHS,0,No Special Jurisdiction,26,26,34.07105278,34.07105278,-83.45241667,-83.45241667,42,Tree (Standing Only),0,The First Harmful Event was Not a Collision with a Motor Vehicle in Transport,0,No,1,Non-Junction,1,Not an Intersection,5,Outside Trafficway,0,None,1,Daylight,10,Cloudy,0,No,0000000,Not Applicable,18,6:00pm-6:59pm,42,42,18,6:00pm-6:59pm,49,49,88,Not Applicable (Not Transported),88,Not Applicable (Not Transported),1
13,Georgia,130849,0,0,1,1,0,1,1,63,CLAYTON (63),2180,FOREST PARK,7,July,11,11,2,Monday,2022,22,10:00pm-10:59pm,16,16,I-75 RAMP,NA,1,Interstate,2,Urban,2,Principal Arterial - Other Freeways and Expressways,1,State Highway Agency,1,This section IS ON the NHS,0,No Special Jurisdiction,0,None,33.63209167,33.63209167,-84.40481111,-84.40481111,1,Rollover/Overturn,0,The First Harmful Event was Not a Collision with a Motor Vehicle in Transport,1,Yes,5,Entrance/Exit Ramp Related,1,Not an Intersection,4,On Roadside,0,None,2,Dark - Not Lighted,1,Clear,0,No,0000000,Not Applicable,22,10:00pm-10:59pm,17,17,23,11:00pm-11:59pm,0,0,88,Not Applicable (Not Transported),88,Not Applicable (Not Transported),1
13,Georgia,130852,0,0,1,1,0,3,3,273,TERRELL (273),0,NOT APPLICABLE,6,June,4,4,7,Saturday,2022,21,9:00pm-9:59pm,42,42,CR-016500 BETTY WISE RD,NA,4,County Road,1,Rural,5,Major Collector,2,County Highway Agency,0,This section IS NOT on the NHS,0,No Special Jurisdiction,7,7,31.81325278,31.81325278,-84.34935833,-84.34935833,42,Tree (Standing Only),0,The First Harmful Event was Not a Collision with a Motor Vehicle in Transport,0,No,1,Non-Junction,1,Not an Intersection,4,On Roadside,0,None,2,Dark - Not Lighted,1,Clear,0,No,0000000,Not Applicable,21,9:00pm-9:59pm,43,43,21,9:00pm-9:59pm,53,53,0,0:00am-0:59am,45,45,1
13,Georgia,130853,1,1,1,1,0,1,1,67,COBB (67),2080,FAIR OAKS,7,July,3,3,1,Sunday,2022,1,1:00am-1:59am,43,43,CS-AUSTELL RD,NA,5,Local Street - Township,2,Urban,4,Minor Arterial,4,City or Municipal Highway Agency,0,This section IS NOT on the NHS,0,No Special Jurisdiction,101,101,33.91771111,33.91771111,-84.55061111,-84.55061111,8,Pedestrian,0,The First Harmful Event was Not a Collision with a Motor Vehicle in Transport,0,No,1,Non-Junction,1,Not an Intersection,1,On Roadway,0,None,2,Dark - Not Lighted,1,Clear,0,No,0000000,Not Applicable,1,1:00am-1:59am,43,43,1,1:00am-1:59am,48,48,88,Not Applicable (Not Transported),88,Not Applicable (Not Transported),1
13,Georgia,130854,1,1,2,2,0,2,2,113,FAYETTE (113),2110,FAYETTEVILLE,7,July,8,8,6,Friday,2022,22,10:00pm-10:59pm,26,26,CS-INMAN RD,NA,5,Local Street - Township,2,Urban,4,Minor Arterial,4,City or Municipal Highway Agency,0,This section IS NOT on the NHS,0,No Special Jurisdiction,17,17,33.401725,33.401725,-84.40996944,-84.40996944,8,Pedestrian,0,The First Harmful Event was Not a Collision with a Motor Vehicle in Transport,0,No,1,Non-Junction,1,Not an Intersection,1,On Roadway,0,None,2,Dark - Not Lighted,10,Cloudy,0,No,0000000,Not Applicable,22,10:00pm-10:59pm,26,26,22,10:00pm-10:59pm,36,36,88,Not Applicable (Not Transported),88,Not Applicable (Not Transported),1
13,Georgia,130855,0,0,2,2,0,2,2,31,BULLOCH (31),5170,STATESBORO,7,July,9,9,7,Saturday,2022,1,1:00am-1:59am,25,25,CS-FAIR RD,NA,5,Local Street - Township,2,Urban,4,Minor Arterial,4,City or Municipal Highway Agency,0,This section IS NOT on the NHS,0,No Special Jurisdiction,189,189,32.43070556,32.43070556,-81.77938889,-81.77938889,12,Motor Vehicle In-Transport,6,Angle,0,No,1,Non-Junction,1,Not an Intersection,1,On Roadway,0,None,3,Dark - Lighted,2,Rain,0,No,0000000,Not Applicable,1,1:00am-1:59am,28,28,1,1:00am-1:59am,32,32,1,1:00am-1:59am,43,43,1
13,Georgia,130856,0,0,1,1,0,2,2,199,MERIWETHER (199),5780,WARM SPRINGS,7,July,9,9,7,Saturday,2022,12,12:00pm-12:59pm,27,27,SR-85,NA,3,State Highway,1,Rural,4,Minor Arterial,1,State Highway Agency,0,This section IS NOT on the NHS,0,No Special Jurisdiction,31,31,32.87958056,32.87958056,-84.68001111,-84.68001111,30,Utility Pole/Light Support,0,The First Harmful Event was Not a Collision with a Motor Vehicle in Transport,0,No,1,Non-Junction,1,Not an Intersection,4,On Roadside,0,None,1,Daylight,2,Rain,0,No,0000000,Not Applicable,12,12:00pm-12:59pm,29,29,12,12:00pm-12:59pm,35,35,12,12:00pm-12:59pm,58,58,1
13,Georgia,130857,1,1,1,1,0,1,1,313,WHITFIELD (313),4738,ROCKY FACE,7,July,11,11,2,Monday,2022,22,10:00pm-10:59pm,20,20,SR-201,NA,3,State Highway,1,Rural,3,Principal Arterial - Other,1,State Highway Agency,0,This section IS NOT on the NHS,0,No Special Jurisdiction,0,None,34.804725,34.804725,-85.03895556,-85.03895556,8,Pedestrian,0,The First Harmful Event was Not a Collision with a Motor Vehicle in Transport,0,No,1,Non-Junction,1,Not an Intersection,1,On Roadway,0,None,2,Dark - Not Lighted,10,Cloudy,0,No,0000000,Not Applicable,22,10:00pm-10:59pm,24,24,22,10:00pm-10:59pm,34,34,88,Not Applicable (Not Transported),88,Not Applicable (Not Transported),1
13,Georgia,130858,0,0,2,2,0,2,2,297,WALTON (297),3230,LOGANVILLE,7,July,14,14,5,Thursday,2022,7,7:00am-7:59am,39,39,SR-81,NA,3,State Highway,2,Urban,4,Minor Arterial,1,State Highway Agency,0,This section IS NOT on the NHS,0,No Special Jurisdiction,156,156,33.879225,33.879225,-83.83491389,-83.83491389,12,Motor Vehicle In-Transport,2,Front-to-Front,0,No,1,Non-Junction,1,Not an Intersection,1,On Roadway,0,None,1,Daylight,10,Cloudy,0,No,0000000,Not Applicable,7,7:00am-7:59am,41,41,7,7:00am-7:59am,53,53,88,Not Applicable (Not Transported),88,Not Applicable (Not Transported),1
13,Georgia,130859,0,0,2,2,0,2,2,67,COBB (67),0,NOT APPLICABLE,3,March,13,13,1,Sunday,2022,9,9:00am-9:59am,34,34,I-20,NA,1,Interstate,2,Urban,1,Interstate,1,State Highway Agency,1,This section IS ON the NHS,0,No Special Jurisdiction,1,1,33.776625,33.776625,-84.5997,-84.5997,12,Motor Vehicle In-Transport,1,Front-to-Rear,0,No,1,Non-Junction,1,Not an Intersection,1,On Roadway,0,None,1,Daylight,1,Clear,0,No,0000000,Not Applicable,99,Unknown,98,Unknown if Notified,99,Unknown EMS Scene Arrival Hour,98,Unknown if Arrived,88,Not Applicable (Not Transported),88,Not Applicable (Not Transported),1
13,Georgia,130860,0,0,2,2,0,3,3,67,COBB (67),2990,KENNESAW,6,June,23,23,5,Thursday,2022,10,10:00am-10:59am,40,40,SR-5CO ERNEST BARRETT PKWY,COBB PLACE PKWY,3,State Highway,2,Urban,3,Principal Arterial - Other,1,State Highway Agency,1,This section IS ON the NHS,0,No Special Jurisdiction,8,8,34.00576944,34.00576944,-84.57488056,-84.57488056,12,Motor Vehicle In-Transport,6,Angle,0,No,2,Intersection,2,Four-Way Intersection,1,On Roadway,0,None,1,Daylight,1,Clear,0,No,0000000,Not Applicable,10,10:00am-10:59am,41,41,10,10:00am-10:59am,54,54,11,11:00am-11:59am,18,18,1
13,Georgia,130861,0,0,2,2,0,2,2,131,GRADY (131),850,CAIRO,7,July,3,3,1,Sunday,2022,0,0:00am-0:59am,53,53,SR-111,NA,3,State Highway,1,Rural,4,Minor Arterial,1,State Highway Agency,0,This section IS NOT on the NHS,0,No Special Jurisdiction,99,99,30.78904167,30.78904167,-84.26878056,-84.26878056,12,Motor Vehicle In-Transport,2,Front-to-Front,0,No,1,Non-Junction,1,Not an Intersection,1,On Roadway,0,None,2,Dark - Not Lighted,1,Clear,0,No,0000000,Not Applicable,0,0:00am-0:59am,53,53,1,1:00am-1:59am,10,10,1,1:00am-1:59am,53,53,1
13,Georgia,130862,0,0,2,2,0,2,2,121,FULTON (121),2060,FAIRBURN,7,July,4,4,2,Monday,2022,4,4:00am-4:59am,20,20,I-85,NA,1,Interstate,2,Urban,2,Principal Arterial - Other Freeways and Expressways,1,State Highway Agency,1,This section IS ON the NHS,0,No Special Jurisdiction,29,29,33.53823611,33.53823611,-84.59265,-84.59265,12,Motor Vehicle In-Transport,1,Front-to-Rear,0,No,1,Non-Junction,1,Not an Intersection,1,On Roadway,0,None,2,Dark - Not Lighted,10,Cloudy,0,No,0000000,Not Applicable,4,4:00am-4:59am,30,30,4,4:00am-4:59am,45,45,5,5:00am-5:59am,12,12,1
13,Georgia,130863,0,0,1,1,0,2,2,85,DAWSON (85),1590,DAWSONVILLE,7,July,9,9,7,Saturday,2022,18,6:00pm-6:59pm,18,18,CS-WAR HILL PARK RD,NA,5,Local Street - Township,1,Rural,6,Minor Collector,4,City or Municipal Highway Agency,0,This section IS NOT on the NHS,0,No Special Jurisdiction,27,27,34.34183889,34.34183889,-83.98394167,-83.98394167,42,Tree (Standing Only),0,The First Harmful Event was Not a Collision with a Motor Vehicle in Transport,0,No,1,Non-Junction,1,Not an Intersection,4,On Roadside,0,None,1,Daylight,1,Clear,0,No,0000000,Not Applicable,18,6:00pm-6:59pm,22,22,18,6:00pm-6:59pm,36,36,19,7:00pm-7:59pm,3,3,1
13,Georgia,130864,0,0,1,1,0,1,1,77,COWETA (77),3950,NEWNAN,7,July,10,10,1,Sunday,2022,1,1:00am-1:59am,3,3,CS-SMOKEY RD,NA,5,Local Street - Township,1,Rural,5,Major Collector,4,City or Municipal Highway Agency,0,This section IS NOT on the NHS,0,No Special Jurisdiction,25,25,33.29289722,33.29289722,-84.93081667,-84.93081667,1,Rollover/Overturn,0,The First Harmful Event was Not a Collision with a Motor Vehicle in Transport,0,No,1,Non-Junction,1,Not an Intersection,5,Outside Trafficway,0,None,2,Dark - Not Lighted,10,Cloudy,0,No,0000000,Not Applicable,1,1:00am-1:59am,6,6,1,1:00am-1:59am,18,18,88,Not Applicable (Not Transported),88,Not Applicable (Not Transported),1
13,Georgia,130865,0,0,2,2,0,2,2,87,DECATUR (87),370,BAINBRIDGE,7,July,11,11,2,Monday,2022,5,5:00am-5:59am,44,44,SR-1,WOODHULL RD,3,State Highway,1,Rural,3,Principal Arterial - Other,1,State Highway Agency,1,This section IS ON the NHS,0,No Special Jurisdiction,99998,Not Reported,30.81981667,30.81981667,-84.52331667,-84.52331667,12,Motor Vehicle In-Transport,6,Angle,0,No,2,Intersection,2,Four-Way Intersection,1,On Roadway,0,None,2,Dark - Not Lighted,10,Cloudy,0,No,0000000,Not Applicable,6,6:00am-6:59am,12,12,6,6:00am-6:59am,55,55,7,7:00am-7:59am,15,15,1
13,Georgia,130866,0,0,1,1,0,1,1,183,LONG (183),9997,Other,7,July,12,12,3,Tuesday,2022,8,8:00am-8:59am,31,31,CR-1270,NA,4,County Road,1,Rural,6,Minor Collector,2,County Highway Agency,0,This section IS NOT on the NHS,0,No Special Jurisdiction,35,35,31.87061111,31.87061111,-81.87801111,-81.87801111,42,Tree (Standing Only),0,The First Harmful Event was Not a Collision with a Motor Vehicle in Transport,0,No,1,Non-Junction,1,Not an Intersection,5,Outside Trafficway,0,None,1,Daylight,10,Cloudy,0,No,0000000,Not Applicable,8,8:00am-8:59am,40,40,8,8:00am-8:59am,59,59,88,Not Applicable (Not Transported),88,Not Applicable (Not Transported),1
13,Georgia,130868,0,0,2,2,0,2,2,73,COLUMBIA (73),2515,GROVETOWN,7,July,12,12,3,Tuesday,2022,19,7:00pm-7:59pm,4,4,I-20,NA,1,Interstate,1,Rural,2,Principal Arterial - Other Freeways and Expressways,1,State Highway Agency,1,This section IS ON the NHS,0,No Special Jurisdiction,70,70,33.49241111,33.49241111,-82.27950278,-82.27950278,12,Motor Vehicle In-Transport,1,Front-to-Rear,0,No,1,Non-Junction,1,Not an Intersection,1,On Roadway,0,None,1,Daylight,10,Cloudy,0,No,0000000,Not Applicable,19,7:00pm-7:59pm,9,9,19,7:00pm-7:59pm,20,20,88,Not Applicable (Not Transported),88,Not Applicable (Not Transported),1
13,Georgia,130869,0,0,1,1,0,1,1,157,JACKSON (157),3980,NICHOLSON,7,July,13,13,4,Wednesday,2022,5,5:00am-5:59am,40,40,SR-15,NA,3,State Highway,1,Rural,3,Principal Arterial - Other,1,State Highway Agency,1,This section IS ON the NHS,0,No Special Jurisdiction,26,26,34.01959444,34.01959444,-83.49482778,-83.49482778,42,Tree (Standing Only),0,The First Harmful Event was Not a Collision with a Motor Vehicle in Transport,0,No,1,Non-Junction,1,Not an Intersection,5,Outside Trafficway,0,None,2,Dark - Not Lighted,10,Cloudy,0,No,0000000,Not Applicable,5,5:00am-5:59am,43,43,5,5:00am-5:59am,52,52,88,Not Applicable (Not Transported),88,Not Applicable (Not Transported),1
13,Georgia,130871,0,0,2,2,0,4,4,315,WILCOX (315),10,ABBEVILLE,7,July,13,13,4,Wednesday,2022,13,1:00pm-1:59pm,26,26,SR-215,NA,3,State Highway,1,Rural,4,Minor Arterial,1,State Highway Agency,0,This section IS NOT on the NHS,0,No Special Jurisdiction,193,193,31.9113,31.9113,-83.39316667,-83.39316667,12,Motor Vehicle In-Transport,6,Angle,0,No,1,Non-Junction,1,Not an Intersection,1,On Roadway,0,None,1,Daylight,10,Cloudy,0,No,0000000,Not Applicable,13,1:00pm-1:59pm,28,28,13,1:00pm-1:59pm,33,33,13,1:00pm-1:59pm,54,54,1
13,Georgia,130872,0,0,1,1,0,1,1,89,DEKALB (89),5220,STONE MOUNTAIN,7,July,13,13,4,Wednesday,2022,23,11:00pm-11:59pm,38,38,CR-5189,NA,4,County Road,2,Urban,4,Minor Arterial,2,County Highway Agency,0,This section IS NOT on the NHS,0,No Special Jurisdiction,25,25,33.78596389,33.78596389,-84.11488611,-84.11488611,31,"Post, Pole or Other Supports",0,The First Harmful Event was Not a Collision with a Motor Vehicle in Transport,0,No,1,Non-Junction,1,Not an Intersection,4,On Roadside,0,None,3,Dark - Lighted,1,Clear,0,No,0000000,Not Applicable,99,Unknown,98,Unknown if Notified,99,Unknown EMS Scene Arrival Hour,98,Unknown if Arrived,88,Not Applicable (Not Transported),88,Not Applicable (Not Transported),1
13,Georgia,130873,0,0,2,2,0,6,6,47,CATOOSA (47),4680,RINGGOLD,7,July,14,14,5,Thursday,2022,15,3:00pm-3:59pm,10,10,CS-HOLCOMB RD,NA,5,Local Street - Township,2,Urban,5,Major Collector,4,City or Municipal Highway Agency,0,This section IS NOT on the NHS,0,No Special Jurisdiction,7,7,34.89551389,34.89551389,-85.14468611,-85.14468611,12,Motor Vehicle In-Transport,2,Front-to-Front,0,No,1,Non-Junction,1,Not an Intersection,1,On Roadway,0,None,1,Daylight,1,Clear,0,No,0000000,Not Applicable,15,3:00pm-3:59pm,12,12,15,3:00pm-3:59pm,15,15,15,3:00pm-3:59pm,37,37,1
13,Georgia,130874,0,0,2,2,0,2,2,95,DOUGHERTY (95),90,ALBANY,7,July,14,14,5,Thursday,2022,15,3:00pm-3:59pm,28,28,SR-19,NA,3,State Highway,2,Urban,3,Principal Arterial - Other,1,State Highway Agency,0,This section IS NOT on the NHS,0,No Special Jurisdiction,125,125,31.605125,31.605125,-84.1526,-84.1526,12,Motor Vehicle In-Transport,6,Angle,0,No,1,Non-Junction,1,Not an Intersection,1,On Roadway,0,None,1,Daylight,2,Rain,0,No,0000000,Not Applicable,15,3:00pm-3:59pm,30,30,15,3:00pm-3:59pm,37,37,15,3:00pm-3:59pm,55,55,1
13,Georgia,130877,1,1,1,1,0,1,1,89,DEKALB (89),1610,DECATUR,7,July,17,17,1,Sunday,2022,2,2:00am-2:59am,40,40,CR-5190,NA,4,County Road,2,Urban,3,Principal Arterial - Other,2,County Highway Agency,1,This section IS ON the NHS,0,No Special Jurisdiction,53,53,33.71881111,33.71881111,-84.21049722,-84.21049722,8,Pedestrian,0,The First Harmful Event was Not a Collision with a Motor Vehicle in Transport,0,No,1,Non-Junction,1,Not an Intersection,1,On Roadway,0,None,2,Dark - Not Lighted,1,Clear,0,No,0000000,Not Applicable,99,Unknown,98,Unknown if Notified,99,Unknown EMS Scene Arrival Hour,98,Unknown if Arrived,88,Not Applicable (Not Transported),88,Not Applicable (Not Transported),1
13,Georgia,130878,0,0,1,1,0,1,1,79,CRAWFORD (79),3032,KNOXVILLE,7,July,17,17,1,Sunday,2022,18,6:00pm-6:59pm,20,20,SR-42,NA,3,State Highway,1,Rural,5,Major Collector,1,State Highway Agency,0,This section IS NOT on the NHS,0,No Special Jurisdiction,126,126,32.718175,32.718175,-83.97300278,-83.97300278,1,Rollover/Overturn,0,The First Harmful Event was Not a Collision with a Motor Vehicle in Transport,0,No,1,Non-Junction,1,Not an Intersection,4,On Roadside,0,None,1,Daylight,1,Clear,0,No,0000000,Not Applicable,18,6:00pm-6:59pm,30,30,18,6:00pm-6:59pm,36,36,88,Not Applicable (Not Transported),88,Not Applicable (Not Transported),1
13,Georgia,130879,1,1,1,1,0,4,4,51,CHATHAM (51),4910,SAVANNAH,7,July,17,17,1,Sunday,2022,18,6:00pm-6:59pm,44,44,STALEY AVE,NA,6,Local Street - Municipality,2,Urban,7,Local,4,City or Municipal Highway Agency,0,This section IS NOT on the NHS,0,No Special Jurisdiction,1,1,32.03398611,32.03398611,-81.11530833,-81.11530833,7,Other Non-Collision,0,The First Harmful Event was Not a Collision with a Motor Vehicle in Transport,0,No,1,Non-Junction,1,Not an Intersection,1,On Roadway,0,None,1,Daylight,1,Clear,0,No,0000000,Not Applicable,18,6:00pm-6:59pm,46,46,18,6:00pm-6:59pm,54,54,19,7:00pm-7:59pm,12,12,1
13,Georgia,130880,1,1,1,1,0,1,1,121,FULTON (121),4790,ROSWELL,7,July,13,13,4,Wednesday,2022,8,8:00am-8:59am,54,54,CS-339317 OLD ALABAMA RD,MARKET BLVD,5,Local Street - Township,2,Urban,4,Minor Arterial,4,City or Municipal Highway Agency,0,This section IS NOT on the NHS,0,No Special Jurisdiction,4,4,34.01581111,34.01581111,-84.32250278,-84.32250278,8,Pedestrian,0,The First Harmful Event was Not a Collision with a Motor Vehicle in Transport,0,No,3,Intersection-Related,3,T-Intersection,1,On Roadway,0,None,1,Daylight,10,Cloudy,0,No,0000000,Not Applicable,8,8:00am-8:59am,54,54,8,8:00am-8:59am,59,59,9,9:00am-9:59am,23,23,1
13,Georgia,130881,1,1,2,2,0,3,3,21,BIBB (21),3390,MACON,7,July,1,1,6,Friday,2022,23,11:00pm-11:59pm,58,58,CS-EISENHOWER PKWY,NA,5,Local Street - Township,2,Urban,3,Principal Arterial - Other,4,City or Municipal Highway Agency,0,This section IS NOT on the NHS,0,No Special Jurisdiction,0,None,32.814025,32.814025,-83.65069444,-83.65069444,8,Pedestrian,0,The First Harmful Event was Not a Collision with a Motor Vehicle in Transport,0,No,1,Non-Junction,1,Not an Intersection,1,On Roadway,0,None,2,Dark - Not Lighted,1,Clear,0,No,0000000,Not Applicable,23,11:00pm-11:59pm,59,59,0,0:00am-0:59am,9,9,88,Not Applicable (Not Transported),88,Not Applicable (Not Transported),1
13,Georgia,130882,0,0,2,2,0,7,7,47,CATOOSA (47),4680,RINGGOLD,7,July,15,15,6,Friday,2022,15,3:00pm-3:59pm,15,15,SR-2,THREE NOTCH RD,3,State Highway,2,Urban,3,Principal Arterial - Other,1,State Highway Agency,1,This section IS ON the NHS,0,No Special Jurisdiction,56,56,34.93003333,34.93003333,-85.17188333,-85.17188333,12,Motor Vehicle In-Transport,6,Angle,0,No,2,Intersection,2,Four-Way Intersection,1,On Roadway,0,None,1,Daylight,1,Clear,0,No,0000000,Not Applicable,15,3:00pm-3:59pm,16,16,15,3:00pm-3:59pm,19,19,15,3:00pm-3:59pm,31,31,2