STATE,STATENAME,ST_CASE,PEDS,PERNOTMVIT,VE_TOTAL,VE_FORMS,PVH_INVL,PERSONS,PERMVIT,COUNTY,COUNTYNAME,CITY,CITYNAME,MONTH,MONTHNAME,DAY,DAYNAME,DAY_WEEK,DAY_WEEKNAME,YEAR,HOUR,HOURNAME,MINUTE,MINUTENAME,TWAY_ID,TWAY_ID2,ROUTE,ROUTENAME,RUR_URB,RUR_URBNAME,FUNC_SYS,FUNC_SYSNAME,RD_OWNER,RD_OWNERNAME,NHS,NHSNAME,SP_JUR,SP_JURNAME,MILEPT,MILEPTNAME,LATITUDE,LATITUDENAME,LONGITUD,LONGITUDNAME,HARM_EV,HARM_EVNAME,MAN_COLL,MAN_COLLNAME,RELJCT1,RELJCT1NAME,RELJCT2,RELJCT2NAME,TYP_INT,TYP_INTNAME,REL_ROAD,REL_ROADNAME,WRK_ZONE,WRK_ZONENAME,LGT_COND,LGT_CONDNAME,WEATHER,WEATHERNAME,SCH_BUS,SCH_BUSNAME,RAIL,RAILNAME,NOT_HOUR,NOT_HOURNAME,NOT_MIN,NOT_MINNAME,ARR_HOUR,ARR_HOURNAME,ARR_MIN,ARR_MINNAME,HOSP_HR,HOSP_HRNAME,HOSP_MN,HOSP_MNNAME,FATALS
13,Georgia,131046,0,0,2,2,0,2,2,131,GRADY (131),850,CAIRO,8,August,19,19,6,Friday,2022,13,1:00pm-1:59pm,0,0,SR-84,NA,3,State Highway,2,Urban,3,Principal Arterial - Other,1,State Highway Agency,1,This section IS ON the NHS,0,No Special Jurisdiction,129,129,30.87728611,30.87728611,-84.17841389,-84.17841389,12,Motor Vehicle In-Transport,2,Front-to-Front,0,No,1,Non-Junction,1,Not an Intersection,1,On Roadway,0,None,1,Daylight,1,Clear,0,No,0000000,Not Applicable,12,12:00pm-12:59pm,57,57,13,1:00pm-1:59pm,2,2,13,1:00pm-1:59pm,34,34,1
13,Georgia,131047,0,0,2,2,0,2,2,59,CLARKE (59),270,ATHENS,8,August,22,22,2,Monday,2022,21,9:00pm-9:59pm,8,8,SR-29,HARVE MATHIS RD,3,State Highway,2,Urban,4,Minor Arterial,1,State Highway Agency,0,This section IS NOT on the NHS,0,No Special Jurisdiction,100,100,34.02210278,34.02210278,-83.32019444,-83.32019444,12,Motor Vehicle In-Transport,6,Angle,0,No,2,Intersection,2,Four-Way Intersection,1,On Roadway,0,None,2,Dark - Not Lighted,1,Clear,0,No,0000000,Not Applicable,21,9:00pm-9:59pm,14,14,21,9:00pm-9:59pm,21,21,88,Not Applicable (Not Transported),88,Not Applicable (Not Transported),1
13,Georgia,131048,1,1,1,1,0,1,1,63,CLAYTON (63),2180,FOREST PARK,8,August,15,15,2,Monday,2022,0,0:00am-0:59am,56,56,I-285 E,NA,1,Interstate,2,Urban,1,Interstate,1,State Highway Agency,1,This section IS ON the NHS,0,No Special Jurisdiction,18,18,33.631175,33.631175,-84.389475,-84.389475,8,Pedestrian,0,The First Harmful Event was Not a Collision with a Motor Vehicle in Transport,0,No,1,Non-Junction,1,Not an Intersection,1,On Roadway,0,None,2,Dark - Not Lighted,1,Clear,0,No,0000000,Not Applicable,99,Unknown,98,Unknown if Notified,99,Unknown EMS Scene Arrival Hour,98,Unknown if Arrived,88,Not Applicable (Not Transported),88,Not Applicable (Not Transported),1
13,Georgia,131050,0,0,1,1,0,2,2,87,DECATUR (87),370,BAINBRIDGE,8,August,22,22,2,Monday,2022,14,2:00pm-2:59pm,40,40,LAKE DOUGLAS RD,NA,6,Local Street - Municipality,2,Urban,5,Major Collector,4,City or Municipal Highway Agency,0,This section IS NOT on the NHS,0,No Special Jurisdiction,52,52,30.86647222,30.86647222,-84.49326389,-84.49326389,32,Culvert,0,The First Harmful Event was Not a Collision with a Motor Vehicle in Transport,0,No,1,Non-Junction,1,Not an Intersection,4,On Roadside,0,None,1,Daylight,1,Clear,0,No,0000000,Not Applicable,14,2:00pm-2:59pm,46,46,14,2:00pm-2:59pm,48,48,15,3:00pm-3:59pm,55,55,2
13,Georgia,131051,0,0,1,1,0,1,1,151,HENRY (151),3360,MCDONOUGH,8,August,23,23,3,Tuesday,2022,9,9:00am-9:59am,13,13,I-75 SOUTH,NA,1,Interstate,2,Urban,1,Interstate,1,State Highway Agency,1,This section IS ON the NHS,0,No Special Jurisdiction,122,122,33.45261667,33.45261667,-84.20454167,-84.20454167,25,Concrete Traffic Barrier,0,The First Harmful Event was Not a Collision with a Motor Vehicle in Transport,0,No,1,Non-Junction,1,Not an Intersection,4,On Roadside,0,None,1,Daylight,1,Clear,0,No,0000000,Not Applicable,9,9:00am-9:59am,19,19,9,9:00am-9:59am,27,27,88,Not Applicable (Not Transported),88,Not Applicable (Not Transported),1
13,Georgia,131052,0,0,1,1,0,2,2,321,WORTH (321),9997,Other,8,August,18,18,5,Thursday,2022,18,6:00pm-6:59pm,20,20,US-82,NA,2,US Highway,1,Rural,3,Principal Arterial - Other,1,State Highway Agency,1,This section IS ON the NHS,0,No Special Jurisdiction,197,197,31.47661667,31.47661667,-83.67358056,-83.67358056,53,Mail Box,0,The First Harmful Event was Not a Collision with a Motor Vehicle in Transport,0,No,1,Non-Junction,1,Not an Intersection,4,On Roadside,1,Construction,1,Daylight,10,Cloudy,0,No,0000000,Not Applicable,18,6:00pm-6:59pm,24,24,18,6:00pm-6:59pm,34,34,99,Unknown,99,Unknown EMS Hospital Arrival Time,1
13,Georgia,131053,1,1,1,1,0,1,1,89,DEKALB (89),3210,LITHONIA,8,August,23,23,3,Tuesday,2022,6,6:00am-6:59am,48,48,S HAIRSTON RD,OTHER,6,Local Street - Municipality,2,Urban,3,Principal Arterial - Other,4,City or Municipal Highway Agency,1,This section IS ON the NHS,0,No Special Jurisdiction,41,41,33.72925556,33.72925556,-84.19521111,-84.19521111,8,Pedestrian,0,The First Harmful Event was Not a Collision with a Motor Vehicle in Transport,0,No,3,Intersection-Related,3,T-Intersection,1,On Roadway,0,None,2,Dark - Not Lighted,10,Cloudy,0,No,0000000,Not Applicable,99,Unknown,99,Unknown,99,Unknown EMS Scene Arrival Hour,99,Unknown EMS Scene Arrival Minutes,99,Unknown,99,Unknown EMS Hospital Arrival Time,1
13,Georgia,131054,0,0,1,1,0,1,1,89,DEKALB (89),4573,REDAN,8,August,25,25,5,Thursday,2022,8,8:00am-8:59am,36,36,S HAIRSTON RD,MARTINS CROSSING RD,6,Local Street - Municipality,2,Urban,3,Principal Arterial - Other,4,City or Municipal Highway Agency,1,This section IS ON the NHS,0,No Special Jurisdiction,0,None,33.776875,33.776875,-84.192575,-84.192575,33,Curb,0,The First Harmful Event was Not a Collision with a Motor Vehicle in Transport,0,No,3,Intersection-Related,3,T-Intersection,4,On Roadside,0,None,1,Daylight,2,Rain,0,No,0000000,Not Applicable,99,Unknown,98,Unknown if Notified,99,Unknown EMS Scene Arrival Hour,98,Unknown if Arrived,88,Not Applicable (Not Transported),88,Not Applicable (Not Transported),1
13,Georgia,131055,1,2,2,1,1,4,3,179,LIBERTY (179),2135,FLEMING,8,August,22,22,2,Monday,2022,8,8:00am-8:59am,30,30,SR-25,NA,3,State Highway,1,Rural,4,Minor Arterial,1,State Highway Agency,0,This section IS NOT on the NHS,0,No Special Jurisdiction,171,171,31.86607222,31.86607222,-81.39873333,-81.39873333,8,Pedestrian,0,The First Harmful Event was Not a Collision with a Motor Vehicle in Transport,0,No,1,Non-Junction,1,Not an Intersection,2,On Shoulder,0,None,1,Daylight,10,Cloudy,0,No,0000000,Not Applicable,9,9:00am-9:59am,30,30,9,9:00am-9:59am,40,40,99,Unknown,99,Unknown EMS Hospital Arrival Time,1
13,Georgia,131056,0,0,2,2,0,5,5,15,BARTOW (15),980,CARTERSVILLE,8,August,23,23,3,Tuesday,2022,18,6:00pm-6:59pm,30,30,SR-3,MAC JOHNSON RD,3,State Highway,2,Urban,3,Principal Arterial - Other,1,State Highway Agency,1,This section IS ON the NHS,0,No Special Jurisdiction,120,120,34.21900278,34.21900278,-84.84348333,-84.84348333,12,Motor Vehicle In-Transport,6,Angle,0,No,2,Intersection,2,Four-Way Intersection,1,On Roadway,0,None,1,Daylight,1,Clear,0,No,0000000,Not Applicable,18,6:00pm-6:59pm,33,33,18,6:00pm-6:59pm,37,37,19,7:00pm-7:59pm,2,2,1
13,Georgia,131057,0,0,2,2,0,2,2,189,MCDUFFIE (189),5470,THOMSON,8,August,21,21,1,Sunday,2022,16,4:00pm-4:59pm,22,22,SR-223,PINEDALE DRIVE,3,State Highway,2,Urban,5,Major Collector,1,State Highway Agency,0,This section IS NOT on the NHS,0,No Special Jurisdiction,35,35,33.47963056,33.47963056,-82.45003611,-82.45003611,12,Motor Vehicle In-Transport,6,Angle,0,No,2,Intersection,3,T-Intersection,1,On Roadway,0,None,1,Daylight,1,Clear,0,No,0000000,Not Applicable,16,4:00pm-4:59pm,19,19,16,4:00pm-4:59pm,28,28,99,Unknown,99,Unknown EMS Hospital Arrival Time,1
13,Georgia,131058,0,0,1,1,0,1,1,121,FULTON (121),280,ATLANTA,8,August,22,22,2,Monday,2022,13,1:00pm-1:59pm,45,45,I-75,NA,1,Interstate,2,Urban,1,Interstate,1,State Highway Agency,1,This section IS ON the NHS,0,No Special Jurisdiction,0,None,33.72336944,33.72336944,-84.39460278,-84.39460278,25,Concrete Traffic Barrier,0,The First Harmful Event was Not a Collision with a Motor Vehicle in Transport,1,Yes,5,Entrance/Exit Ramp Related,1,Not an Intersection,8,Gore,0,None,1,Daylight,10,Cloudy,0,No,0000000,Not Applicable,13,1:00pm-1:59pm,54,54,13,1:00pm-1:59pm,57,57,14,2:00pm-2:59pm,28,28,1
13,Georgia,131059,0,0,2,2,0,3,3,97,DOUGLAS (97),3208,LITHIA SPRINGS,8,August,23,23,3,Tuesday,2022,14,2:00pm-2:59pm,50,50,MT VERNON RD,NA,5,Local Street - Township,2,Urban,7,Local,3,Town or Township Highway Agency,0,This section IS NOT on the NHS,0,No Special Jurisdiction,19,19,33.74738611,33.74738611,-84.63898056,-84.63898056,12,Motor Vehicle In-Transport,2,Front-to-Front,0,No,1,Non-Junction,1,Not an Intersection,1,On Roadway,0,None,1,Daylight,1,Clear,1,Yes,0000000,Not Applicable,14,2:00pm-2:59pm,50,50,15,3:00pm-3:59pm,1,1,99,Unknown,99,Unknown EMS Hospital Arrival Time,1
13,Georgia,131060,0,0,2,2,0,2,2,293,UPSON (293),5450,THOMASTON,8,August,23,23,3,Tuesday,2022,23,11:00pm-11:59pm,25,25,E LEE STREET,NA,6,Local Street - Municipality,2,Urban,5,Major Collector,4,City or Municipal Highway Agency,0,This section IS NOT on the NHS,0,No Special Jurisdiction,3,3,32.88628056,32.88628056,-84.32353889,-84.32353889,12,Motor Vehicle In-Transport,2,Front-to-Front,1,Yes,18,Through Roadway,1,Not an Intersection,1,On Roadway,0,None,3,Dark - Lighted,10,Cloudy,0,No,0000000,Not Applicable,23,11:00pm-11:59pm,24,24,23,11:00pm-11:59pm,29,29,1,1:00am-1:59am,4,4,1
13,Georgia,131062,0,0,1,1,0,3,3,45,CARROLL (45),5730,VILLA RICA,8,August,21,21,1,Sunday,2022,15,3:00pm-3:59pm,9,9,ROCKY BRANCH ROAD,NA,6,Local Street - Municipality,2,Urban,7,Local,4,City or Municipal Highway Agency,0,This section IS NOT on the NHS,0,No Special Jurisdiction,3,3,33.72024167,33.72024167,-84.96293889,-84.96293889,42,Tree (Standing Only),0,The First Harmful Event was Not a Collision with a Motor Vehicle in Transport,0,No,1,Non-Junction,1,Not an Intersection,4,On Roadside,0,None,1,Daylight,1,Clear,0,No,0000000,Not Applicable,15,3:00pm-3:59pm,12,12,15,3:00pm-3:59pm,25,25,88,Not Applicable (Not Transported),88,Not Applicable (Not Transported),1
13,Georgia,131063,0,0,1,1,0,1,1,85,DAWSON (85),0,NOT APPLICABLE,8,August,25,25,5,Thursday,2022,17,5:00pm-5:59pm,10,10,SR-52,NA,3,State Highway,1,Rural,5,Major Collector,1,State Highway Agency,1,This section IS ON the NHS,0,No Special Jurisdiction,2,2,34.57512222,34.57512222,-84.30303889,-84.30303889,42,Tree (Standing Only),0,The First Harmful Event was Not a Collision with a Motor Vehicle in Transport,0,No,1,Non-Junction,1,Not an Intersection,4,On Roadside,0,None,1,Daylight,1,Clear,0,No,0000000,Not Applicable,17,5:00pm-5:59pm,20,20,17,5:00pm-5:59pm,34,34,18,6:00pm-6:59pm,40,40,1
13,Georgia,131064,1,1,1,1,0,1,1,13,BARROW (13),5980,WINDER,8,August,21,21,1,Sunday,2022,0,0:00am-0:59am,2,2,SR-211,NA,3,State Highway,2,Urban,4,Minor Arterial,1,State Highway Agency,0,This section IS NOT on the NHS,0,No Special Jurisdiction,164,164,34.01661667,34.01661667,-83.75974444,-83.75974444,8,Pedestrian,0,The First Harmful Event was Not a Collision with a Motor Vehicle in Transport,0,No,1,Non-Junction,1,Not an Intersection,1,On Roadway,0,None,2,Dark - Not Lighted,2,Rain,0,No,0000000,Not Applicable,7,7:00am-7:59am,2,2,7,7:00am-7:59am,2,2,88,Not Applicable (Not Transported),88,Not Applicable (Not Transported),1
13,Georgia,131065,0,0,2,2,0,2,2,267,TATTNALL (267),2370,GLENNVILLE,8,August,11,11,5,Thursday,2022,14,2:00pm-2:59pm,55,55,SR-73,NA,3,State Highway,1,Rural,4,Minor Arterial,1,State Highway Agency,0,This section IS NOT on the NHS,0,No Special Jurisdiction,27,27,31.97493056,31.97493056,-81.91821944,-81.91821944,12,Motor Vehicle In-Transport,1,Front-to-Rear,0,No,1,Non-Junction,1,Not an Intersection,1,On Roadway,4,"Work Zone, Type Unknown",1,Daylight,2,Rain,0,No,0000000,Not Applicable,99,Unknown,99,Unknown,99,Unknown EMS Scene Arrival Hour,99,Unknown EMS Scene Arrival Minutes,99,Unknown,99,Unknown EMS Hospital Arrival Time,1
13,Georgia,131066,0,0,3,3,0,5,5,103,EFFINGHAM (103),5130,SPRINGFIELD,8,August,24,24,4,Wednesday,2022,18,6:00pm-6:59pm,19,19,STILLWELL RD,LOG LANDING RD,6,Local Street - Municipality,1,Rural,5,Major Collector,4,City or Municipal Highway Agency,0,This section IS NOT on the NHS,0,No Special Jurisdiction,17,17,32.37026667,32.37026667,-81.26874167,-81.26874167,12,Motor Vehicle In-Transport,6,Angle,0,No,2,Intersection,2,Four-Way Intersection,1,On Roadway,0,None,1,Daylight,10,Cloudy,0,No,0000000,Not Applicable,18,6:00pm-6:59pm,20,20,18,6:00pm-6:59pm,27,27,18,6:00pm-6:59pm,42,42,1
13,Georgia,131067,0,0,2,2,0,2,2,83,DADE (83),5560,TRENTON,8,August,26,26,6,Friday,2022,17,5:00pm-5:59pm,4,4,SR-189 SCENIC HWY,NA,3,State Highway,1,Rural,5,Major Collector,1,State Highway Agency,0,This section IS NOT on the NHS,0,No Special Jurisdiction,10,10,34.82066667,34.82066667,-85.46545278,-85.46545278,12,Motor Vehicle In-Transport,2,Front-to-Front,0,No,1,Non-Junction,1,Not an Intersection,1,On Roadway,0,None,1,Daylight,1,Clear,0,No,0000000,Not Applicable,17,5:00pm-5:59pm,2,2,17,5:00pm-5:59pm,14,14,18,6:00pm-6:59pm,32,32,1
13,Georgia,131068,0,0,2,2,0,2,2,245,RICHMOND (245),310,AUGUSTA,8,August,26,26,6,Friday,2022,19,7:00pm-7:59pm,47,47,OLD SAVANNAH ROAD,NA,6,Local Street - Municipality,2,Urban,4,Minor Arterial,4,City or Municipal Highway Agency,0,This section IS NOT on the NHS,0,No Special Jurisdiction,10,10,33.45171111,33.45171111,-81.98575,-81.98575,12,Motor Vehicle In-Transport,2,Front-to-Front,1,Yes,18,Through Roadway,1,Not an Intersection,1,On Roadway,0,None,3,Dark - Lighted,10,Cloudy,0,No,0000000,Not Applicable,20,8:00pm-8:59pm,11,11,20,8:00pm-8:59pm,29,29,20,8:00pm-8:59pm,42,42,1
13,Georgia,131069,0,0,1,1,0,1,1,21,BIBB (21),3390,MACON,8,August,27,27,7,Saturday,2022,21,9:00pm-9:59pm,15,15,I-75 ENTRANCE RAMP FROM H,NA,1,Interstate,2,Urban,2,Principal Arterial - Other Freeways and Expressways,1,State Highway Agency,1,This section IS ON the NHS,0,No Special Jurisdiction,5,5,32.758275,32.758275,-83.70706389,-83.70706389,1,Rollover/Overturn,0,The First Harmful Event was Not a Collision with a Motor Vehicle in Transport,1,Yes,5,Entrance/Exit Ramp Related,1,Not an Intersection,1,On Roadway,0,None,3,Dark - Lighted,10,Cloudy,0,No,0000000,Not Applicable,21,9:00pm-9:59pm,29,29,21,9:00pm-9:59pm,41,41,88,Not Applicable (Not Transported),88,Not Applicable (Not Transported),1
13,Georgia,131070,0,0,2,2,0,3,3,219,OCONEE (219),0,NOT APPLICABLE,8,August,27,27,7,Saturday,2022,23,11:00pm-11:59pm,0,0,SR-10,HOG MOUNTAIN ROAD,3,State Highway,1,Rural,3,Principal Arterial - Other,1,State Highway Agency,1,This section IS ON the NHS,0,No Special Jurisdiction,16,16,33.90007778,33.90007778,-83.57472778,-83.57472778,12,Motor Vehicle In-Transport,1,Front-to-Rear,0,No,3,Intersection-Related,2,Four-Way Intersection,1,On Roadway,0,None,2,Dark - Not Lighted,1,Clear,0,No,0000000,Not Applicable,23,11:00pm-11:59pm,11,11,23,11:00pm-11:59pm,19,19,23,11:00pm-11:59pm,47,47,1
13,Georgia,131071,0,0,1,1,0,1,1,103,EFFINGHAM (103),1932,EDEN,8,August,27,27,7,Saturday,2022,23,11:00pm-11:59pm,7,7,OLD RIVER ROAD,NA,5,Local Street - Township,1,Rural,5,Major Collector,3,Town or Township Highway Agency,0,This section IS NOT on the NHS,0,No Special Jurisdiction,44,44,32.16445,32.16445,-81.38483333,-81.38483333,53,Mail Box,0,The First Harmful Event was Not a Collision with a Motor Vehicle in Transport,0,No,1,Non-Junction,1,Not an Intersection,4,On Roadside,0,None,2,Dark - Not Lighted,1,Clear,0,No,0000000,Not Applicable,99,Unknown,98,Unknown if Notified,99,Unknown EMS Scene Arrival Hour,98,Unknown if Arrived,88,Not Applicable (Not Transported),88,Not Applicable (Not Transported),1
13,Georgia,131072,0,0,1,1,0,1,1,235,PULASKI (235),2620,HAWKINSVILLE,8,August,27,27,7,Saturday,2022,23,11:00pm-11:59pm,55,55,SR-230,NA,3,State Highway,1,Rural,5,Major Collector,1,State Highway Agency,0,This section IS NOT on the NHS,0,No Special Jurisdiction,60,60,32.26794722,32.26794722,-83.53829722,-83.53829722,34,Ditch,0,The First Harmful Event was Not a Collision with a Motor Vehicle in Transport,0,No,1,Non-Junction,1,Not an Intersection,4,On Roadside,0,None,2,Dark - Not Lighted,1,Clear,0,No,0000000,Not Applicable,23,11:00pm-11:59pm,48,48,23,11:00pm-11:59pm,54,54,88,Not Applicable (Not Transported),88,Not Applicable (Not Transported),1
13,Georgia,131073,0,0,1,1,0,1,1,63,CLAYTON (63),1993,ELLENWOOD,8,August,28,28,1,Sunday,2022,1,1:00am-1:59am,6,6,REX RD,NA,6,Local Street - Municipality,2,Urban,5,Major Collector,4,City or Municipal Highway Agency,0,This section IS NOT on the NHS,0,No Special Jurisdiction,1,1,33.5914,33.5914,-84.29715,-84.29715,24,Guardrail Face,0,The First Harmful Event was Not a Collision with a Motor Vehicle in Transport,0,No,1,Non-Junction,1,Not an Intersection,4,On Roadside,0,None,2,Dark - Not Lighted,1,Clear,0,No,0000000,Not Applicable,99,Unknown,98,Unknown if Notified,99,Unknown EMS Scene Arrival Hour,98,Unknown if Arrived,88,Not Applicable (Not Transported),88,Not Applicable (Not Transported),1
13,Georgia,131074,0,0,2,2,0,3,3,99,EARLY (99),550,BLAKELY,8,August,28,28,1,Sunday,2022,14,2:00pm-2:59pm,15,15,SR-62 COLUMBIA RD,SOUTH CHURCH ST,3,State Highway,1,Rural,3,Principal Arterial - Other,1,State Highway Agency,1,This section IS ON the NHS,0,No Special Jurisdiction,125,125,31.37540278,31.37540278,-84.93628889,-84.93628889,12,Motor Vehicle In-Transport,6,Angle,0,No,2,Intersection,2,Four-Way Intersection,1,On Roadway,0,None,1,Daylight,1,Clear,0,No,0000000,Not Applicable,14,2:00pm-2:59pm,5,5,14,2:00pm-2:59pm,30,30,14,2:00pm-2:59pm,34,34,1
13,Georgia,131075,0,0,2,2,0,2,2,51,CHATHAM (51),2290,GARDEN CITY,8,August,29,29,2,Monday,2022,0,0:00am-0:59am,6,6,SR-21,NA,3,State Highway,2,Urban,2,Principal Arterial - Other Freeways and Expressways,1,State Highway Agency,1,This section IS ON the NHS,0,No Special Jurisdiction,74,74,32.10232222,32.10232222,-81.14738611,-81.14738611,12,Motor Vehicle In-Transport,1,Front-to-Rear,0,No,1,Non-Junction,1,Not an Intersection,1,On Roadway,0,None,2,Dark - Not Lighted,10,Cloudy,0,No,0000000,Not Applicable,0,0:00am-0:59am,4,4,0,0:00am-0:59am,15,15,0,0:00am-0:59am,47,47,1
13,Georgia,131076,1,1,1,1,0,1,1,287,TURNER (287),5320,SYCAMORE,8,August,29,29,2,Monday,2022,3,3:00am-3:59am,27,27,I-75 SB MM 78,NA,1,Interstate,1,Rural,1,Interstate,1,State Highway Agency,1,This section IS ON the NHS,0,No Special Jurisdiction,53,53,31.66238611,31.66238611,-83.60496389,-83.60496389,8,Pedestrian,0,The First Harmful Event was Not a Collision with a Motor Vehicle in Transport,1,Yes,18,Through Roadway,1,Not an Intersection,1,On Roadway,0,None,2,Dark - Not Lighted,10,Cloudy,0,No,0000000,Not Applicable,3,3:00am-3:59am,27,27,3,3:00am-3:59am,33,33,88,Not Applicable (Not Transported),88,Not Applicable (Not Transported),1
13,Georgia,131077,0,0,2,2,0,2,2,161,JEFF DAVIS (161),2630,HAZLEHURST,8,August,29,29,2,Monday,2022,5,5:00am-5:59am,58,58,SR-27,DR TURFLER RD,3,State Highway,1,Rural,3,Principal Arterial - Other,1,State Highway Agency,1,This section IS ON the NHS,0,No Special Jurisdiction,86,86,31.85551111,31.85551111,-82.56323611,-82.56323611,12,Motor Vehicle In-Transport,6,Angle,0,No,2,Intersection,3,T-Intersection,1,On Roadway,0,None,2,Dark - Not Lighted,10,Cloudy,0,No,0000000,Not Applicable,6,6:00am-6:59am,0,0,6,6:00am-6:59am,4,4,6,6:00am-6:59am,28,28,1
13,Georgia,131078,0,0,2,2,0,4,4,121,FULTON (121),2570,HAPEVILLE,8,August,5,5,6,Friday,2022,5,5:00am-5:59am,35,35,I-75 S,NA,1,Interstate,2,Urban,1,Interstate,1,State Highway Agency,1,This section IS ON the NHS,0,No Special Jurisdiction,8,8,33.66047778,33.66047778,-84.39512778,-84.39512778,12,Motor Vehicle In-Transport,1,Front-to-Rear,0,No,1,Non-Junction,1,Not an Intersection,1,On Roadway,0,None,3,Dark - Lighted,10,Cloudy,0,No,0000000,Not Applicable,99,Unknown,99,Unknown,99,Unknown EMS Scene Arrival Hour,99,Unknown EMS Scene Arrival Minutes,99,Unknown,99,Unknown EMS Hospital Arrival Time,1
13,Georgia,131079,0,0,1,1,0,2,2,145,HARRIS (145),2550,HAMILTON,8,August,19,19,6,Friday,2022,0,0:00am-0:59am,30,30,I-185 S,NA,1,Interstate,1,Rural,1,Interstate,1,State Highway Agency,1,This section IS ON the NHS,0,No Special Jurisdiction,69,69,32.696375,32.696375,-84.99908056,-84.99908056,34,Ditch,0,The First Harmful Event was Not a Collision with a Motor Vehicle in Transport,0,No,1,Non-Junction,1,Not an Intersection,4,On Roadside,0,None,2,Dark - Not Lighted,1,Clear,0,No,0000000,Not Applicable,0,0:00am-0:59am,44,44,0,0:00am-0:59am,57,57,1,1:00am-1:59am,51,51,1
13,Georgia,131080,1,1,1,1,0,1,1,127,GLYNN (127),760,BRUNSWICK,8,August,26,26,6,Friday,2022,22,10:00pm-10:59pm,36,36,PARKWOOD DR,NA,6,Local Street - Municipality,2,Urban,4,Minor Arterial,4,City or Municipal Highway Agency,0,This section IS NOT on the NHS,0,No Special Jurisdiction,10,10,31.173786110000002,31.173786110000002,-81.48441667,-81.48441667,8,Pedestrian,0,The First Harmful Event was Not a Collision with a Motor Vehicle in Transport,0,No,1,Non-Junction,1,Not an Intersection,1,On Roadway,0,None,2,Dark - Not Lighted,2,Rain,0,No,0000000,Not Applicable,22,10:00pm-10:59pm,38,38,22,10:00pm-10:59pm,44,44,22,10:00pm-10:59pm,51,51,1
13,Georgia,131081,0,0,1,1,0,1,1,57,CHEROKEE (57),5760,WALESKA,8,August,27,27,7,Saturday,2022,23,11:00pm-11:59pm,53,53,SR-140 REINHARDT COLLEGE PKWY,NA,3,State Highway,1,Rural,5,Major Collector,1,State Highway Agency,0,This section IS NOT on the NHS,0,No Special Jurisdiction,29,29,34.348702780000004,34.348702780000004,-84.6003,-84.6003,42,Tree (Standing Only),0,The First Harmful Event was Not a Collision with a Motor Vehicle in Transport,0,No,1,Non-Junction,1,Not an Intersection,4,On Roadside,0,None,2,Dark - Not Lighted,10,Cloudy,0,No,0000000,Not Applicable,99,Unknown,98,Unknown if Notified,99,Unknown EMS Scene Arrival Hour,98,Unknown if Arrived,88,Not Applicable (Not Transported),88,Not Applicable (Not Transported),1
13,Georgia,131082,1,1,1,1,0,1,1,255,SPALDING (255),2510,GRIFFIN,8,August,28,28,1,Sunday,2022,21,9:00pm-9:59pm,34,34,SR-16,NA,3,State Highway,2,Urban,3,Principal Arterial - Other,1,State Highway Agency,1,This section IS ON the NHS,0,No Special Jurisdiction,130,130,33.24738056,33.24738056,-84.27883611,-84.27883611,8,Pedestrian,0,The First Harmful Event was Not a Collision with a Motor Vehicle in Transport,0,No,1,Non-Junction,1,Not an Intersection,1,On Roadway,0,None,2,Dark - Not Lighted,1,Clear,0,No,0000000,Not Applicable,21,9:00pm-9:59pm,37,37,21,9:00pm-9:59pm,41,41,88,Not Applicable (Not Transported),88,Not Applicable (Not Transported),1
13,Georgia,131085,0,0,2,2,0,3,3,71,COLQUITT (71),3800,MOULTRIE,8,August,22,22,2,Monday,2022,1,1:00am-1:59am,4,4,SR-133,SR-35,3,State Highway,2,Urban,3,Principal Arterial - Other,1,State Highway Agency,1,This section IS ON the NHS,0,No Special Jurisdiction,172,172,31.20839167,31.20839167,-83.77855278,-83.77855278,12,Motor Vehicle In-Transport,1,Front-to-Rear,0,No,3,Intersection-Related,2,Four-Way Intersection,1,On Roadway,1,Construction,3,Dark - Lighted,1,Clear,0,No,0000000,Not Applicable,1,1:00am-1:59am,3,3,1,1:00am-1:59am,10,10,88,Not Applicable (Not Transported),88,Not Applicable (Not Transported),1
13,Georgia,131086,0,0,1,1,0,1,1,153,HOUSTON (153),4340,PERRY,8,August,21,21,1,Sunday,2022,8,8:00am-8:59am,0,0,US-129,NA,2,US Highway,1,Rural,4,Minor Arterial,1,State Highway Agency,1,This section IS ON the NHS,0,No Special Jurisdiction,73,73,32.46363611,32.46363611,-83.61333889,-83.61333889,34,Ditch,0,The First Harmful Event was Not a Collision with a Motor Vehicle in Transport,0,No,1,Non-Junction,1,Not an Intersection,4,On Roadside,1,Construction,2,Dark - Not Lighted,2,Rain,0,No,0000000,Not Applicable,99,Unknown,98,Unknown if Notified,99,Unknown EMS Scene Arrival Hour,98,Unknown if Arrived,88,Not Applicable (Not Transported),88,Not Applicable (Not Transported),1
13,Georgia,131087,0,0,2,2,0,4,4,147,HART (147),900,CANON,9,September,3,3,7,Saturday,2022,16,4:00pm-4:59pm,6,6,BEAVERDAM FARM ROAD,LEFEVRE ROAD,5,Local Street - Township,1,Rural,7,Local,3,Town or Township Highway Agency,0,This section IS NOT on the NHS,0,No Special Jurisdiction,13,13,34.31562222,34.31562222,-83.08233333,-83.08233333,12,Motor Vehicle In-Transport,6,Angle,0,No,2,Intersection,3,T-Intersection,1,On Roadway,0,None,1,Daylight,10,Cloudy,0,No,0000000,Not Applicable,16,4:00pm-4:59pm,2,2,16,4:00pm-4:59pm,5,5,88,Not Applicable (Not Transported),88,Not Applicable (Not Transported),1