STATE,STATENAME,ST_CASE,PEDS,PERNOTMVIT,VE_TOTAL,VE_FORMS,PVH_INVL,PERSONS,PERMVIT,COUNTY,COUNTYNAME,CITY,CITYNAME,MONTH,MONTHNAME,DAY,DAYNAME,DAY_WEEK,DAY_WEEKNAME,YEAR,HOUR,HOURNAME,MINUTE,MINUTENAME,TWAY_ID,TWAY_ID2,ROUTE,ROUTENAME,RUR_URB,RUR_URBNAME,FUNC_SYS,FUNC_SYSNAME,RD_OWNER,RD_OWNERNAME,NHS,NHSNAME,SP_JUR,SP_JURNAME,MILEPT,MILEPTNAME,LATITUDE,LATITUDENAME,LONGITUD,LONGITUDNAME,HARM_EV,HARM_EVNAME,MAN_COLL,MAN_COLLNAME,RELJCT1,RELJCT1NAME,RELJCT2,RELJCT2NAME,TYP_INT,TYP_INTNAME,REL_ROAD,REL_ROADNAME,WRK_ZONE,WRK_ZONENAME,LGT_COND,LGT_CONDNAME,WEATHER,WEATHERNAME,SCH_BUS,SCH_BUSNAME,RAIL,RAILNAME,NOT_HOUR,NOT_HOURNAME,NOT_MIN,NOT_MINNAME,ARR_HOUR,ARR_HOURNAME,ARR_MIN,ARR_MINNAME,HOSP_HR,HOSP_HRNAME,HOSP_MN,HOSP_MNNAME,FATALS
13,Georgia,131088,0,0,2,2,0,2,2,69,COFFEE (69),1760,DOUGLAS,8,August,31,31,4,Wednesday,2022,12,12:00pm-12:59pm,20,20,SR-31,NA,3,State Highway,2,Urban,3,Principal Arterial - Other,1,State Highway Agency,1,This section IS ON the NHS,0,No Special Jurisdiction,37,37,31.45813333,31.45813333,-82.85065833,-82.85065833,12,Motor Vehicle In-Transport,1,Front-to-Rear,0,No,1,Non-Junction,1,Not an Intersection,1,On Roadway,0,None,1,Daylight,10,Cloudy,0,No,0000000,Not Applicable,12,12:00pm-12:59pm,20,20,12,12:00pm-12:59pm,31,31,13,1:00pm-1:59pm,2,2,1
13,Georgia,131089,0,0,2,2,0,4,4,165,JENKINS (165),9898,Not Reported,9,September,2,2,6,Friday,2022,18,6:00pm-6:59pm,5,5,SR-67,NA,3,State Highway,1,Rural,3,Principal Arterial - Other,1,State Highway Agency,1,This section IS ON the NHS,0,No Special Jurisdiction,25,25,32.66081944,32.66081944,-81.93763333,-81.93763333,12,Motor Vehicle In-Transport,1,Front-to-Rear,0,No,1,Non-Junction,1,Not an Intersection,1,On Roadway,0,None,1,Daylight,10,Cloudy,0,No,0000000,Not Applicable,18,6:00pm-6:59pm,10,10,18,6:00pm-6:59pm,17,17,18,6:00pm-6:59pm,32,32,1
13,Georgia,131090,0,0,1,1,0,1,1,139,HALL (139),2285,GAINESVILLE,9,September,4,4,1,Sunday,2022,0,0:00am-0:59am,40,40,SR-369 BROWNS BRIDGE ROAD,NA,3,State Highway,2,Urban,4,Minor Arterial,1,State Highway Agency,0,This section IS NOT on the NHS,0,No Special Jurisdiction,23,23,34.27336111,34.27336111,-83.91546944,-83.91546944,59,Traffic Sign Support,0,The First Harmful Event was Not a Collision with a Motor Vehicle in Transport,0,No,1,Non-Junction,1,Not an Intersection,4,On Roadside,0,None,2,Dark - Not Lighted,5,"Fog, Smog, Smoke",0,No,0000000,Not Applicable,99,Unknown,98,Unknown if Notified,99,Unknown EMS Scene Arrival Hour,98,Unknown if Arrived,88,Not Applicable (Not Transported),88,Not Applicable (Not Transported),1
13,Georgia,131091,0,0,1,1,0,1,1,245,RICHMOND (245),310,AUGUSTA,8,August,11,11,5,Thursday,2022,3,3:00am-3:59am,57,57,I-20,NA,1,Interstate,2,Urban,1,Interstate,1,State Highway Agency,1,This section IS ON the NHS,0,No Special Jurisdiction,0,None,33.49332222,33.49332222,-82.08285278,-82.08285278,21,Bridge Pier or Support,0,The First Harmful Event was Not a Collision with a Motor Vehicle in Transport,1,Yes,5,Entrance/Exit Ramp Related,1,Not an Intersection,8,Gore,0,None,3,Dark - Lighted,1,Clear,0,No,0000000,Not Applicable,99,Unknown,98,Unknown if Notified,99,Unknown EMS Scene Arrival Hour,98,Unknown if Arrived,88,Not Applicable (Not Transported),88,Not Applicable (Not Transported),1
13,Georgia,131092,0,0,1,1,0,1,1,157,JACKSON (157),670,BRASELTON,8,August,21,21,1,Sunday,2022,15,3:00pm-3:59pm,48,48,GARNER RD,NA,8,Other,2,Urban,7,Local,4,City or Municipal Highway Agency,0,This section IS NOT on the NHS,0,No Special Jurisdiction,2,2,34.16130278,34.16130278,-83.77164167,-83.77164167,42,Tree (Standing Only),0,The First Harmful Event was Not a Collision with a Motor Vehicle in Transport,0,No,1,Non-Junction,1,Not an Intersection,4,On Roadside,0,None,1,Daylight,1,Clear,0,No,0000000,Not Applicable,15,3:00pm-3:59pm,52,52,16,4:00pm-4:59pm,2,2,16,4:00pm-4:59pm,33,33,1
13,Georgia,131093,1,1,1,1,0,1,1,215,MUSCOGEE (215),1280,COLUMBUS,8,August,21,21,1,Sunday,2022,23,11:00pm-11:59pm,11,11,SR-27 VETERANS PKWY,NA,3,State Highway,2,Urban,3,Principal Arterial - Other,1,State Highway Agency,1,This section IS ON the NHS,0,No Special Jurisdiction,108,108,32.50169167,32.50169167,-84.97621389,-84.97621389,8,Pedestrian,0,The First Harmful Event was Not a Collision with a Motor Vehicle in Transport,0,No,1,Non-Junction,1,Not an Intersection,1,On Roadway,0,None,3,Dark - Lighted,10,Cloudy,0,No,0000000,Not Applicable,23,11:00pm-11:59pm,12,12,23,11:00pm-11:59pm,21,21,23,11:00pm-11:59pm,29,29,1
13,Georgia,131094,0,0,3,3,0,3,3,245,RICHMOND (245),310,AUGUSTA,8,August,28,28,1,Sunday,2022,19,7:00pm-7:59pm,58,58,SR-121 PEACH ORCHARD RD,DUNHAM CT,3,State Highway,2,Urban,3,Principal Arterial - Other,1,State Highway Agency,1,This section IS ON the NHS,0,No Special Jurisdiction,130,130,33.41521389,33.41521389,-82.02424722,-82.02424722,12,Motor Vehicle In-Transport,7,Sideswipe - Same Direction,0,No,3,Intersection-Related,3,T-Intersection,1,On Roadway,0,None,1,Daylight,1,Clear,0,No,0000000,Not Applicable,20,8:00pm-8:59pm,6,6,20,8:00pm-8:59pm,18,18,20,8:00pm-8:59pm,44,44,1
13,Georgia,131095,0,0,1,1,0,1,1,135,GWINNETT (135),5080,SNELLVILLE,8,August,28,28,1,Sunday,2022,20,8:00pm-8:59pm,49,49,ROCKDALE CIR,NA,6,Local Street - Municipality,2,Urban,7,Local,4,City or Municipal Highway Agency,0,This section IS NOT on the NHS,0,No Special Jurisdiction,14,14,33.85506111,33.85506111,-83.99390556,-83.99390556,7,Other Non-Collision,0,The First Harmful Event was Not a Collision with a Motor Vehicle in Transport,0,No,1,Non-Junction,1,Not an Intersection,4,On Roadside,0,None,3,Dark - Lighted,1,Clear,0,No,0000000,Not Applicable,20,8:00pm-8:59pm,49,49,20,8:00pm-8:59pm,53,53,21,9:00pm-9:59pm,15,15,1
13,Georgia,131096,0,0,2,2,0,4,4,121,FULTON (121),1250,COLLEGE PARK,8,August,30,30,3,Tuesday,2022,17,5:00pm-5:59pm,37,37,SR-279 OLD NATIONAL HIGHWAY,NA,3,State Highway,2,Urban,4,Minor Arterial,1,State Highway Agency,0,This section IS NOT on the NHS,0,No Special Jurisdiction,51,51,33.62314167,33.62314167,-84.47436111,-84.47436111,12,Motor Vehicle In-Transport,2,Front-to-Front,0,No,8,Driveway Access Related,1,Not an Intersection,1,On Roadway,0,None,1,Daylight,10,Cloudy,0,No,0000000,Not Applicable,17,5:00pm-5:59pm,37,37,17,5:00pm-5:59pm,55,55,99,Unknown,99,Unknown EMS Hospital Arrival Time,2
13,Georgia,131097,0,0,2,2,0,3,3,21,BIBB (21),3390,MACON,9,September,1,1,5,Thursday,2022,0,0:00am-0:59am,28,28,SR-11 MARTIN LUTHER KING JR BL,OAK ST,3,State Highway,2,Urban,4,Minor Arterial,1,State Highway Agency,0,This section IS NOT on the NHS,0,No Special Jurisdiction,149,149,32.82946667,32.82946667,-83.63040278,-83.63040278,12,Motor Vehicle In-Transport,1,Front-to-Rear,0,No,2,Intersection,2,Four-Way Intersection,1,On Roadway,0,None,2,Dark - Not Lighted,1,Clear,0,No,0000000,Not Applicable,99,Unknown,99,Unknown,99,Unknown EMS Scene Arrival Hour,99,Unknown EMS Scene Arrival Minutes,99,Unknown,99,Unknown EMS Hospital Arrival Time,1
13,Georgia,131098,0,0,2,2,0,2,2,121,FULTON (121),9997,Other,9,September,2,2,6,Friday,2022,0,0:00am-0:59am,49,49,SR-14 ROOSEVELT HIGHWAY,DELANO ROAD,3,State Highway,2,Urban,4,Minor Arterial,1,State Highway Agency,0,This section IS NOT on the NHS,0,No Special Jurisdiction,126,126,33.61838056,33.61838056,-84.51095833,-84.51095833,12,Motor Vehicle In-Transport,6,Angle,0,No,2,Intersection,3,T-Intersection,1,On Roadway,0,None,2,Dark - Not Lighted,10,Cloudy,0,No,0000000,Not Applicable,0,0:00am-0:59am,22,22,0,0:00am-0:59am,36,36,99,Unknown,99,Unknown EMS Hospital Arrival Time,1
13,Georgia,131100,0,0,1,1,0,1,1,137,HABERSHAM (137),1150,CLARKESVILLE,8,August,21,21,1,Sunday,2022,2,2:00am-2:59am,15,15,BEAVER DAM ROAD,NA,5,Local Street - Township,2,Urban,7,Local,3,Town or Township Highway Agency,0,This section IS NOT on the NHS,0,No Special Jurisdiction,5,5,34.61732222,34.61732222,-83.53743056,-83.53743056,59,Traffic Sign Support,0,The First Harmful Event was Not a Collision with a Motor Vehicle in Transport,0,No,1,Non-Junction,1,Not an Intersection,4,On Roadside,0,None,2,Dark - Not Lighted,2,Rain,0,No,0000000,Not Applicable,7,7:00am-7:59am,14,14,7,7:00am-7:59am,24,24,88,Not Applicable (Not Transported),88,Not Applicable (Not Transported),1
13,Georgia,131101,0,0,2,2,0,5,5,93,DOOLY (93),5720,VIENNA,8,August,21,21,1,Sunday,2022,23,11:00pm-11:59pm,15,15,I-75,NA,1,Interstate,1,Rural,1,Interstate,1,State Highway Agency,1,This section IS ON the NHS,0,No Special Jurisdiction,30,30,32.07333889,32.07333889,-83.763225,-83.763225,12,Motor Vehicle In-Transport,1,Front-to-Rear,0,No,1,Non-Junction,1,Not an Intersection,1,On Roadway,0,None,2,Dark - Not Lighted,1,Clear,0,No,0000000,Not Applicable,23,11:00pm-11:59pm,14,14,23,11:00pm-11:59pm,27,27,99,Unknown,99,Unknown EMS Hospital Arrival Time,1
13,Georgia,131102,1,1,1,1,0,1,1,307,WEBSTER (307),4500,PRESTON,8,August,22,22,2,Monday,2022,16,4:00pm-4:59pm,0,0,SR-27,NA,3,State Highway,1,Rural,3,Principal Arterial - Other,1,State Highway Agency,1,This section IS ON the NHS,0,No Special Jurisdiction,34,34,32.09257778,32.09257778,-84.59205556,-84.59205556,8,Pedestrian,0,The First Harmful Event was Not a Collision with a Motor Vehicle in Transport,0,No,1,Non-Junction,1,Not an Intersection,4,On Roadside,1,Construction,1,Daylight,1,Clear,0,No,0000000,Not Applicable,15,3:00pm-3:59pm,55,55,16,4:00pm-4:59pm,6,6,88,Not Applicable (Not Transported),88,Not Applicable (Not Transported),1
13,Georgia,131103,1,1,1,1,0,1,1,63,CLAYTON (63),4690,RIVERDALE,9,September,2,2,6,Friday,2022,21,9:00pm-9:59pm,31,31,SR-85,NA,3,State Highway,2,Urban,3,Principal Arterial - Other,1,State Highway Agency,1,This section IS ON the NHS,0,No Special Jurisdiction,49,49,33.58683889,33.58683889,-84.40999167,-84.40999167,8,Pedestrian,0,The First Harmful Event was Not a Collision with a Motor Vehicle in Transport,0,No,1,Non-Junction,1,Not an Intersection,1,On Roadway,0,None,2,Dark - Not Lighted,1,Clear,0,No,0000000,Not Applicable,21,9:00pm-9:59pm,31,31,21,9:00pm-9:59pm,31,31,88,Not Applicable (Not Transported),88,Not Applicable (Not Transported),1
13,Georgia,131104,0,0,1,1,0,1,1,81,CRISP (81),9997,Other,9,September,5,5,2,Monday,2022,1,1:00am-1:59am,1,1,SR-7,NA,3,State Highway,1,Rural,4,Minor Arterial,1,State Highway Agency,0,This section IS NOT on the NHS,0,No Special Jurisdiction,76,76,31.90192778,31.90192778,-83.76188333,-83.76188333,58,Ground,0,The First Harmful Event was Not a Collision with a Motor Vehicle in Transport,0,No,1,Non-Junction,1,Not an Intersection,4,On Roadside,0,None,2,Dark - Not Lighted,10,Cloudy,0,No,0000000,Not Applicable,1,1:00am-1:59am,5,5,1,1:00am-1:59am,14,14,88,Not Applicable (Not Transported),88,Not Applicable (Not Transported),1
13,Georgia,131105,0,0,2,2,0,2,2,135,GWINNETT (135),1470,DACULA,9,September,5,5,2,Monday,2022,19,7:00pm-7:59pm,11,11,SR-324  AUBURN ROAD,NA,3,State Highway,2,Urban,4,Minor Arterial,1,State Highway Agency,0,This section IS NOT on the NHS,0,No Special Jurisdiction,47,47,34.04107778,34.04107778,-83.91947778,-83.91947778,12,Motor Vehicle In-Transport,2,Front-to-Front,0,No,1,Non-Junction,1,Not an Intersection,1,On Roadway,0,None,1,Daylight,10,Cloudy,0,No,0000000,Not Applicable,19,7:00pm-7:59pm,12,12,19,7:00pm-7:59pm,16,16,19,7:00pm-7:59pm,51,51,1
13,Georgia,131106,1,1,1,1,0,1,1,121,FULTON (121),280,ATLANTA,8,August,28,28,1,Sunday,2022,0,0:00am-0:59am,30,30,SR-54 JONESBORO RD SE SOUTH,NA,3,State Highway,2,Urban,4,Minor Arterial,1,State Highway Agency,0,This section IS NOT on the NHS,0,No Special Jurisdiction,1,1,33.65024167,33.65024167,-84.36639167,-84.36639167,8,Pedestrian,0,The First Harmful Event was Not a Collision with a Motor Vehicle in Transport,0,No,1,Non-Junction,1,Not an Intersection,1,On Roadway,0,None,3,Dark - Lighted,1,Clear,0,No,0000000,Not Applicable,99,Unknown,98,Unknown if Notified,99,Unknown EMS Scene Arrival Hour,98,Unknown if Arrived,88,Not Applicable (Not Transported),88,Not Applicable (Not Transported),1
13,Georgia,131107,1,1,1,1,0,1,1,135,GWINNETT (135),3990,NORCROSS,9,September,7,7,4,Wednesday,2022,5,5:00am-5:59am,55,55,JIMMY CARTER BOULEVARD,MEADOWBROOK DR,6,Local Street - Municipality,2,Urban,3,Principal Arterial - Other,4,City or Municipal Highway Agency,1,This section IS ON the NHS,0,No Special Jurisdiction,7,7,33.88811111,33.88811111,-84.19401389,-84.19401389,8,Pedestrian,0,The First Harmful Event was Not a Collision with a Motor Vehicle in Transport,0,No,2,Intersection,2,Four-Way Intersection,1,On Roadway,0,None,2,Dark - Not Lighted,1,Clear,0,No,0000000,Not Applicable,5,5:00am-5:59am,99,Unknown,99,Unknown EMS Scene Arrival Hour,99,Unknown EMS Scene Arrival Minutes,88,Not Applicable (Not Transported),88,Not Applicable (Not Transported),1
13,Georgia,131108,0,0,2,2,0,4,4,121,FULTON (121),1900,EAST POINT,8,August,24,24,4,Wednesday,2022,13,1:00pm-1:59pm,44,44,LEXINGTON AVE,NA,5,Local Street - Township,2,Urban,7,Local,3,Town or Township Highway Agency,0,This section IS NOT on the NHS,0,No Special Jurisdiction,2,2,33.68451667,33.68451667,-84.45176389,-84.45176389,12,Motor Vehicle In-Transport,1,Front-to-Rear,0,No,1,Non-Junction,1,Not an Intersection,1,On Roadway,0,None,1,Daylight,10,Cloudy,0,No,0000000,Not Applicable,13,1:00pm-1:59pm,20,20,14,2:00pm-2:59pm,10,10,99,Unknown,99,Unknown EMS Hospital Arrival Time,1
13,Georgia,131109,0,0,2,2,0,2,2,121,FULTON (121),280,ATLANTA,9,September,4,4,1,Sunday,2022,4,4:00am-4:59am,20,20,MARIETTA BLVD NW WEST,NA,6,Local Street - Municipality,2,Urban,4,Minor Arterial,4,City or Municipal Highway Agency,0,This section IS NOT on the NHS,0,No Special Jurisdiction,42,42,33.81896667,33.81896667,-84.45085,-84.45085,12,Motor Vehicle In-Transport,6,Angle,0,No,8,Driveway Access Related,1,Not an Intersection,1,On Roadway,0,None,3,Dark - Lighted,1,Clear,0,No,0000000,Not Applicable,99,Unknown,98,Unknown if Notified,99,Unknown EMS Scene Arrival Hour,98,Unknown if Arrived,88,Not Applicable (Not Transported),88,Not Applicable (Not Transported),1
13,Georgia,131110,0,0,2,2,0,4,4,17,BEN HILL (17),2130,FITZGERALD,6,June,9,9,5,Thursday,2022,20,8:00pm-8:59pm,28,28,CS-053601,N LOGAN ST,6,Local Street - Municipality,2,Urban,7,Local,4,City or Municipal Highway Agency,0,This section IS NOT on the NHS,0,No Special Jurisdiction,10,10,31.72064722,31.72064722,-83.24776389,-83.24776389,12,Motor Vehicle In-Transport,6,Angle,0,No,2,Intersection,2,Four-Way Intersection,1,On Roadway,0,None,2,Dark - Not Lighted,1,Clear,0,No,0000000,Not Applicable,20,8:00pm-8:59pm,38,38,20,8:00pm-8:59pm,41,41,20,8:00pm-8:59pm,46,46,1
13,Georgia,131111,0,0,1,1,0,3,3,135,GWINNETT (135),3100,LAWRENCEVILLE,8,August,14,14,1,Sunday,2022,2,2:00am-2:59am,15,15,SR-8 LAWRENCEVILLE HIGHWAY,NA,3,State Highway,2,Urban,4,Minor Arterial,1,State Highway Agency,0,This section IS NOT on the NHS,0,No Special Jurisdiction,97,97,33.92917222,33.92917222,-84.048525,-84.048525,32,Culvert,0,The First Harmful Event was Not a Collision with a Motor Vehicle in Transport,0,No,1,Non-Junction,1,Not an Intersection,4,On Roadside,0,None,3,Dark - Lighted,1,Clear,0,No,0000000,Not Applicable,2,2:00am-2:59am,15,15,2,2:00am-2:59am,24,24,2,2:00am-2:59am,39,39,1
13,Georgia,131112,1,1,1,1,0,1,1,135,GWINNETT (135),1810,DULUTH,8,August,17,17,4,Wednesday,2022,12,12:00pm-12:59pm,54,54,SATELLITE BLVD,NA,6,Local Street - Municipality,2,Urban,4,Minor Arterial,4,City or Municipal Highway Agency,0,This section IS NOT on the NHS,0,No Special Jurisdiction,131,131,33.96348611,33.96348611,-84.12372778,-84.12372778,8,Pedestrian,0,The First Harmful Event was Not a Collision with a Motor Vehicle in Transport,0,No,1,Non-Junction,1,Not an Intersection,1,On Roadway,0,None,1,Daylight,10,Cloudy,0,No,0000000,Not Applicable,99,Unknown,99,Unknown,99,Unknown EMS Scene Arrival Hour,99,Unknown EMS Scene Arrival Minutes,99,Unknown,99,Unknown EMS Hospital Arrival Time,1
13,Georgia,131113,0,0,2,2,0,3,3,17,BEN HILL (17),2130,FITZGERALD,7,July,4,4,2,Monday,2022,20,8:00pm-8:59pm,6,6,CS-S MONITOR DR,E CYPRESS ST,5,Local Street - Township,2,Urban,4,Minor Arterial,4,City or Municipal Highway Agency,0,This section IS NOT on the NHS,0,No Special Jurisdiction,11,11,31.70815,31.70815,-83.243825,-83.243825,12,Motor Vehicle In-Transport,1,Front-to-Rear,0,No,2,Intersection,2,Four-Way Intersection,1,On Roadway,0,None,1,Daylight,10,Cloudy,0,No,0000000,Not Applicable,20,8:00pm-8:59pm,8,8,20,8:00pm-8:59pm,13,13,21,9:00pm-9:59pm,8,8,1
13,Georgia,131114,1,1,1,1,0,1,1,115,FLOYD (115),4760,ROME,8,August,19,19,6,Friday,2022,17,5:00pm-5:59pm,10,10,DOUGLAS ST,NA,6,Local Street - Municipality,2,Urban,7,Local,4,City or Municipal Highway Agency,0,This section IS NOT on the NHS,0,No Special Jurisdiction,1,1,34.20696111,34.20696111,-85.17728611,-85.17728611,8,Pedestrian,0,The First Harmful Event was Not a Collision with a Motor Vehicle in Transport,1,Yes,18,Through Roadway,1,Not an Intersection,1,On Roadway,0,None,1,Daylight,10,Cloudy,0,No,0000000,Not Applicable,17,5:00pm-5:59pm,11,11,17,5:00pm-5:59pm,18,18,17,5:00pm-5:59pm,39,39,1
13,Georgia,131115,0,0,1,1,0,1,1,121,FULTON (121),280,ATLANTA,8,August,30,30,3,Tuesday,2022,2,2:00am-2:59am,30,30,I-20 RAMP WB,NA,1,Interstate,2,Urban,1,Interstate,1,State Highway Agency,1,This section IS ON the NHS,0,No Special Jurisdiction,3,3,33.7451,33.7451,-84.38814167,-84.38814167,42,Tree (Standing Only),0,The First Harmful Event was Not a Collision with a Motor Vehicle in Transport,1,Yes,5,Entrance/Exit Ramp Related,1,Not an Intersection,4,On Roadside,0,None,3,Dark - Lighted,1,Clear,0,No,0000000,Not Applicable,99,Unknown,98,Unknown if Notified,99,Unknown EMS Scene Arrival Hour,98,Unknown if Arrived,88,Not Applicable (Not Transported),88,Not Applicable (Not Transported),1
13,Georgia,131116,1,1,1,1,0,2,2,135,GWINNETT (135),1810,DULUTH,9,September,2,2,6,Friday,2022,6,6:00am-6:59am,22,22,SR-15,CLUB DR,3,State Highway,2,Urban,5,Major Collector,1,State Highway Agency,0,This section IS NOT on the NHS,0,No Special Jurisdiction,18,18,33.94203889,33.94203889,-84.13481667,-84.13481667,8,Pedestrian,0,The First Harmful Event was Not a Collision with a Motor Vehicle in Transport,0,No,2,Intersection,2,Four-Way Intersection,1,On Roadway,0,None,3,Dark - Lighted,1,Clear,0,No,0000000,Not Applicable,6,6:00am-6:59am,24,24,6,6:00am-6:59am,28,28,99,Unknown,99,Unknown EMS Hospital Arrival Time,1
13,Georgia,131117,0,0,1,1,0,3,3,243,RANDOLPH (243),1460,CUTHBERT,9,September,2,2,6,Friday,2022,7,7:00am-7:59am,30,30,US-82,NA,2,US Highway,1,Rural,3,Principal Arterial - Other,1,State Highway Agency,1,This section IS ON the NHS,0,No Special Jurisdiction,47,47,31.79548056,31.79548056,-84.85148889,-84.85148889,34,Ditch,0,The First Harmful Event was Not a Collision with a Motor Vehicle in Transport,0,No,1,Non-Junction,1,Not an Intersection,4,On Roadside,0,None,1,Daylight,1,Clear,0,No,0000000,Not Applicable,7,7:00am-7:59am,37,37,7,7:00am-7:59am,44,44,99,Unknown,99,Unknown EMS Hospital Arrival Time,2
13,Georgia,131118,1,1,1,1,0,1,1,257,STEPHENS (257),1835,EASTANOLLEE,9,September,4,4,1,Sunday,2022,4,4:00am-4:59am,15,15,SR-17 OLD,NA,3,State Highway,1,Rural,4,Minor Arterial,1,State Highway Agency,0,This section IS NOT on the NHS,0,No Special Jurisdiction,47,47,34.51816667,34.51816667,-83.23517222,-83.23517222,8,Pedestrian,0,The First Harmful Event was Not a Collision with a Motor Vehicle in Transport,0,No,1,Non-Junction,1,Not an Intersection,1,On Roadway,0,None,2,Dark - Not Lighted,10,Cloudy,0,No,0000000,Not Applicable,4,4:00am-4:59am,20,20,4,4:00am-4:59am,29,29,88,Not Applicable (Not Transported),88,Not Applicable (Not Transported),1
13,Georgia,131119,0,1,2,1,1,2,1,77,COWETA (77),3950,NEWNAN,9,September,4,4,1,Sunday,2022,6,6:00am-6:59am,25,25,I-85 NORTH,NA,1,Interstate,2,Urban,1,Interstate,1,State Highway Agency,1,This section IS ON the NHS,0,No Special Jurisdiction,149,149,33.42969722,33.42969722,-84.71938333,-84.71938333,14,Parked Motor Vehicle,0,The First Harmful Event was Not a Collision with a Motor Vehicle in Transport,0,No,1,Non-Junction,1,Not an Intersection,2,On Shoulder,0,None,2,Dark - Not Lighted,10,Cloudy,0,No,0000000,Not Applicable,6,6:00am-6:59am,30,30,6,6:00am-6:59am,38,38,88,Not Applicable (Not Transported),88,Not Applicable (Not Transported),1
13,Georgia,131120,1,1,1,1,0,1,1,21,BIBB (21),3390,MACON,9,September,5,5,2,Monday,2022,6,6:00am-6:59am,38,38,SR-22/MARTIN LUTHER KING,NA,3,State Highway,2,Urban,4,Minor Arterial,1,State Highway Agency,0,This section IS NOT on the NHS,0,No Special Jurisdiction,143,143,32.82263333,32.82263333,-83.63609722,-83.63609722,8,Pedestrian,0,The First Harmful Event was Not a Collision with a Motor Vehicle in Transport,0,No,1,Non-Junction,1,Not an Intersection,1,On Roadway,0,None,2,Dark - Not Lighted,1,Clear,0,No,0000000,Not Applicable,6,6:00am-6:59am,38,38,6,6:00am-6:59am,48,48,99,Unknown,99,Unknown EMS Hospital Arrival Time,1
13,Georgia,131121,0,0,1,1,0,1,1,21,BIBB (21),3390,MACON,9,September,5,5,2,Monday,2022,13,1:00pm-1:59pm,35,35,NORTHSIDE DR,NA,6,Local Street - Municipality,2,Urban,5,Major Collector,4,City or Municipal Highway Agency,0,This section IS NOT on the NHS,0,No Special Jurisdiction,5,5,32.89477222,32.89477222,-83.68605278,-83.68605278,33,Curb,0,The First Harmful Event was Not a Collision with a Motor Vehicle in Transport,0,No,1,Non-Junction,1,Not an Intersection,4,On Roadside,0,None,1,Daylight,1,Clear,0,No,0000000,Not Applicable,13,1:00pm-1:59pm,38,38,13,1:00pm-1:59pm,42,42,14,2:00pm-2:59pm,3,3,1
13,Georgia,131122,0,0,2,2,0,2,2,27,BROOKS (27),410,BARNEY,9,September,5,5,2,Monday,2022,16,4:00pm-4:59pm,1,1,SR-133,SR-122,3,State Highway,1,Rural,4,Minor Arterial,1,State Highway Agency,0,This section IS NOT on the NHS,0,No Special Jurisdiction,175,175,31.00674167,31.00674167,-83.55754444,-83.55754444,12,Motor Vehicle In-Transport,6,Angle,0,No,2,Intersection,2,Four-Way Intersection,1,On Roadway,0,None,1,Daylight,1,Clear,0,No,0000000,Not Applicable,15,3:00pm-3:59pm,59,59,16,4:00pm-4:59pm,24,24,16,4:00pm-4:59pm,24,24,1
13,Georgia,131123,0,0,1,1,0,1,1,33,BURKE (33),9898,Not Reported,9,September,5,5,2,Monday,2022,23,11:00pm-11:59pm,18,18,STORYMILL ROAD,NA,6,Local Street - Municipality,1,Rural,5,Major Collector,4,City or Municipal Highway Agency,0,This section IS NOT on the NHS,0,No Special Jurisdiction,97,97,33.17162222,33.17162222,-82.08645278,-82.08645278,32,Culvert,0,The First Harmful Event was Not a Collision with a Motor Vehicle in Transport,0,No,1,Non-Junction,1,Not an Intersection,4,On Roadside,0,None,2,Dark - Not Lighted,1,Clear,0,No,0000000,Not Applicable,99,Unknown,99,Unknown,99,Unknown EMS Scene Arrival Hour,99,Unknown EMS Scene Arrival Minutes,88,Not Applicable (Not Transported),88,Not Applicable (Not Transported),1
13,Georgia,131124,0,0,2,2,0,2,2,285,TROUP (285),3050,LA GRANGE,9,September,7,7,4,Wednesday,2022,6,6:00am-6:59am,23,23,SR-219 MOOTY BRIDGE RD,NA,3,State Highway,2,Urban,4,Minor Arterial,1,State Highway Agency,0,This section IS NOT on the NHS,0,No Special Jurisdiction,141,141,33.06436111,33.06436111,-85.03831111,-85.03831111,12,Motor Vehicle In-Transport,6,Angle,0,No,8,Driveway Access Related,1,Not an Intersection,1,On Roadway,0,None,2,Dark - Not Lighted,10,Cloudy,0,No,0000000,Not Applicable,6,6:00am-6:59am,23,23,6,6:00am-6:59am,37,37,99,Unknown,99,Unknown EMS Hospital Arrival Time,1
13,Georgia,131125,0,0,1,1,0,1,1,151,HENRY (151),5210,STOCKBRIDGE,9,September,7,7,4,Wednesday,2022,14,2:00pm-2:59pm,39,39,SR-138 LAKE SPIVEY PKWY,NA,3,State Highway,2,Urban,3,Principal Arterial - Other,1,State Highway Agency,1,This section IS ON the NHS,0,No Special Jurisdiction,105,105,33.54104722,33.54104722,-84.29243611,-84.29243611,19,Building,0,The First Harmful Event was Not a Collision with a Motor Vehicle in Transport,0,No,1,Non-Junction,1,Not an Intersection,4,On Roadside,0,None,1,Daylight,1,Clear,0,No,0000000,Not Applicable,14,2:00pm-2:59pm,36,36,14,2:00pm-2:59pm,39,39,88,Not Applicable (Not Transported),88,Not Applicable (Not Transported),1