STATE,STATENAME,ST_CASE,PEDS,PERNOTMVIT,VE_TOTAL,VE_FORMS,PVH_INVL,PERSONS,PERMVIT,COUNTY,COUNTYNAME,CITY,CITYNAME,MONTH,MONTHNAME,DAY,DAYNAME,DAY_WEEK,DAY_WEEKNAME,YEAR,HOUR,HOURNAME,MINUTE,MINUTENAME,TWAY_ID,TWAY_ID2,ROUTE,ROUTENAME,RUR_URB,RUR_URBNAME,FUNC_SYS,FUNC_SYSNAME,RD_OWNER,RD_OWNERNAME,NHS,NHSNAME,SP_JUR,SP_JURNAME,MILEPT,MILEPTNAME,LATITUDE,LATITUDENAME,LONGITUD,LONGITUDNAME,HARM_EV,HARM_EVNAME,MAN_COLL,MAN_COLLNAME,RELJCT1,RELJCT1NAME,RELJCT2,RELJCT2NAME,TYP_INT,TYP_INTNAME,REL_ROAD,REL_ROADNAME,WRK_ZONE,WRK_ZONENAME,LGT_COND,LGT_CONDNAME,WEATHER,WEATHERNAME,SCH_BUS,SCH_BUSNAME,RAIL,RAILNAME,NOT_HOUR,NOT_HOURNAME,NOT_MIN,NOT_MINNAME,ARR_HOUR,ARR_HOURNAME,ARR_MIN,ARR_MINNAME,HOSP_HR,HOSP_HRNAME,HOSP_MN,HOSP_MNNAME,FATALS
13,Georgia,131169,0,0,2,2,0,2,2,55,CHATTOOGA (55),5260,SUMMERVILLE,9,September,16,16,6,Friday,2022,14,2:00pm-2:59pm,9,9,SR-1,NA,3,State Highway,1,Rural,3,Principal Arterial - Other,1,State Highway Agency,1,This section IS ON the NHS,0,No Special Jurisdiction,58,58,34.47454722,34.47454722,-85.29176111,-85.29176111,12,Motor Vehicle In-Transport,8,Sideswipe - Opposite Direction,0,No,1,Non-Junction,1,Not an Intersection,1,On Roadway,0,None,1,Daylight,10,Cloudy,0,No,0000000,Not Applicable,14,2:00pm-2:59pm,11,11,16,4:00pm-4:59pm,24,24,88,Not Applicable (Not Transported),88,Not Applicable (Not Transported),1
13,Georgia,131170,0,0,1,1,0,1,1,21,BIBB (21),3390,MACON,9,September,18,18,1,Sunday,2022,13,1:00pm-1:59pm,38,38,SARDIS CHURCH RD,NA,6,Local Street - Municipality,2,Urban,4,Minor Arterial,4,City or Municipal Highway Agency,0,This section IS NOT on the NHS,0,No Special Jurisdiction,23,23,32.71690833,32.71690833,-83.72506111,-83.72506111,33,Curb,0,The First Harmful Event was Not a Collision with a Motor Vehicle in Transport,0,No,1,Non-Junction,1,Not an Intersection,4,On Roadside,0,None,1,Daylight,1,Clear,0,No,0000000,Not Applicable,99,Unknown,99,Unknown,99,Unknown EMS Scene Arrival Hour,99,Unknown EMS Scene Arrival Minutes,88,Not Applicable (Not Transported),88,Not Applicable (Not Transported),1
13,Georgia,131171,0,0,1,1,0,2,2,149,HEARD (149),2230,FRANKLIN,9,September,18,18,1,Sunday,2022,13,1:00pm-1:59pm,45,45,SR-34,NA,3,State Highway,1,Rural,3,Principal Arterial - Other,1,State Highway Agency,1,This section IS ON the NHS,0,No Special Jurisdiction,143,143,33.29635556,33.29635556,-85.07616944,-85.07616944,42,Tree (Standing Only),0,The First Harmful Event was Not a Collision with a Motor Vehicle in Transport,0,No,1,Non-Junction,1,Not an Intersection,4,On Roadside,0,None,1,Daylight,1,Clear,0,No,0000000,Not Applicable,13,1:00pm-1:59pm,48,48,13,1:00pm-1:59pm,54,54,99,Unknown,99,Unknown EMS Hospital Arrival Time,1
13,Georgia,131172,0,0,1,1,0,1,1,15,BARTOW (15),980,CARTERSVILLE,9,September,18,18,1,Sunday,2022,22,10:00pm-10:59pm,50,50,SR-3,NA,3,State Highway,2,Urban,3,Principal Arterial - Other,1,State Highway Agency,1,This section IS ON the NHS,0,No Special Jurisdiction,144,144,34.22125,34.22125,-84.85132222,-84.85132222,42,Tree (Standing Only),0,The First Harmful Event was Not a Collision with a Motor Vehicle in Transport,1,Yes,19,Other location within Interchange Area,1,Not an Intersection,4,On Roadside,0,None,2,Dark - Not Lighted,1,Clear,0,No,0000000,Not Applicable,22,10:00pm-10:59pm,44,44,22,10:00pm-10:59pm,49,49,88,Not Applicable (Not Transported),88,Not Applicable (Not Transported),1
13,Georgia,131173,0,0,2,2,0,3,3,21,BIBB (21),3390,MACON,9,September,19,19,2,Monday,2022,0,0:00am-0:59am,29,29,CR-088900/ROCKY CREEK RD,PIO NONE AVE,4,County Road,2,Urban,4,Minor Arterial,2,County Highway Agency,0,This section IS NOT on the NHS,0,No Special Jurisdiction,24,24,32.7906,32.7906,-83.66887222,-83.66887222,12,Motor Vehicle In-Transport,1,Front-to-Rear,0,No,2,Intersection,2,Four-Way Intersection,1,On Roadway,0,None,3,Dark - Lighted,1,Clear,0,No,0000000,Not Applicable,0,0:00am-0:59am,29,29,0,0:00am-0:59am,31,31,0,0:00am-0:59am,55,55,1
13,Georgia,131175,0,0,2,2,0,1,1,245,RICHMOND (245),310,AUGUSTA,9,September,19,19,2,Monday,2022,21,9:00pm-9:59pm,12,12,US-25,NA,2,US Highway,2,Urban,3,Principal Arterial - Other,1,State Highway Agency,1,This section IS ON the NHS,0,No Special Jurisdiction,24,24,33.27222222,33.27222222,-82.04861111,-82.04861111,12,Motor Vehicle In-Transport,1,Front-to-Rear,0,No,1,Non-Junction,1,Not an Intersection,1,On Roadway,0,None,2,Dark - Not Lighted,1,Clear,0,No,0000000,Not Applicable,99,Unknown,99,Unknown,99,Unknown EMS Scene Arrival Hour,99,Unknown EMS Scene Arrival Minutes,88,Not Applicable (Not Transported),88,Not Applicable (Not Transported),1
13,Georgia,131176,0,0,1,1,0,1,1,63,CLAYTON (63),2180,FOREST PARK,9,September,12,12,2,Monday,2022,3,3:00am-3:59am,52,52,BURKS DR,NA,6,Local Street - Municipality,2,Urban,7,Local,4,City or Municipal Highway Agency,0,This section IS NOT on the NHS,0,No Special Jurisdiction,4,4,33.61392222,33.61392222,-84.34356111,-84.34356111,41,Shrubbery,0,The First Harmful Event was Not a Collision with a Motor Vehicle in Transport,0,No,1,Non-Junction,1,Not an Intersection,4,On Roadside,0,None,2,Dark - Not Lighted,10,Cloudy,0,No,0000000,Not Applicable,3,3:00am-3:59am,45,45,3,3:00am-3:59am,54,54,88,Not Applicable (Not Transported),88,Not Applicable (Not Transported),1
13,Georgia,131177,1,1,1,1,0,2,2,121,FULTON (121),9997,Other,9,September,12,12,2,Monday,2022,6,6:00am-6:59am,36,36,SR-279 OLD NATIONAL HWY,NA,3,State Highway,2,Urban,4,Minor Arterial,1,State Highway Agency,0,This section IS NOT on the NHS,0,No Special Jurisdiction,29,29,33.59118889,33.59118889,-84.46849167,-84.46849167,8,Pedestrian,0,The First Harmful Event was Not a Collision with a Motor Vehicle in Transport,0,No,1,Non-Junction,1,Not an Intersection,1,On Roadway,0,None,4,Dawn,1,Clear,0,No,0000000,Not Applicable,99,Unknown,99,Unknown,99,Unknown EMS Scene Arrival Hour,99,Unknown EMS Scene Arrival Minutes,88,Not Applicable (Not Transported),88,Not Applicable (Not Transported),1
13,Georgia,131178,0,0,3,3,0,4,4,51,CHATHAM (51),4910,SAVANNAH,9,September,14,14,4,Wednesday,2022,13,1:00pm-1:59pm,26,26,SR-25 OGEECHEE ROAD,I-516 EB OFF RAMP,3,State Highway,2,Urban,3,Principal Arterial - Other,1,State Highway Agency,1,This section IS ON the NHS,0,No Special Jurisdiction,106,106,32.05379167,32.05379167,-81.14233333,-81.14233333,12,Motor Vehicle In-Transport,6,Angle,1,Yes,2,Intersection,4,Y-Intersection,1,On Roadway,1,Construction,1,Daylight,1,Clear,0,No,0000000,Not Applicable,13,1:00pm-1:59pm,29,29,13,1:00pm-1:59pm,40,40,13,1:00pm-1:59pm,58,58,1
13,Georgia,131179,0,0,1,1,0,2,2,315,WILCOX (315),10,ABBEVILLE,9,September,17,17,7,Saturday,2022,0,0:00am-0:59am,38,38,SIBBIE ROAD,NA,6,Local Street - Municipality,1,Rural,5,Major Collector,4,City or Municipal Highway Agency,0,This section IS NOT on the NHS,0,No Special Jurisdiction,72,72,31.94908056,31.94908056,-83.30923889,-83.30923889,32,Culvert,0,The First Harmful Event was Not a Collision with a Motor Vehicle in Transport,0,No,1,Non-Junction,1,Not an Intersection,4,On Roadside,0,None,3,Dark - Lighted,1,Clear,0,No,0000000,Not Applicable,0,0:00am-0:59am,38,38,0,0:00am-0:59am,59,59,99,Unknown,99,Unknown EMS Hospital Arrival Time,1
13,Georgia,131180,0,0,1,1,0,2,2,139,HALL (139),2285,GAINESVILLE,9,September,18,18,1,Sunday,2022,99,Unknown Hours,99,Unknown Minutes,SR-365 CORNELIA HIGHWAY,NA,3,State Highway,2,Urban,3,Principal Arterial - Other,1,State Highway Agency,1,This section IS ON the NHS,0,No Special Jurisdiction,198,198,34.35152222,34.35152222,-83.75560278,-83.75560278,24,Guardrail Face,0,The First Harmful Event was Not a Collision with a Motor Vehicle in Transport,0,No,1,Non-Junction,1,Not an Intersection,4,On Roadside,0,None,2,Dark - Not Lighted,1,Clear,0,No,0000000,Not Applicable,14,2:00pm-2:59pm,42,42,14,2:00pm-2:59pm,50,50,17,5:00pm-5:59pm,20,20,2
13,Georgia,131181,0,0,1,1,0,1,1,63,CLAYTON (63),2970,JONESBORO,9,September,18,18,1,Sunday,2022,20,8:00pm-8:59pm,39,39,MT ZION RD,NA,6,Local Street - Municipality,2,Urban,4,Minor Arterial,4,City or Municipal Highway Agency,0,This section IS NOT on the NHS,0,No Special Jurisdiction,19,19,33.55554167,33.55554167,-84.29659722,-84.29659722,42,Tree (Standing Only),0,The First Harmful Event was Not a Collision with a Motor Vehicle in Transport,0,No,1,Non-Junction,1,Not an Intersection,4,On Roadside,0,None,2,Dark - Not Lighted,1,Clear,0,No,0000000,Not Applicable,99,Unknown,99,Unknown,99,Unknown EMS Scene Arrival Hour,99,Unknown EMS Scene Arrival Minutes,99,Unknown,99,Unknown EMS Hospital Arrival Time,1
13,Georgia,131182,0,0,2,2,0,3,3,163,JEFFERSON (163),3250,LOUISVILLE,9,September,19,19,2,Monday,2022,8,8:00am-8:59am,40,40,US-1,NA,2,US Highway,1,Rural,3,Principal Arterial - Other,1,State Highway Agency,1,This section IS ON the NHS,0,No Special Jurisdiction,110,110,32.970775,32.970775,-82.39054167,-82.39054167,54,"Motor Vehicle In-Transport Strikes or is Struck by Cargo, Persons or Objects Set-in-Motion from/by Another Motor Vehicle In Transport",11,Other,0,No,1,Non-Junction,1,Not an Intersection,1,On Roadway,1,Construction,1,Daylight,1,Clear,0,No,0000000,Not Applicable,8,8:00am-8:59am,47,47,8,8:00am-8:59am,55,55,88,Not Applicable (Not Transported),88,Not Applicable (Not Transported),1
13,Georgia,131183,0,0,2,2,0,7,7,175,LAURENS (175),1848,EAST DUBLIN,9,September,20,20,3,Tuesday,2022,17,5:00pm-5:59pm,40,40,SR-29,MINTER TWEED ROAD,3,State Highway,1,Rural,4,Minor Arterial,1,State Highway Agency,0,This section IS NOT on the NHS,0,No Special Jurisdiction,51,51,32.48594722,32.48594722,-82.760825,-82.760825,12,Motor Vehicle In-Transport,6,Angle,0,No,2,Intersection,2,Four-Way Intersection,1,On Roadway,0,None,1,Daylight,1,Clear,0,No,0000000,Not Applicable,17,5:00pm-5:59pm,41,41,17,5:00pm-5:59pm,50,50,99,Unknown,99,Unknown EMS Hospital Arrival Time,1
13,Georgia,131184,0,0,1,1,0,1,1,217,NEWTON (217),1380,COVINGTON,9,September,3,3,7,Saturday,2022,99,Unknown Hours,99,Unknown Minutes,I-20,NA,1,Interstate,2,Urban,1,Interstate,1,State Highway Agency,1,This section IS ON the NHS,0,No Special Jurisdiction,58,58,33.61488889,33.61488889,-83.85887778,-83.85887778,42,Tree (Standing Only),0,The First Harmful Event was Not a Collision with a Motor Vehicle in Transport,0,No,1,Non-Junction,1,Not an Intersection,4,On Roadside,0,None,2,Dark - Not Lighted,1,Clear,0,No,0000000,Not Applicable,15,3:00pm-3:59pm,37,37,15,3:00pm-3:59pm,37,37,88,Not Applicable (Not Transported),88,Not Applicable (Not Transported),1
13,Georgia,131185,1,1,1,1,0,1,1,121,FULTON (121),280,ATLANTA,9,September,16,16,6,Friday,2022,1,1:00am-1:59am,2,2,SR-139 MARTIN LUTHER KING DR,NA,3,State Highway,2,Urban,4,Minor Arterial,1,State Highway Agency,0,This section IS NOT on the NHS,0,No Special Jurisdiction,174,174,33.77898889,33.77898889,-84.53328056,-84.53328056,8,Pedestrian,0,The First Harmful Event was Not a Collision with a Motor Vehicle in Transport,0,No,1,Non-Junction,1,Not an Intersection,1,On Roadway,0,None,2,Dark - Not Lighted,1,Clear,0,No,0000000,Not Applicable,99,Unknown,98,Unknown if Notified,99,Unknown EMS Scene Arrival Hour,98,Unknown if Arrived,88,Not Applicable (Not Transported),88,Not Applicable (Not Transported),1
13,Georgia,131186,0,0,1,1,0,1,1,47,CATOOSA (47),9997,Other,9,September,16,16,6,Friday,2022,23,11:00pm-11:59pm,30,30,THREE NOTCH RD,NA,6,Local Street - Municipality,2,Urban,4,Minor Arterial,4,City or Municipal Highway Agency,0,This section IS NOT on the NHS,0,No Special Jurisdiction,68,68,34.94080278,34.94080278,-85.16737778,-85.16737778,21,Bridge Pier or Support,0,The First Harmful Event was Not a Collision with a Motor Vehicle in Transport,0,No,1,Non-Junction,1,Not an Intersection,4,On Roadside,0,None,2,Dark - Not Lighted,1,Clear,0,No,0000000,Not Applicable,23,11:00pm-11:59pm,33,33,23,11:00pm-11:59pm,35,35,88,Not Applicable (Not Transported),88,Not Applicable (Not Transported),1
13,Georgia,131187,0,0,2,2,0,2,2,121,FULTON (121),4882,SANDY SPRINGS,9,September,19,19,2,Monday,2022,17,5:00pm-5:59pm,23,23,I-285 W,NA,1,Interstate,2,Urban,1,Interstate,1,State Highway Agency,1,This section IS ON the NHS,0,No Special Jurisdiction,217,217,33.90874167,33.90874167,-84.42960833,-84.42960833,12,Motor Vehicle In-Transport,1,Front-to-Rear,0,No,1,Non-Junction,1,Not an Intersection,1,On Roadway,0,None,1,Daylight,1,Clear,0,No,0000000,Not Applicable,99,Unknown,99,Unknown,99,Unknown EMS Scene Arrival Hour,98,Unknown if Arrived,88,Not Applicable (Not Transported),88,Not Applicable (Not Transported),1
13,Georgia,131188,0,0,1,1,0,1,1,247,ROCKDALE (247),0,NOT APPLICABLE,9,September,23,23,6,Friday,2022,10,10:00am-10:59am,20,20,E FAIRVIEW RD,NA,8,Other,2,Urban,5,Major Collector,2,County Highway Agency,0,This section IS NOT on the NHS,0,No Special Jurisdiction,3,3,33.61266944,33.61266944,-84.15941944,-84.15941944,42,Tree (Standing Only),0,The First Harmful Event was Not a Collision with a Motor Vehicle in Transport,0,No,1,Non-Junction,1,Not an Intersection,4,On Roadside,0,None,1,Daylight,1,Clear,0,No,0000000,Not Applicable,99,Unknown,99,Unknown,99,Unknown EMS Scene Arrival Hour,98,Unknown if Arrived,88,Not Applicable (Not Transported),88,Not Applicable (Not Transported),1
13,Georgia,131189,0,0,1,1,0,1,1,285,TROUP (285),3050,LA GRANGE,9,September,23,23,6,Friday,2022,12,12:00pm-12:59pm,24,24,SR-0014CO,NA,3,State Highway,2,Urban,4,Minor Arterial,1,State Highway Agency,0,This section IS NOT on the NHS,0,No Special Jurisdiction,3,3,33.04021667,33.04021667,-85.04274444,-85.04274444,1,Rollover/Overturn,0,The First Harmful Event was Not a Collision with a Motor Vehicle in Transport,0,No,1,Non-Junction,1,Not an Intersection,1,On Roadway,0,None,1,Daylight,1,Clear,0,No,0000000,Not Applicable,12,12:00pm-12:59pm,24,24,12,12:00pm-12:59pm,37,37,12,12:00pm-12:59pm,51,51,1
13,Georgia,131190,0,0,2,2,0,4,4,45,CARROLL (45),5730,VILLA RICA,9,September,12,12,2,Monday,2022,1,1:00am-1:59am,56,56,I-20 WB,NA,1,Interstate,2,Urban,1,Interstate,1,State Highway Agency,1,This section IS ON the NHS,0,No Special Jurisdiction,3,3,33.72244444,33.72244444,-84.94501944,-84.94501944,12,Motor Vehicle In-Transport,7,Sideswipe - Same Direction,1,Yes,18,Through Roadway,1,Not an Intersection,1,On Roadway,0,None,2,Dark - Not Lighted,2,Rain,0,No,0000000,Not Applicable,2,2:00am-2:59am,0,0,2,2:00am-2:59am,9,9,88,Not Applicable (Not Transported),88,Not Applicable (Not Transported),2
13,Georgia,131191,0,0,6,6,0,9,9,117,FORSYTH (117),9997,Other,9,September,16,16,6,Friday,2022,20,8:00pm-8:59pm,34,34,SR-400,NA,3,State Highway,2,Urban,3,Principal Arterial - Other,1,State Highway Agency,1,This section IS ON the NHS,0,No Special Jurisdiction,147,147,34.26268056,34.26268056,-84.08746667,-84.08746667,12,Motor Vehicle In-Transport,1,Front-to-Rear,0,No,1,Non-Junction,1,Not an Intersection,1,On Roadway,1,Construction,2,Dark - Not Lighted,1,Clear,0,No,0000000,Not Applicable,20,8:00pm-8:59pm,36,36,20,8:00pm-8:59pm,40,40,21,9:00pm-9:59pm,33,33,1
13,Georgia,131192,2,2,4,1,3,1,1,63,CLAYTON (63),0,NOT APPLICABLE,9,September,18,18,1,Sunday,2022,5,5:00am-5:59am,10,10,I-75,NA,1,Interstate,2,Urban,1,Interstate,1,State Highway Agency,1,This section IS ON the NHS,0,No Special Jurisdiction,67,67,33.592075,33.592075,-84.385575,-84.385575,25,Concrete Traffic Barrier,0,The First Harmful Event was Not a Collision with a Motor Vehicle in Transport,0,No,1,Non-Junction,1,Not an Intersection,3,On Median,0,None,2,Dark - Not Lighted,1,Clear,0,No,0000000,Not Applicable,5,5:00am-5:59am,20,20,5,5:00am-5:59am,25,25,6,6:00am-6:59am,0,0,1
13,Georgia,131194,1,1,1,1,0,1,1,279,TOOMBS (279),5700,VIDALIA,9,September,19,19,2,Monday,2022,7,7:00am-7:59am,47,47,SR-292,NA,3,State Highway,2,Urban,4,Minor Arterial,1,State Highway Agency,0,This section IS NOT on the NHS,0,No Special Jurisdiction,35,35,32.21244167,32.21244167,-82.38639167,-82.38639167,8,Pedestrian,0,The First Harmful Event was Not a Collision with a Motor Vehicle in Transport,0,No,1,Non-Junction,1,Not an Intersection,2,On Shoulder,0,None,1,Daylight,1,Clear,0,No,0000000,Not Applicable,7,7:00am-7:59am,39,39,7,7:00am-7:59am,41,41,88,Not Applicable (Not Transported),88,Not Applicable (Not Transported),1
13,Georgia,131195,0,0,3,3,0,4,4,225,PEACH (225),2220,FORT VALLEY,9,September,19,19,2,Monday,2022,10,10:00am-10:59am,57,57,SR-96 MIAMI VALLEY ROAD,ALLENDALE ROAD,3,State Highway,1,Rural,4,Minor Arterial,1,State Highway Agency,1,This section IS ON the NHS,0,No Special Jurisdiction,123,123,32.54906944,32.54906944,-83.76708889,-83.76708889,12,Motor Vehicle In-Transport,7,Sideswipe - Same Direction,0,No,2,Intersection,3,T-Intersection,1,On Roadway,0,None,1,Daylight,1,Clear,0,No,0000000,Not Applicable,11,11:00am-11:59am,6,6,11,11:00am-11:59am,18,18,11,11:00am-11:59am,37,37,1
13,Georgia,131196,0,0,2,2,0,2,2,255,SPALDING (255),2510,GRIFFIN,9,September,19,19,2,Monday,2022,15,3:00pm-3:59pm,49,49,SR-362,NA,3,State Highway,2,Urban,4,Minor Arterial,1,State Highway Agency,0,This section IS NOT on the NHS,0,No Special Jurisdiction,19,19,33.20990833,33.20990833,-84.329255559999993,-84.329255559999993,12,Motor Vehicle In-Transport,2,Front-to-Front,0,No,1,Non-Junction,1,Not an Intersection,1,On Roadway,0,None,1,Daylight,1,Clear,0,No,0000000,Not Applicable,15,3:00pm-3:59pm,47,47,15,3:00pm-3:59pm,50,50,99,Unknown,99,Unknown EMS Hospital Arrival Time,1
13,Georgia,131198,0,0,2,2,0,2,2,123,GILMER (123),2000,ELLIJAY,9,September,22,22,5,Thursday,2022,16,4:00pm-4:59pm,40,40,SR-2,ROBERTS RIDGE ROAD,3,State Highway,1,Rural,4,Minor Arterial,1,State Highway Agency,0,This section IS NOT on the NHS,0,No Special Jurisdiction,20,20,34.72770278,34.72770278,-84.50916389,-84.50916389,12,Motor Vehicle In-Transport,6,Angle,0,No,2,Intersection,2,Four-Way Intersection,1,On Roadway,0,None,1,Daylight,1,Clear,0,No,0000000,Not Applicable,16,4:00pm-4:59pm,40,40,16,4:00pm-4:59pm,48,48,88,Not Applicable (Not Transported),88,Not Applicable (Not Transported),1
13,Georgia,131199,1,1,1,1,0,2,2,55,CHATTOOGA (55),0,NOT APPLICABLE,9,September,23,23,6,Friday,2022,7,7:00am-7:59am,5,5,SR-000100,NA,3,State Highway,2,Urban,3,Principal Arterial - Other,1,State Highway Agency,1,This section IS ON the NHS,0,No Special Jurisdiction,124,124,34.50831667,34.50831667,-85.32470278,-85.32470278,8,Pedestrian,0,The First Harmful Event was Not a Collision with a Motor Vehicle in Transport,0,No,1,Non-Junction,1,Not an Intersection,1,On Roadway,0,None,2,Dark - Not Lighted,1,Clear,0,No,0000000,Not Applicable,7,7:00am-7:59am,5,5,7,7:00am-7:59am,11,11,88,Not Applicable (Not Transported),88,Not Applicable (Not Transported),1
13,Georgia,131200,1,1,1,1,0,1,1,121,FULTON (121),1900,EAST POINT,9,September,18,18,1,Sunday,2022,20,8:00pm-8:59pm,15,15,CLEVELAND AVE,HARLAN ROAD,6,Local Street - Municipality,2,Urban,4,Minor Arterial,4,City or Municipal Highway Agency,0,This section IS NOT on the NHS,0,No Special Jurisdiction,0,None,33.68141111,33.68141111,-84.42069167,-84.42069167,8,Pedestrian,0,The First Harmful Event was Not a Collision with a Motor Vehicle in Transport,0,No,3,Intersection-Related,3,T-Intersection,1,On Roadway,0,None,2,Dark - Not Lighted,1,Clear,0,No,0000000,Not Applicable,20,8:00pm-8:59pm,18,18,20,8:00pm-8:59pm,39,39,21,9:00pm-9:59pm,0,0,1
13,Georgia,131201,0,0,1,1,0,6,6,89,DEKALB (89),0,NOT APPLICABLE,9,September,23,23,6,Friday,2022,23,11:00pm-11:59pm,30,30,FIELDGREEN DR,NA,8,Other,2,Urban,7,Local,2,County Highway Agency,0,This section IS NOT on the NHS,0,No Special Jurisdiction,8,8,33.75071111,33.75071111,-84.18271944,-84.18271944,42,Tree (Standing Only),0,The First Harmful Event was Not a Collision with a Motor Vehicle in Transport,0,No,1,Non-Junction,1,Not an Intersection,4,On Roadside,0,None,2,Dark - Not Lighted,1,Clear,0,No,0000000,Not Applicable,23,11:00pm-11:59pm,35,35,23,11:00pm-11:59pm,40,40,0,0:00am-0:59am,0,0,1
13,Georgia,131202,0,0,3,3,0,3,3,121,FULTON (121),4882,SANDY SPRINGS,9,September,24,24,7,Saturday,2022,12,12:00pm-12:59pm,58,58,I-285,NA,1,Interstate,2,Urban,1,Interstate,1,State Highway Agency,1,This section IS ON the NHS,0,No Special Jurisdiction,0,None,33.90987778,33.90987778,-84.36461944,-84.36461944,12,Motor Vehicle In-Transport,7,Sideswipe - Same Direction,1,Yes,5,Entrance/Exit Ramp Related,1,Not an Intersection,1,On Roadway,1,Construction,1,Daylight,1,Clear,0,No,0000000,Not Applicable,12,12:00pm-12:59pm,59,59,13,1:00pm-1:59pm,5,5,88,Not Applicable (Not Transported),88,Not Applicable (Not Transported),1
13,Georgia,131203,0,0,2,2,0,2,2,303,WASHINGTON (303),1570,DAVISBORO,9,September,24,24,7,Saturday,2022,20,8:00pm-8:59pm,50,50,SR-88 FALL LINE FREEWAY,NA,3,State Highway,1,Rural,2,Principal Arterial - Other Freeways and Expressways,1,State Highway Agency,1,This section IS ON the NHS,0,No Special Jurisdiction,100,100,33.04118333,33.04118333,-82.60948889,-82.60948889,12,Motor Vehicle In-Transport,2,Front-to-Front,0,No,1,Non-Junction,1,Not an Intersection,1,On Roadway,0,None,2,Dark - Not Lighted,1,Clear,0,No,0000000,Not Applicable,20,8:00pm-8:59pm,55,55,21,9:00pm-9:59pm,0,0,22,10:00pm-10:59pm,36,36,2
13,Georgia,131205,0,0,1,1,0,1,1,253,SEMINOLE (253),0,NOT APPLICABLE,9,September,26,26,2,Monday,2022,15,3:00pm-3:59pm,7,7,CR-022400,NA,4,County Road,1,Rural,6,Minor Collector,2,County Highway Agency,0,This section IS NOT on the NHS,0,No Special Jurisdiction,12,12,30.94607222,30.94607222,-84.94666667,-84.94666667,34,Ditch,0,The First Harmful Event was Not a Collision with a Motor Vehicle in Transport,0,No,1,Non-Junction,1,Not an Intersection,4,On Roadside,0,None,1,Daylight,1,Clear,0,No,0000000,Not Applicable,15,3:00pm-3:59pm,12,12,15,3:00pm-3:59pm,22,22,88,Not Applicable (Not Transported),88,Not Applicable (Not Transported),1
13,Georgia,131206,0,0,1,1,0,1,1,217,NEWTON (217),9997,Other,9,September,16,16,6,Friday,2022,19,7:00pm-7:59pm,37,37,COOK RD,NA,6,Local Street - Municipality,2,Urban,5,Major Collector,4,City or Municipal Highway Agency,0,This section IS NOT on the NHS,0,No Special Jurisdiction,8,8,33.64888611,33.64888611,-83.92561111,-83.92561111,1,Rollover/Overturn,0,The First Harmful Event was Not a Collision with a Motor Vehicle in Transport,0,No,1,Non-Junction,1,Not an Intersection,4,On Roadside,0,None,2,Dark - Not Lighted,1,Clear,0,No,0000000,Not Applicable,99,Unknown,99,Unknown,99,Unknown EMS Scene Arrival Hour,99,Unknown EMS Scene Arrival Minutes,99,Unknown,99,Unknown EMS Hospital Arrival Time,1
13,Georgia,131208,0,0,2,2,0,3,3,205,MITCHELL (205),4290,PELHAM,9,September,11,11,1,Sunday,2022,17,5:00pm-5:59pm,31,31,CR-030600,NA,4,County Road,2,Urban,4,Minor Arterial,2,County Highway Agency,0,This section IS NOT on the NHS,0,No Special Jurisdiction,48,48,31.20452778,31.20452778,-84.17535833,-84.17535833,12,Motor Vehicle In-Transport,2,Front-to-Front,0,No,1,Non-Junction,1,Not an Intersection,1,On Roadway,0,None,1,Daylight,1,Clear,0,No,0000000,Not Applicable,17,5:00pm-5:59pm,43,43,17,5:00pm-5:59pm,50,50,18,6:00pm-6:59pm,9,9,2
13,Georgia,131209,0,0,1,1,0,3,3,151,HENRY (151),0,NOT APPLICABLE,9,September,24,24,7,Saturday,2022,0,0:00am-0:59am,4,4,CR-013200,NA,4,County Road,2,Urban,6,Minor Collector,2,County Highway Agency,0,This section IS NOT on the NHS,0,No Special Jurisdiction,4,4,33.47578333,33.47578333,-84.04369722,-84.04369722,32,Culvert,0,The First Harmful Event was Not a Collision with a Motor Vehicle in Transport,0,No,1,Non-Junction,1,Not an Intersection,4,On Roadside,0,None,2,Dark - Not Lighted,1,Clear,0,No,0000000,Not Applicable,0,0:00am-0:59am,12,12,0,0:00am-0:59am,17,17,1,1:00am-1:59am,9,9,1
13,Georgia,131210,0,0,1,1,0,1,1,187,LUMPKIN (187),0,NOT APPLICABLE,9,September,24,24,7,Saturday,2022,12,12:00pm-12:59pm,35,35,SR-006000,NA,3,State Highway,1,Rural,3,Principal Arterial - Other,1,State Highway Agency,1,This section IS ON the NHS,0,No Special Jurisdiction,135,135,34.60485556,34.60485556,-83.96888333,-83.96888333,42,Tree (Standing Only),0,The First Harmful Event was Not a Collision with a Motor Vehicle in Transport,0,No,1,Non-Junction,1,Not an Intersection,4,On Roadside,0,None,1,Daylight,1,Clear,0,No,0000000,Not Applicable,12,12:00pm-12:59pm,41,41,12,12:00pm-12:59pm,50,50,88,Not Applicable (Not Transported),88,Not Applicable (Not Transported),1