STATE,STATENAME,ST_CASE,PEDS,PERNOTMVIT,VE_TOTAL,VE_FORMS,PVH_INVL,PERSONS,PERMVIT,COUNTY,COUNTYNAME,CITY,CITYNAME,MONTH,MONTHNAME,DAY,DAYNAME,DAY_WEEK,DAY_WEEKNAME,YEAR,HOUR,HOURNAME,MINUTE,MINUTENAME,TWAY_ID,TWAY_ID2,ROUTE,ROUTENAME,RUR_URB,RUR_URBNAME,FUNC_SYS,FUNC_SYSNAME,RD_OWNER,RD_OWNERNAME,NHS,NHSNAME,SP_JUR,SP_JURNAME,MILEPT,MILEPTNAME,LATITUDE,LATITUDENAME,LONGITUD,LONGITUDNAME,HARM_EV,HARM_EVNAME,MAN_COLL,MAN_COLLNAME,RELJCT1,RELJCT1NAME,RELJCT2,RELJCT2NAME,TYP_INT,TYP_INTNAME,REL_ROAD,REL_ROADNAME,WRK_ZONE,WRK_ZONENAME,LGT_COND,LGT_CONDNAME,WEATHER,WEATHERNAME,SCH_BUS,SCH_BUSNAME,RAIL,RAILNAME,NOT_HOUR,NOT_HOURNAME,NOT_MIN,NOT_MINNAME,ARR_HOUR,ARR_HOURNAME,ARR_MIN,ARR_MINNAME,HOSP_HR,HOSP_HRNAME,HOSP_MN,HOSP_MNNAME,FATALS
13,Georgia,131252,0,0,1,1,0,1,1,127,GLYNN (127),760,BRUNSWICK,10,October,3,3,2,Monday,2022,0,0:00am-0:59am,16,16,CS-JOHNSTON ST,SECOND ST,5,Local Street - Township,2,Urban,7,Local,4,City or Municipal Highway Agency,0,This section IS NOT on the NHS,0,No Special Jurisdiction,6,6,31.17448889,31.17448889,-81.492775,-81.492775,30,Utility Pole/Light Support,0,The First Harmful Event was Not a Collision with a Motor Vehicle in Transport,0,No,3,Intersection-Related,3,T-Intersection,4,On Roadside,0,None,2,Dark - Not Lighted,1,Clear,0,No,0000000,Not Applicable,0,0:00am-0:59am,18,18,0,0:00am-0:59am,25,25,88,Not Applicable (Not Transported),88,Not Applicable (Not Transported),1
13,Georgia,131253,0,0,1,1,0,2,2,97,DOUGLAS (97),5990,WINSTON,9,September,20,20,3,Tuesday,2022,17,5:00pm-5:59pm,51,51,CEDAR MOUNTAIN RD,NA,5,Local Street - Township,2,Urban,7,Local,3,Town or Township Highway Agency,0,This section IS NOT on the NHS,0,No Special Jurisdiction,14,14,33.75760833,33.75760833,-84.81135,-84.81135,1,Rollover/Overturn,0,The First Harmful Event was Not a Collision with a Motor Vehicle in Transport,0,No,1,Non-Junction,1,Not an Intersection,1,On Roadway,0,None,1,Daylight,1,Clear,0,No,0000000,Not Applicable,17,5:00pm-5:59pm,51,51,17,5:00pm-5:59pm,59,59,88,Not Applicable (Not Transported),88,Not Applicable (Not Transported),2
13,Georgia,131254,0,0,1,1,0,1,1,281,TOWNS (281),2690,HIAWASSEE,10,October,4,4,3,Tuesday,2022,7,7:00am-7:59am,50,50,SR-288,NA,3,State Highway,1,Rural,5,Major Collector,1,State Highway Agency,0,This section IS NOT on the NHS,0,No Special Jurisdiction,25,25,34.93332778,34.93332778,-83.77308611,-83.77308611,42,Tree (Standing Only),0,The First Harmful Event was Not a Collision with a Motor Vehicle in Transport,0,No,1,Non-Junction,1,Not an Intersection,4,On Roadside,0,None,1,Daylight,1,Clear,0,No,0000000,Not Applicable,7,7:00am-7:59am,44,44,7,7:00am-7:59am,49,49,88,Not Applicable (Not Transported),88,Not Applicable (Not Transported),1
13,Georgia,131255,0,0,1,1,0,1,1,21,BIBB (21),3390,MACON,10,October,5,5,4,Wednesday,2022,0,0:00am-0:59am,13,13,CS-HARTLEY BRIDGE RD,NA,5,Local Street - Township,1,Rural,5,Major Collector,4,City or Municipal Highway Agency,0,This section IS NOT on the NHS,0,No Special Jurisdiction,31,31,32.74007222,32.74007222,-83.73159444,-83.73159444,42,Tree (Standing Only),0,The First Harmful Event was Not a Collision with a Motor Vehicle in Transport,0,No,1,Non-Junction,1,Not an Intersection,4,On Roadside,0,None,2,Dark - Not Lighted,1,Clear,0,No,0000000,Not Applicable,99,Unknown,99,Unknown,99,Unknown EMS Scene Arrival Hour,99,Unknown EMS Scene Arrival Minutes,88,Not Applicable (Not Transported),88,Not Applicable (Not Transported),1
13,Georgia,131256,1,1,1,1,0,1,1,151,HENRY (151),3360,MCDONOUGH,10,October,5,5,4,Wednesday,2022,0,0:00am-0:59am,40,40,CS-MACON ST,NA,5,Local Street - Township,2,Urban,4,Minor Arterial,4,City or Municipal Highway Agency,0,This section IS NOT on the NHS,0,No Special Jurisdiction,101,101,33.43029167,33.43029167,-84.14515,-84.14515,8,Pedestrian,0,The First Harmful Event was Not a Collision with a Motor Vehicle in Transport,0,No,1,Non-Junction,1,Not an Intersection,1,On Roadway,0,None,2,Dark - Not Lighted,10,Cloudy,0,No,0000000,Not Applicable,99,Unknown,99,Unknown,99,Unknown EMS Scene Arrival Hour,99,Unknown EMS Scene Arrival Minutes,88,Not Applicable (Not Transported),88,Not Applicable (Not Transported),1
13,Georgia,131257,0,0,2,2,0,2,2,135,GWINNETT (135),3158,LILBURN,9,September,30,30,6,Friday,2022,12,12:00pm-12:59pm,56,56,INDIAN TRAIL LILBURN ROAD,NA,6,Local Street - Municipality,2,Urban,7,Local,4,City or Municipal Highway Agency,0,This section IS NOT on the NHS,0,No Special Jurisdiction,2,2,33.90698056,33.90698056,-84.15636111,-84.15636111,12,Motor Vehicle In-Transport,6,Angle,0,No,8,Driveway Access Related,1,Not an Intersection,1,On Roadway,0,None,1,Daylight,10,Cloudy,0,No,0000000,Not Applicable,99,Unknown,99,Unknown,99,Unknown EMS Scene Arrival Hour,99,Unknown EMS Scene Arrival Minutes,88,Not Applicable (Not Transported),88,Not Applicable (Not Transported),1
13,Georgia,131258,0,0,2,2,0,4,4,217,NEWTON (217),1380,COVINGTON,10,October,5,5,4,Wednesday,2022,8,8:00am-8:59am,14,14,CS-ACCESS RD,NA,5,Local Street - Township,2,Urban,5,Major Collector,4,City or Municipal Highway Agency,0,This section IS NOT on the NHS,0,No Special Jurisdiction,37,37,33.61189167,33.61189167,-83.89213056,-83.89213056,12,Motor Vehicle In-Transport,2,Front-to-Front,0,No,1,Non-Junction,1,Not an Intersection,1,On Roadway,0,None,1,Daylight,10,Cloudy,0,No,0000000,Not Applicable,8,8:00am-8:59am,16,16,8,8:00am-8:59am,22,22,88,Not Applicable (Not Transported),88,Not Applicable (Not Transported),3
13,Georgia,131259,0,0,1,1,0,2,2,83,DADE (83),4685,RISING FAWN,10,October,6,6,5,Thursday,2022,16,4:00pm-4:59pm,30,30,SR-136,NA,3,State Highway,1,Rural,5,Major Collector,1,State Highway Agency,0,This section IS NOT on the NHS,0,No Special Jurisdiction,110,110,34.81908889,34.81908889,-85.49681389,-85.49681389,53,Mail Box,0,The First Harmful Event was Not a Collision with a Motor Vehicle in Transport,0,No,1,Non-Junction,1,Not an Intersection,4,On Roadside,0,None,1,Daylight,1,Clear,0,No,0000000,Not Applicable,16,4:00pm-4:59pm,31,31,16,4:00pm-4:59pm,42,42,17,5:00pm-5:59pm,42,42,1
13,Georgia,131260,0,0,1,1,0,1,1,149,HEARD (149),2230,FRANKLIN,10,October,7,7,6,Friday,2022,10,10:00am-10:59am,30,30,SR-219,NA,3,State Highway,1,Rural,5,Major Collector,1,State Highway Agency,0,This section IS NOT on the NHS,0,No Special Jurisdiction,31,31,33.19748333,33.19748333,-85.15840556,-85.15840556,59,Traffic Sign Support,0,The First Harmful Event was Not a Collision with a Motor Vehicle in Transport,0,No,1,Non-Junction,1,Not an Intersection,4,On Roadside,0,None,1,Daylight,1,Clear,0,No,0000000,Not Applicable,10,10:00am-10:59am,31,31,10,10:00am-10:59am,36,36,11,11:00am-11:59am,26,26,1
13,Georgia,131261,0,0,1,1,0,1,1,313,WHITFIELD (313),0,NOT APPLICABLE,10,October,8,8,7,Saturday,2022,3,3:00am-3:59am,43,43,SR-020100,NA,3,State Highway,2,Urban,5,Major Collector,1,State Highway Agency,0,This section IS NOT on the NHS,0,No Special Jurisdiction,143,143,34.86991111,34.86991111,-85.01664444,-85.01664444,38,Fence,0,The First Harmful Event was Not a Collision with a Motor Vehicle in Transport,0,No,1,Non-Junction,1,Not an Intersection,4,On Roadside,0,None,2,Dark - Not Lighted,1,Clear,0,No,0000000,Not Applicable,5,5:00am-5:59am,20,20,5,5:00am-5:59am,33,33,88,Not Applicable (Not Transported),88,Not Applicable (Not Transported),1
13,Georgia,131262,1,1,1,1,0,1,1,89,DEKALB (89),1610,DECATUR,10,October,8,8,7,Saturday,2022,19,7:00pm-7:59pm,31,31,CS-GRESHAM RD,NA,5,Local Street - Township,2,Urban,4,Minor Arterial,4,City or Municipal Highway Agency,0,This section IS NOT on the NHS,0,No Special Jurisdiction,35,35,33.71643889,33.71643889,-84.31043611,-84.31043611,8,Pedestrian,0,The First Harmful Event was Not a Collision with a Motor Vehicle in Transport,0,No,1,Non-Junction,1,Not an Intersection,1,On Roadway,0,None,5,Dusk,1,Clear,0,No,0000000,Not Applicable,99,Unknown,99,Unknown,99,Unknown EMS Scene Arrival Hour,99,Unknown EMS Scene Arrival Minutes,88,Not Applicable (Not Transported),88,Not Applicable (Not Transported),1
13,Georgia,131264,0,0,1,1,0,1,1,67,COBB (67),4490,POWDER SPRINGS,9,September,11,11,1,Sunday,2022,21,9:00pm-9:59pm,58,58,BANKSTONE DR,NA,6,Local Street - Municipality,2,Urban,7,Local,4,City or Municipal Highway Agency,0,This section IS NOT on the NHS,0,No Special Jurisdiction,5,5,33.89235833,33.89235833,-84.62281667,-84.62281667,19,Building,0,The First Harmful Event was Not a Collision with a Motor Vehicle in Transport,0,No,1,Non-Junction,1,Not an Intersection,4,On Roadside,0,None,5,Dusk,1,Clear,0,No,0000000,Not Applicable,99,Unknown,99,Unknown,99,Unknown EMS Scene Arrival Hour,99,Unknown EMS Scene Arrival Minutes,88,Not Applicable (Not Transported),88,Not Applicable (Not Transported),1
13,Georgia,131265,0,0,2,2,0,2,2,45,CARROLL (45),9997,Other,9,September,18,18,1,Sunday,2022,16,4:00pm-4:59pm,6,6,LEVANS RD,NA,5,Local Street - Township,1,Rural,7,Local,3,Town or Township Highway Agency,0,This section IS NOT on the NHS,0,No Special Jurisdiction,53,53,33.69083889,33.69083889,-85.06615278,-85.06615278,12,Motor Vehicle In-Transport,6,Angle,0,No,1,Non-Junction,1,Not an Intersection,1,On Roadway,0,None,1,Daylight,10,Cloudy,0,No,0000000,Not Applicable,16,4:00pm-4:59pm,8,8,16,4:00pm-4:59pm,15,15,17,5:00pm-5:59pm,11,11,1
13,Georgia,131266,0,0,2,2,0,3,3,45,CARROLL (45),970,CARROLLTON,9,September,25,25,1,Sunday,2022,2,2:00am-2:59am,6,6,SR-113,NA,3,State Highway,1,Rural,5,Major Collector,1,State Highway Agency,0,This section IS NOT on the NHS,0,No Special Jurisdiction,29,29,33.63669167,33.63669167,-85.05650833,-85.05650833,12,Motor Vehicle In-Transport,11,Other,0,No,1,Non-Junction,1,Not an Intersection,1,On Roadway,0,None,2,Dark - Not Lighted,1,Clear,0,No,0000000,Not Applicable,2,2:00am-2:59am,9,9,2,2:00am-2:59am,10,10,3,3:00am-3:59am,30,30,1
13,Georgia,131267,1,1,1,1,0,1,1,121,FULTON (121),4882,SANDY SPRINGS,10,October,2,2,1,Sunday,2022,22,10:00pm-10:59pm,2,2,I-285,NA,1,Interstate,2,Urban,1,Interstate,1,State Highway Agency,1,This section IS ON the NHS,0,No Special Jurisdiction,54,54,33.91420556,33.91420556,-84.42268333,-84.42268333,8,Pedestrian,0,The First Harmful Event was Not a Collision with a Motor Vehicle in Transport,0,No,1,Non-Junction,1,Not an Intersection,1,On Roadway,0,None,2,Dark - Not Lighted,10,Cloudy,0,No,0000000,Not Applicable,22,10:00pm-10:59pm,2,2,22,10:00pm-10:59pm,19,19,88,Not Applicable (Not Transported),88,Not Applicable (Not Transported),1
13,Georgia,131268,0,0,2,2,0,2,2,289,TWIGGS (289),2930,JEFFERSONVILLE,10,October,4,4,3,Tuesday,2022,0,0:00am-0:59am,46,46,SR-96,NA,3,State Highway,1,Rural,4,Minor Arterial,1,State Highway Agency,0,This section IS NOT on the NHS,0,No Special Jurisdiction,176,176,32.68219722,32.68219722,-83.35320833,-83.35320833,12,Motor Vehicle In-Transport,2,Front-to-Front,0,No,1,Non-Junction,1,Not an Intersection,1,On Roadway,0,None,2,Dark - Not Lighted,1,Clear,0,No,0000000,Not Applicable,0,0:00am-0:59am,48,48,0,0:00am-0:59am,54,54,1,1:00am-1:59am,11,11,1
13,Georgia,131269,0,0,2,2,0,3,3,121,FULTON (121),280,ATLANTA,10,October,2,2,1,Sunday,2022,23,11:00pm-11:59pm,56,56,I-75,NA,1,Interstate,2,Urban,2,Principal Arterial - Other Freeways and Expressways,1,State Highway Agency,1,This section IS ON the NHS,0,No Special Jurisdiction,95,95,33.77425278,33.77425278,-84.39029167,-84.39029167,12,Motor Vehicle In-Transport,2,Front-to-Front,0,No,1,Non-Junction,1,Not an Intersection,1,On Roadway,0,None,3,Dark - Lighted,1,Clear,0,No,0000000,Not Applicable,23,11:00pm-11:59pm,59,59,0,0:00am-0:59am,10,10,0,0:00am-0:59am,30,30,1
13,Georgia,131270,1,1,1,1,0,1,1,215,MUSCOGEE (215),1280,COLUMBUS,9,September,28,28,4,Wednesday,2022,6,6:00am-6:59am,58,58,SR-000100 VICTORY DR,MORGAN DR,3,State Highway,1,Rural,5,Major Collector,1,State Highway Agency,0,This section IS NOT on the NHS,0,No Special Jurisdiction,29,29,32.40868611,32.40868611,-84.94004167,-84.94004167,8,Pedestrian,0,The First Harmful Event was Not a Collision with a Motor Vehicle in Transport,0,No,2,Intersection,3,T-Intersection,1,On Roadway,0,None,3,Dark - Lighted,1,Clear,0,No,0000000,Not Applicable,7,7:00am-7:59am,1,1,7,7:00am-7:59am,4,4,88,Not Applicable (Not Transported),88,Not Applicable (Not Transported),1
13,Georgia,131272,0,0,2,2,0,2,2,57,CHEROKEE (57),920,CANTON,10,October,6,6,5,Thursday,2022,17,5:00pm-5:59pm,38,38,SR-20,ARBOR HILL,3,State Highway,1,Rural,3,Principal Arterial - Other,1,State Highway Agency,1,This section IS ON the NHS,0,No Special Jurisdiction,228,228,34.24741111,34.24741111,-84.30486111,-84.30486111,12,Motor Vehicle In-Transport,6,Angle,0,No,2,Intersection,3,T-Intersection,1,On Roadway,0,None,1,Daylight,1,Clear,0,No,0000000,Not Applicable,17,5:00pm-5:59pm,38,38,17,5:00pm-5:59pm,40,40,18,6:00pm-6:59pm,22,22,1
13,Georgia,131273,0,0,3,3,0,4,4,89,DEKALB (89),9997,Other,10,October,6,6,5,Thursday,2022,22,10:00pm-10:59pm,40,40,SR-54,NA,3,State Highway,2,Urban,4,Minor Arterial,1,State Highway Agency,0,This section IS NOT on the NHS,0,No Special Jurisdiction,3,3,33.65164722,33.65164722,-84.34288333,-84.34288333,12,Motor Vehicle In-Transport,6,Angle,0,No,8,Driveway Access Related,1,Not an Intersection,1,On Roadway,0,None,2,Dark - Not Lighted,1,Clear,0,No,0000000,Not Applicable,22,10:00pm-10:59pm,45,45,22,10:00pm-10:59pm,55,55,88,Not Applicable (Not Transported),88,Not Applicable (Not Transported),2
13,Georgia,131274,0,0,1,1,0,1,1,219,OCONEE (219),5830,WATKINSVILLE,10,October,6,6,5,Thursday,2022,23,11:00pm-11:59pm,10,10,CR-526,NA,4,County Road,1,Rural,7,Local,2,County Highway Agency,0,This section IS NOT on the NHS,0,No Special Jurisdiction,6,6,33.79570556,33.79570556,-83.37788889,-83.37788889,53,Mail Box,0,The First Harmful Event was Not a Collision with a Motor Vehicle in Transport,0,No,1,Non-Junction,1,Not an Intersection,4,On Roadside,0,None,2,Dark - Not Lighted,1,Clear,0,No,0000000,Not Applicable,23,11:00pm-11:59pm,8,8,23,11:00pm-11:59pm,18,18,88,Not Applicable (Not Transported),88,Not Applicable (Not Transported),1
13,Georgia,131275,0,0,1,1,0,1,1,51,CHATHAM (51),9997,Other,10,October,7,7,6,Friday,2022,0,0:00am-0:59am,0,0,CS-JOHNNY MERCER BLVD,NA,5,Local Street - Township,2,Urban,4,Minor Arterial,4,City or Municipal Highway Agency,0,This section IS NOT on the NHS,0,No Special Jurisdiction,0,None,32.0407,32.0407,-81.02219722,-81.02219722,42,Tree (Standing Only),0,The First Harmful Event was Not a Collision with a Motor Vehicle in Transport,0,No,1,Non-Junction,1,Not an Intersection,4,On Roadside,0,None,2,Dark - Not Lighted,1,Clear,0,No,0000000,Not Applicable,4,4:00am-4:59am,30,30,4,4:00am-4:59am,58,58,88,Not Applicable (Not Transported),88,Not Applicable (Not Transported),1
13,Georgia,131276,0,0,1,1,0,1,1,263,TALBOT (263),6030,WOODLAND,10,October,7,7,6,Friday,2022,8,8:00am-8:59am,38,38,SR-36,NA,3,State Highway,1,Rural,5,Major Collector,1,State Highway Agency,0,This section IS NOT on the NHS,0,No Special Jurisdiction,100,100,32.75981944,32.75981944,-84.56491667,-84.56491667,24,Guardrail Face,0,The First Harmful Event was Not a Collision with a Motor Vehicle in Transport,0,No,1,Non-Junction,1,Not an Intersection,4,On Roadside,0,None,1,Daylight,1,Clear,0,No,0000000,Not Applicable,8,8:00am-8:59am,38,38,8,8:00am-8:59am,41,41,88,Not Applicable (Not Transported),88,Not Applicable (Not Transported),1
13,Georgia,131277,0,0,3,3,0,3,3,295,WALKER (295),3040,LAFAYETTE,10,October,7,7,6,Friday,2022,14,2:00pm-2:59pm,20,20,SR-1,NA,3,State Highway,1,Rural,3,Principal Arterial - Other,1,State Highway Agency,1,This section IS ON the NHS,0,No Special Jurisdiction,66,66,34.68161944,34.68161944,-85.27087222,-85.27087222,12,Motor Vehicle In-Transport,6,Angle,0,No,1,Non-Junction,1,Not an Intersection,1,On Roadway,0,None,1,Daylight,1,Clear,0,No,0000000,Not Applicable,14,2:00pm-2:59pm,19,19,14,2:00pm-2:59pm,20,20,88,Not Applicable (Not Transported),88,Not Applicable (Not Transported),1
13,Georgia,131278,1,1,2,2,0,3,3,77,COWETA (77),3950,NEWNAN,10,October,7,7,6,Friday,2022,21,9:00pm-9:59pm,20,20,SR-34,NA,3,State Highway,2,Urban,3,Principal Arterial - Other,1,State Highway Agency,1,This section IS ON the NHS,0,No Special Jurisdiction,74,74,33.37868611,33.37868611,-84.86554167,-84.86554167,8,Pedestrian,0,The First Harmful Event was Not a Collision with a Motor Vehicle in Transport,0,No,1,Non-Junction,1,Not an Intersection,1,On Roadway,0,None,2,Dark - Not Lighted,1,Clear,0,No,0000000,Not Applicable,21,9:00pm-9:59pm,30,30,21,9:00pm-9:59pm,32,32,88,Not Applicable (Not Transported),88,Not Applicable (Not Transported),1
13,Georgia,131279,0,0,2,2,0,2,2,121,FULTON (121),280,ATLANTA,10,October,7,7,6,Friday,2022,21,9:00pm-9:59pm,22,22,SR-13,NA,3,State Highway,2,Urban,3,Principal Arterial - Other,1,State Highway Agency,1,This section IS ON the NHS,0,No Special Jurisdiction,7,7,33.80080278,33.80080278,-84.38779167,-84.38779167,12,Motor Vehicle In-Transport,2,Front-to-Front,0,No,1,Non-Junction,1,Not an Intersection,1,On Roadway,0,None,3,Dark - Lighted,1,Clear,0,No,0000000,Not Applicable,21,9:00pm-9:59pm,34,34,21,9:00pm-9:59pm,37,37,88,Not Applicable (Not Transported),88,Not Applicable (Not Transported),2
13,Georgia,131280,0,0,1,1,0,1,1,173,LANIER (173),9898,Not Reported,10,October,8,8,7,Saturday,2022,7,7:00am-7:59am,5,5,CR-015000,NA,4,County Road,1,Rural,5,Major Collector,2,County Highway Agency,0,This section IS NOT on the NHS,0,No Special Jurisdiction,67,67,31.12753333,31.12753333,-83.15186667,-83.15186667,30,Utility Pole/Light Support,0,The First Harmful Event was Not a Collision with a Motor Vehicle in Transport,0,No,1,Non-Junction,1,Not an Intersection,4,On Roadside,0,None,1,Daylight,1,Clear,0,No,0000000,Not Applicable,7,7:00am-7:59am,9,9,7,7:00am-7:59am,16,16,88,Not Applicable (Not Transported),88,Not Applicable (Not Transported),1
13,Georgia,131281,0,0,1,1,0,1,1,73,COLUMBIA (73),195,APPLING,10,October,9,9,1,Sunday,2022,1,1:00am-1:59am,28,28,SR-150,NA,3,State Highway,1,Rural,5,Major Collector,1,State Highway Agency,0,This section IS NOT on the NHS,0,No Special Jurisdiction,83,83,33.62069167,33.62069167,-82.28249722,-82.28249722,32,Culvert,0,The First Harmful Event was Not a Collision with a Motor Vehicle in Transport,0,No,1,Non-Junction,1,Not an Intersection,4,On Roadside,0,None,2,Dark - Not Lighted,10,Cloudy,0,No,0000000,Not Applicable,1,1:00am-1:59am,33,33,1,1:00am-1:59am,36,36,2,2:00am-2:59am,2,2,1
13,Georgia,131282,0,0,1,1,0,1,1,117,FORSYTH (117),1440,CUMMING,10,October,9,9,1,Sunday,2022,23,11:00pm-11:59pm,36,36,CR-270,NA,4,County Road,2,Urban,7,Local,2,County Highway Agency,0,This section IS NOT on the NHS,0,No Special Jurisdiction,7,7,34.29580833,34.29580833,-84.18400278,-84.18400278,33,Curb,0,The First Harmful Event was Not a Collision with a Motor Vehicle in Transport,0,No,1,Non-Junction,1,Not an Intersection,4,On Roadside,0,None,2,Dark - Not Lighted,1,Clear,0,No,0000000,Not Applicable,23,11:00pm-11:59pm,37,37,23,11:00pm-11:59pm,41,41,88,Not Applicable (Not Transported),88,Not Applicable (Not Transported),1
13,Georgia,131284,0,0,2,2,0,2,2,245,RICHMOND (245),310,AUGUSTA,10,October,10,10,2,Monday,2022,20,8:00pm-8:59pm,25,25,I-520,NA,1,Interstate,2,Urban,2,Principal Arterial - Other Freeways and Expressways,1,State Highway Agency,1,This section IS ON the NHS,0,No Special Jurisdiction,35,35,33.44440833,33.44440833,-82.07280833,-82.07280833,12,Motor Vehicle In-Transport,1,Front-to-Rear,0,No,1,Non-Junction,1,Not an Intersection,1,On Roadway,0,None,2,Dark - Not Lighted,1,Clear,0,No,0000000,Not Applicable,99,Unknown,99,Unknown,99,Unknown EMS Scene Arrival Hour,99,Unknown EMS Scene Arrival Minutes,88,Not Applicable (Not Transported),88,Not Applicable (Not Transported),1
13,Georgia,131285,1,1,1,1,0,1,1,21,BIBB (21),3390,MACON,10,October,7,7,6,Friday,2022,21,9:00pm-9:59pm,10,10,SR-22 EISENHOWER PKWY,NA,3,State Highway,2,Urban,3,Principal Arterial - Other,1,State Highway Agency,0,This section IS NOT on the NHS,0,No Special Jurisdiction,133,133,32.81390833,32.81390833,-83.64520833,-83.64520833,8,Pedestrian,0,The First Harmful Event was Not a Collision with a Motor Vehicle in Transport,0,No,1,Non-Junction,1,Not an Intersection,1,On Roadway,0,None,2,Dark - Not Lighted,1,Clear,0,No,0000000,Not Applicable,21,9:00pm-9:59pm,11,11,21,9:00pm-9:59pm,15,15,88,Not Applicable (Not Transported),88,Not Applicable (Not Transported),1
13,Georgia,131286,0,0,2,2,0,2,2,277,TIFT (277),5490,TIFTON,10,October,9,9,1,Sunday,2022,23,11:00pm-11:59pm,16,16,SR-520,MIXON ABBOTT RD,3,State Highway,2,Urban,3,Principal Arterial - Other,1,State Highway Agency,1,This section IS ON the NHS,0,No Special Jurisdiction,138,138,31.43509722,31.43509722,-83.44801667,-83.44801667,12,Motor Vehicle In-Transport,6,Angle,0,No,2,Intersection,2,Four-Way Intersection,1,On Roadway,0,None,2,Dark - Not Lighted,1,Clear,0,No,0000000,Not Applicable,23,11:00pm-11:59pm,16,16,23,11:00pm-11:59pm,24,24,0,0:00am-0:59am,4,4,1
13,Georgia,131287,0,0,2,2,0,2,2,117,FORSYTH (117),1440,CUMMING,10,October,11,11,3,Tuesday,2022,21,9:00pm-9:59pm,33,33,SR-20,LAKELAND PL,3,State Highway,2,Urban,3,Principal Arterial - Other,1,State Highway Agency,1,This section IS ON the NHS,0,No Special Jurisdiction,95,95,34.18579722,34.18579722,-84.14098056,-84.14098056,12,Motor Vehicle In-Transport,6,Angle,0,No,2,Intersection,2,Four-Way Intersection,1,On Roadway,0,None,3,Dark - Lighted,1,Clear,0,No,0000000,Not Applicable,21,9:00pm-9:59pm,34,34,21,9:00pm-9:59pm,39,39,88,Not Applicable (Not Transported),88,Not Applicable (Not Transported),1
13,Georgia,131288,0,0,1,1,0,1,1,147,HART (147),640,BOWERSVILLE,10,October,12,12,4,Wednesday,2022,11,11:00am-11:59am,54,54,SR-51,NA,3,State Highway,1,Rural,5,Major Collector,1,State Highway Agency,0,This section IS NOT on the NHS,0,No Special Jurisdiction,27,27,34.36845833,34.36845833,-83.06711944,-83.06711944,32,Culvert,0,The First Harmful Event was Not a Collision with a Motor Vehicle in Transport,0,No,1,Non-Junction,1,Not an Intersection,4,On Roadside,0,None,1,Daylight,10,Cloudy,0,No,0000000,Not Applicable,11,11:00am-11:59am,51,51,12,12:00pm-12:59pm,1,1,88,Not Applicable (Not Transported),88,Not Applicable (Not Transported),1
13,Georgia,131289,1,1,1,1,0,1,1,245,RICHMOND (245),310,AUGUSTA,10,October,10,10,2,Monday,2022,14,2:00pm-2:59pm,54,54,SR-1210,NA,3,State Highway,2,Urban,3,Principal Arterial - Other,1,State Highway Agency,1,This section IS ON the NHS,0,No Special Jurisdiction,176,176,33.4563,33.4563,-81.96837778,-81.96837778,8,Pedestrian,0,The First Harmful Event was Not a Collision with a Motor Vehicle in Transport,0,No,1,Non-Junction,1,Not an Intersection,1,On Roadway,0,None,1,Daylight,1,Clear,0,No,0000000,Not Applicable,14,2:00pm-2:59pm,57,57,15,3:00pm-3:59pm,3,3,15,3:00pm-3:59pm,34,34,1
13,Georgia,131290,0,0,2,2,0,3,3,245,RICHMOND (245),310,AUGUSTA,10,October,12,12,4,Wednesday,2022,17,5:00pm-5:59pm,47,47,SR-4,GOLDEN CAMP RD,3,State Highway,2,Urban,3,Principal Arterial - Other,1,State Highway Agency,1,This section IS ON the NHS,0,No Special Jurisdiction,189,189,33.42814167,33.42814167,-82.048013889999993,-82.048013889999993,12,Motor Vehicle In-Transport,6,Angle,0,No,2,Intersection,2,Four-Way Intersection,1,On Roadway,0,None,1,Daylight,2,Rain,0,No,0000000,Not Applicable,17,5:00pm-5:59pm,48,48,18,6:00pm-6:59pm,23,23,99,Unknown,99,Unknown EMS Hospital Arrival Time,1
13,Georgia,131291,0,0,1,1,0,1,1,71,COLQUITT (71),3800,MOULTRIE,10,October,8,8,7,Saturday,2022,1,1:00am-1:59am,0,0,BAY ROCKFORD RD,NA,8,Other,1,Rural,6,Minor Collector,2,County Highway Agency,0,This section IS NOT on the NHS,0,No Special Jurisdiction,6,6,31.159125,31.159125,-83.90878056,-83.90878056,59,Traffic Sign Support,0,The First Harmful Event was Not a Collision with a Motor Vehicle in Transport,0,No,1,Non-Junction,1,Not an Intersection,4,On Roadside,0,None,2,Dark - Not Lighted,1,Clear,0,No,0000000,Not Applicable,1,1:00am-1:59am,2,2,1,1:00am-1:59am,16,16,88,Not Applicable (Not Transported),88,Not Applicable (Not Transported),1