STATE,STATENAME,ST_CASE,PEDS,PERNOTMVIT,VE_TOTAL,VE_FORMS,PVH_INVL,PERSONS,PERMVIT,COUNTY,COUNTYNAME,CITY,CITYNAME,MONTH,MONTHNAME,DAY,DAYNAME,DAY_WEEK,DAY_WEEKNAME,YEAR,HOUR,HOURNAME,MINUTE,MINUTENAME,TWAY_ID,TWAY_ID2,ROUTE,ROUTENAME,RUR_URB,RUR_URBNAME,FUNC_SYS,FUNC_SYSNAME,RD_OWNER,RD_OWNERNAME,NHS,NHSNAME,SP_JUR,SP_JURNAME,MILEPT,MILEPTNAME,LATITUDE,LATITUDENAME,LONGITUD,LONGITUDNAME,HARM_EV,HARM_EVNAME,MAN_COLL,MAN_COLLNAME,RELJCT1,RELJCT1NAME,RELJCT2,RELJCT2NAME,TYP_INT,TYP_INTNAME,REL_ROAD,REL_ROADNAME,WRK_ZONE,WRK_ZONENAME,LGT_COND,LGT_CONDNAME,WEATHER,WEATHERNAME,SCH_BUS,SCH_BUSNAME,RAIL,RAILNAME,NOT_HOUR,NOT_HOURNAME,NOT_MIN,NOT_MINNAME,ARR_HOUR,ARR_HOURNAME,ARR_MIN,ARR_MINNAME,HOSP_HR,HOSP_HRNAME,HOSP_MN,HOSP_MNNAME,FATALS
13,Georgia,131293,0,0,1,1,0,1,1,121,FULTON (121),280,ATLANTA,10,October,8,8,7,Saturday,2022,18,6:00pm-6:59pm,59,59,I-75,NA,1,Interstate,2,Urban,2,Principal Arterial - Other Freeways and Expressways,1,State Highway Agency,1,This section IS ON the NHS,0,No Special Jurisdiction,2,2,33.68868611,33.68868611,-84.39922778,-84.39922778,35,Embankment,0,The First Harmful Event was Not a Collision with a Motor Vehicle in Transport,1,Yes,19,Other location within Interchange Area,1,Not an Intersection,3,On Median,0,None,1,Daylight,1,Clear,0,No,0000000,Not Applicable,19,7:00pm-7:59pm,2,2,20,8:00pm-8:59pm,23,23,88,Not Applicable (Not Transported),88,Not Applicable (Not Transported),1
13,Georgia,131294,0,0,1,1,0,1,1,63,CLAYTON (63),9997,Other,10,October,9,9,1,Sunday,2022,6,6:00am-6:59am,34,34,CR-1336,NA,4,County Road,2,Urban,5,Major Collector,2,County Highway Agency,0,This section IS NOT on the NHS,0,No Special Jurisdiction,20,20,33.48925278,33.48925278,-84.35685,-84.35685,42,Tree (Standing Only),0,The First Harmful Event was Not a Collision with a Motor Vehicle in Transport,0,No,1,Non-Junction,1,Not an Intersection,4,On Roadside,0,None,4,Dawn,1,Clear,0,No,0000000,Not Applicable,99,Unknown,99,Unknown,99,Unknown EMS Scene Arrival Hour,99,Unknown EMS Scene Arrival Minutes,88,Not Applicable (Not Transported),88,Not Applicable (Not Transported),1
13,Georgia,131295,0,0,1,1,0,3,3,233,POLK (233),1010,CEDARTOWN,10,October,12,12,4,Wednesday,2022,16,4:00pm-4:59pm,28,28,CEDARTOWN RD,NA,8,Other,1,Rural,5,Major Collector,2,County Highway Agency,0,This section IS NOT on the NHS,0,No Special Jurisdiction,21,21,34.0594,34.0594,-85.30559167,-85.30559167,34,Ditch,0,The First Harmful Event was Not a Collision with a Motor Vehicle in Transport,0,No,1,Non-Junction,1,Not an Intersection,4,On Roadside,0,None,1,Daylight,10,Cloudy,0,No,0000000,Not Applicable,16,4:00pm-4:59pm,28,28,16,4:00pm-4:59pm,42,42,17,5:00pm-5:59pm,32,32,1
13,Georgia,131296,0,0,1,1,0,1,1,241,RABUN (241),1170,CLAYTON,10,October,11,11,3,Tuesday,2022,11,11:00am-11:59am,5,5,SR-2,NA,3,State Highway,1,Rural,3,Principal Arterial - Other,1,State Highway Agency,1,This section IS ON the NHS,0,No Special Jurisdiction,128,128,34.87691111,34.87691111,-83.44536667,-83.44536667,1,Rollover/Overturn,0,The First Harmful Event was Not a Collision with a Motor Vehicle in Transport,0,No,1,Non-Junction,1,Not an Intersection,4,On Roadside,0,None,1,Daylight,10,Cloudy,0,No,0000000,Not Applicable,11,11:00am-11:59am,7,7,11,11:00am-11:59am,22,22,88,Not Applicable (Not Transported),88,Not Applicable (Not Transported),1
13,Georgia,131297,0,0,1,1,0,1,1,129,GORDON (129),860,CALHOUN,10,October,5,5,4,Wednesday,2022,7,7:00am-7:59am,44,44,SR-87,NA,3,State Highway,2,Urban,4,Minor Arterial,1,State Highway Agency,0,This section IS NOT on the NHS,0,No Special Jurisdiction,102,102,34.50581944,34.50581944,-84.96156944,-84.96156944,42,Tree (Standing Only),0,The First Harmful Event was Not a Collision with a Motor Vehicle in Transport,0,No,1,Non-Junction,1,Not an Intersection,4,On Roadside,0,None,1,Daylight,1,Clear,0,No,0000000,Not Applicable,7,7:00am-7:59am,44,44,7,7:00am-7:59am,53,53,88,Not Applicable (Not Transported),88,Not Applicable (Not Transported),1
13,Georgia,131298,1,1,1,1,0,1,1,135,GWINNETT (135),0,NOT APPLICABLE,9,September,28,28,4,Wednesday,2022,17,5:00pm-5:59pm,21,21,SR-316,NA,3,State Highway,2,Urban,3,Principal Arterial - Other,1,State Highway Agency,1,This section IS ON the NHS,0,No Special Jurisdiction,141,141,33.973325,33.973325,-83.87388056,-83.87388056,8,Pedestrian,0,The First Harmful Event was Not a Collision with a Motor Vehicle in Transport,0,No,1,Non-Junction,1,Not an Intersection,1,On Roadway,0,None,1,Daylight,1,Clear,0,No,0000000,Not Applicable,17,5:00pm-5:59pm,22,22,17,5:00pm-5:59pm,32,32,88,Not Applicable (Not Transported),88,Not Applicable (Not Transported),1
13,Georgia,131299,0,0,2,2,0,3,3,151,HENRY (151),2560,HAMPTON,10,October,6,6,5,Thursday,2022,6,6:00am-6:59am,58,58,SR-20,HAMPTON LOCUST GRV RD,3,State Highway,2,Urban,3,Principal Arterial - Other,1,State Highway Agency,1,This section IS ON the NHS,0,No Special Jurisdiction,173,173,33.37935556,33.37935556,-84.26421389,-84.26421389,12,Motor Vehicle In-Transport,6,Angle,0,No,2,Intersection,2,Four-Way Intersection,1,On Roadway,0,None,4,Dawn,1,Clear,0,No,0000000,Not Applicable,7,7:00am-7:59am,0,0,7,7:00am-7:59am,8,8,7,7:00am-7:59am,49,49,1
13,Georgia,131300,2,2,1,1,0,1,1,215,MUSCOGEE (215),1280,COLUMBUS,10,October,6,6,5,Thursday,2022,8,8:00am-8:59am,4,4,CR-518 STEAM MILL RD,NA,4,County Road,2,Urban,5,Major Collector,2,County Highway Agency,0,This section IS NOT on the NHS,0,No Special Jurisdiction,10,10,32.45508056,32.45508056,-84.91948333,-84.91948333,8,Pedestrian,0,The First Harmful Event was Not a Collision with a Motor Vehicle in Transport,0,No,1,Non-Junction,1,Not an Intersection,1,On Roadway,0,None,1,Daylight,1,Clear,0,No,0000000,Not Applicable,8,8:00am-8:59am,10,10,8,8:00am-8:59am,23,23,8,8:00am-8:59am,27,27,1
13,Georgia,131301,0,0,2,2,0,2,2,129,GORDON (129),860,CALHOUN,10,October,7,7,6,Friday,2022,9,9:00am-9:59am,7,7,SR-156,NA,3,State Highway,2,Urban,4,Minor Arterial,1,State Highway Agency,0,This section IS NOT on the NHS,0,No Special Jurisdiction,102,102,34.505675,34.505675,-84.96153611,-84.96153611,12,Motor Vehicle In-Transport,6,Angle,0,No,8,Driveway Access Related,1,Not an Intersection,1,On Roadway,0,None,1,Daylight,1,Clear,0,No,0000000,Not Applicable,9,9:00am-9:59am,7,7,9,9:00am-9:59am,12,12,9,9:00am-9:59am,39,39,1
13,Georgia,131302,0,0,1,1,0,1,1,185,LOWNDES (185),5680,VALDOSTA,10,October,9,9,1,Sunday,2022,7,7:00am-7:59am,50,50,I-75 RAMP,NA,1,Interstate,2,Urban,2,Principal Arterial - Other Freeways and Expressways,1,State Highway Agency,1,This section IS ON the NHS,0,No Special Jurisdiction,0,None,30.77949167,30.77949167,-83.29785833,-83.29785833,42,Tree (Standing Only),0,The First Harmful Event was Not a Collision with a Motor Vehicle in Transport,1,Yes,5,Entrance/Exit Ramp Related,1,Not an Intersection,4,On Roadside,0,None,1,Daylight,1,Clear,0,No,0000000,Not Applicable,7,7:00am-7:59am,57,57,8,8:00am-8:59am,3,3,88,Not Applicable (Not Transported),88,Not Applicable (Not Transported),1
13,Georgia,131303,0,0,2,2,0,2,2,185,LOWNDES (185),3070,LAKE PARK,10,October,10,10,2,Monday,2022,16,4:00pm-4:59pm,55,55,I-75,NA,1,Interstate,2,Urban,2,Principal Arterial - Other Freeways and Expressways,1,State Highway Agency,1,This section IS ON the NHS,0,No Special Jurisdiction,15,15,30.64331111,30.64331111,-83.18910556,-83.18910556,58,Ground,0,The First Harmful Event was Not a Collision with a Motor Vehicle in Transport,1,Yes,19,Other location within Interchange Area,1,Not an Intersection,4,On Roadside,0,None,1,Daylight,1,Clear,0,No,0000000,Not Applicable,16,4:00pm-4:59pm,54,54,17,5:00pm-5:59pm,3,3,17,5:00pm-5:59pm,27,27,1
13,Georgia,131304,0,0,1,1,0,1,1,45,CARROLL (45),5730,VILLA RICA,10,October,10,10,2,Monday,2022,21,9:00pm-9:59pm,13,13,SR-101,NA,3,State Highway,2,Urban,4,Minor Arterial,1,State Highway Agency,0,This section IS NOT on the NHS,0,No Special Jurisdiction,16,16,33.74705556,33.74705556,-84.93561944,-84.93561944,42,Tree (Standing Only),0,The First Harmful Event was Not a Collision with a Motor Vehicle in Transport,0,No,1,Non-Junction,1,Not an Intersection,4,On Roadside,0,None,2,Dark - Not Lighted,1,Clear,0,No,0000000,Not Applicable,21,9:00pm-9:59pm,8,8,21,9:00pm-9:59pm,17,17,88,Not Applicable (Not Transported),88,Not Applicable (Not Transported),1
13,Georgia,131305,0,0,1,1,0,2,2,97,DOUGLAS (97),1770,DOUGLASVILLE,10,October,9,9,1,Sunday,2022,12,12:00pm-12:59pm,57,57,CS-KINGS HWY,NA,5,Local Street - Township,2,Urban,5,Major Collector,4,City or Municipal Highway Agency,0,This section IS NOT on the NHS,0,No Special Jurisdiction,20,20,33.67380556,33.67380556,-84.77455556,-84.77455556,53,Mail Box,0,The First Harmful Event was Not a Collision with a Motor Vehicle in Transport,0,No,1,Non-Junction,1,Not an Intersection,4,On Roadside,0,None,1,Daylight,1,Clear,0,No,0000000,Not Applicable,13,1:00pm-1:59pm,1,1,13,1:00pm-1:59pm,6,6,13,1:00pm-1:59pm,30,30,1
13,Georgia,131306,0,0,2,2,0,3,3,247,ROCKDALE (247),1320,CONYERS,10,October,11,11,3,Tuesday,2022,11,11:00am-11:59am,52,52,SR-20,NA,3,State Highway,2,Urban,4,Minor Arterial,1,State Highway Agency,0,This section IS NOT on the NHS,0,No Special Jurisdiction,59,59,33.71036111,33.71036111,-84.00398056,-84.00398056,12,Motor Vehicle In-Transport,1,Front-to-Rear,0,No,1,Non-Junction,1,Not an Intersection,1,On Roadway,0,None,1,Daylight,1,Clear,0,No,0000000,Not Applicable,11,11:00am-11:59am,53,53,11,11:00am-11:59am,58,58,12,12:00pm-12:59pm,15,15,1
13,Georgia,131308,0,0,2,2,0,2,2,299,WARE (299),5850,WAYCROSS,10,October,8,8,7,Saturday,2022,14,2:00pm-2:59pm,26,26,SR-38,NA,3,State Highway,2,Urban,7,Local,1,State Highway Agency,0,This section IS NOT on the NHS,0,No Special Jurisdiction,157,157,31.18802778,31.18802778,-82.39113889,-82.39113889,12,Motor Vehicle In-Transport,1,Front-to-Rear,0,No,1,Non-Junction,1,Not an Intersection,1,On Roadway,0,None,1,Daylight,1,Clear,0,No,0000000,Not Applicable,14,2:00pm-2:59pm,27,27,14,2:00pm-2:59pm,30,30,15,3:00pm-3:59pm,0,0,1
13,Georgia,131309,0,0,2,2,0,3,3,63,CLAYTON (63),2970,JONESBORO,10,October,11,11,3,Tuesday,2022,22,10:00pm-10:59pm,50,50,SR-3,N MAIN ST,3,State Highway,2,Urban,3,Principal Arterial - Other,1,State Highway Agency,1,This section IS ON the NHS,0,No Special Jurisdiction,88,88,33.54629722,33.54629722,-84.36914444,-84.36914444,12,Motor Vehicle In-Transport,2,Front-to-Front,0,No,2,Intersection,3,T-Intersection,1,On Roadway,0,None,3,Dark - Lighted,1,Clear,0,No,0000000,Not Applicable,99,Unknown,99,Unknown,99,Unknown EMS Scene Arrival Hour,99,Unknown EMS Scene Arrival Minutes,99,Unknown,99,Unknown EMS Hospital Arrival Time,1
13,Georgia,131310,1,1,1,1,0,1,1,59,CLARKE (59),270,ATHENS,10,October,13,13,5,Thursday,2022,21,9:00pm-9:59pm,34,34,CR-325 CEDAR SHOALS DR,NA,4,County Road,2,Urban,5,Major Collector,2,County Highway Agency,0,This section IS NOT on the NHS,0,No Special Jurisdiction,7,7,33.91829444,33.91829444,-83.32329722,-83.32329722,8,Pedestrian,0,The First Harmful Event was Not a Collision with a Motor Vehicle in Transport,0,No,1,Non-Junction,1,Not an Intersection,1,On Roadway,0,None,2,Dark - Not Lighted,1,Clear,0,No,0000000,Not Applicable,99,Unknown,99,Unknown,99,Unknown EMS Scene Arrival Hour,99,Unknown EMS Scene Arrival Minutes,88,Not Applicable (Not Transported),88,Not Applicable (Not Transported),1
13,Georgia,131311,0,0,1,1,0,1,1,245,RICHMOND (245),310,AUGUSTA,10,October,13,13,5,Thursday,2022,20,8:00pm-8:59pm,54,54,SR-104,NA,3,State Highway,2,Urban,3,Principal Arterial - Other,1,State Highway Agency,1,This section IS ON the NHS,0,No Special Jurisdiction,1,1,33.515,33.515,-82.06206389,-82.06206389,42,Tree (Standing Only),0,The First Harmful Event was Not a Collision with a Motor Vehicle in Transport,0,No,8,Driveway Access Related,1,Not an Intersection,5,Outside Trafficway,0,None,3,Dark - Lighted,1,Clear,0,No,0000000,Not Applicable,20,8:00pm-8:59pm,57,57,20,8:00pm-8:59pm,17,17,88,Not Applicable (Not Transported),88,Not Applicable (Not Transported),1
13,Georgia,131312,0,0,2,2,0,3,3,107,EMANUEL (107),5600,TWIN CITY,10,October,16,16,1,Sunday,2022,2,2:00am-2:59am,8,8,SR-23,NA,3,State Highway,1,Rural,5,Major Collector,1,State Highway Agency,0,This section IS NOT on the NHS,0,No Special Jurisdiction,65,65,32.60211944,32.60211944,-82.13495556,-82.13495556,12,Motor Vehicle In-Transport,1,Front-to-Rear,0,No,1,Non-Junction,1,Not an Intersection,1,On Roadway,0,None,2,Dark - Not Lighted,1,Clear,0,No,0000000,Not Applicable,2,2:00am-2:59am,7,7,2,2:00am-2:59am,13,13,2,2:00am-2:59am,57,57,1
13,Georgia,131313,0,0,2,2,0,2,2,153,HOUSTON (153),5790,WARNER ROBINS,10,October,16,16,1,Sunday,2022,13,1:00pm-1:59pm,2,2,CS-112115,ABERCORN ST,5,Local Street - Township,2,Urban,4,Minor Arterial,4,City or Municipal Highway Agency,0,This section IS NOT on the NHS,0,No Special Jurisdiction,5,5,32.55564167,32.55564167,-83.69121389,-83.69121389,12,Motor Vehicle In-Transport,6,Angle,0,No,2,Intersection,2,Four-Way Intersection,1,On Roadway,0,None,1,Daylight,1,Clear,0,No,0000000,Not Applicable,13,1:00pm-1:59pm,5,5,13,1:00pm-1:59pm,10,10,88,Not Applicable (Not Transported),88,Not Applicable (Not Transported),1
13,Georgia,131314,1,1,1,1,0,1,1,121,FULTON (121),1250,COLLEGE PARK,10,October,4,4,3,Tuesday,2022,21,9:00pm-9:59pm,30,30,SR-279,BURDETT ST,3,State Highway,2,Urban,4,Minor Arterial,1,State Highway Agency,0,This section IS NOT on the NHS,0,No Special Jurisdiction,32,32,33.5965,33.5965,-84.46903333,-84.46903333,8,Pedestrian,0,The First Harmful Event was Not a Collision with a Motor Vehicle in Transport,0,No,3,Intersection-Related,2,Four-Way Intersection,1,On Roadway,0,None,3,Dark - Lighted,1,Clear,0,No,0000000,Not Applicable,21,9:00pm-9:59pm,31,31,21,9:00pm-9:59pm,35,35,88,Not Applicable (Not Transported),88,Not Applicable (Not Transported),1
13,Georgia,131315,1,1,2,2,0,2,2,63,CLAYTON (63),2970,JONESBORO,9,September,4,4,1,Sunday,2022,2,2:00am-2:59am,25,25,SR-3 TARA BLVD,NA,3,State Highway,2,Urban,3,Principal Arterial - Other,1,State Highway Agency,1,This section IS ON the NHS,0,No Special Jurisdiction,104,104,33.56827778,33.56827778,-84.37153889,-84.37153889,8,Pedestrian,0,The First Harmful Event was Not a Collision with a Motor Vehicle in Transport,0,No,1,Non-Junction,1,Not an Intersection,1,On Roadway,0,None,2,Dark - Not Lighted,1,Clear,0,No,0000000,Not Applicable,99,Unknown,98,Unknown if Notified,99,Unknown EMS Scene Arrival Hour,98,Unknown if Arrived,88,Not Applicable (Not Transported),88,Not Applicable (Not Transported),1
13,Georgia,131316,0,0,2,2,0,2,2,67,COBB (67),3440,MARIETTA,10,October,7,7,6,Friday,2022,2,2:00am-2:59am,53,53,I-285 RAMP,NA,1,Interstate,2,Urban,2,Principal Arterial - Other Freeways and Expressways,1,State Highway Agency,1,This section IS ON the NHS,0,No Special Jurisdiction,2,2,33.89329722,33.89329722,-84.46239444,-84.46239444,12,Motor Vehicle In-Transport,2,Front-to-Front,1,Yes,20,Entrance/Exit Ramp,1,Not an Intersection,1,On Roadway,0,None,3,Dark - Lighted,1,Clear,0,No,0000000,Not Applicable,2,2:00am-2:59am,53,53,2,2:00am-2:59am,56,56,88,Not Applicable (Not Transported),88,Not Applicable (Not Transported),1
13,Georgia,131317,0,0,1,1,0,3,3,297,WALTON (297),3710,MONROE,10,October,13,13,5,Thursday,2022,3,3:00am-3:59am,1,1,SR-10,NA,3,State Highway,2,Urban,3,Principal Arterial - Other,1,State Highway Agency,1,This section IS ON the NHS,0,No Special Jurisdiction,78,78,33.80633611,33.80633611,-83.78658056,-83.78658056,42,Tree (Standing Only),0,The First Harmful Event was Not a Collision with a Motor Vehicle in Transport,0,No,1,Non-Junction,1,Not an Intersection,4,On Roadside,0,None,2,Dark - Not Lighted,10,Cloudy,0,No,0000000,Not Applicable,3,3:00am-3:59am,4,4,3,3:00am-3:59am,12,12,99,Unknown,99,Unknown EMS Hospital Arrival Time,1
13,Georgia,131318,0,0,2,2,0,3,3,251,SCREVEN (251),5330,SYLVANIA,10,October,14,14,6,Friday,2022,15,3:00pm-3:59pm,24,24,SR-21,PERIMETER RD,3,State Highway,1,Rural,3,Principal Arterial - Other,1,State Highway Agency,1,This section IS ON the NHS,0,No Special Jurisdiction,181,181,32.72918889,32.72918889,-81.65401389,-81.65401389,12,Motor Vehicle In-Transport,6,Angle,0,No,2,Intersection,3,T-Intersection,1,On Roadway,0,None,1,Daylight,1,Clear,0,No,0000000,Not Applicable,15,3:00pm-3:59pm,36,36,15,3:00pm-3:59pm,40,40,17,5:00pm-5:59pm,0,0,1
13,Georgia,131319,0,0,1,1,0,1,1,11,BANKS (11),2790,HOMER,10,October,15,15,7,Saturday,2022,23,11:00pm-11:59pm,18,18,US-441/SR-15,NA,2,US Highway,1,Rural,3,Principal Arterial - Other,1,State Highway Agency,1,This section IS ON the NHS,0,No Special Jurisdiction,26,26,34.27158611,34.27158611,-83.46644444,-83.46644444,34,Ditch,0,The First Harmful Event was Not a Collision with a Motor Vehicle in Transport,0,No,1,Non-Junction,1,Not an Intersection,4,On Roadside,0,None,2,Dark - Not Lighted,1,Clear,0,No,0000000,Not Applicable,23,11:00pm-11:59pm,20,20,23,11:00pm-11:59pm,24,24,88,Not Applicable (Not Transported),88,Not Applicable (Not Transported),1
13,Georgia,131320,0,0,2,2,0,2,2,51,CHATHAM (51),4450,POOLER,10,October,16,16,1,Sunday,2022,16,4:00pm-4:59pm,34,34,CS-PINE MDW,NA,5,Local Street - Township,2,Urban,7,Local,4,City or Municipal Highway Agency,0,This section IS NOT on the NHS,0,No Special Jurisdiction,4,4,32.08909722,32.08909722,-81.23771389,-81.23771389,12,Motor Vehicle In-Transport,6,Angle,0,No,1,Non-Junction,1,Not an Intersection,1,On Roadway,0,None,1,Daylight,1,Clear,0,No,0000000,Not Applicable,16,4:00pm-4:59pm,32,32,16,4:00pm-4:59pm,38,38,17,5:00pm-5:59pm,19,19,1
13,Georgia,131321,0,0,2,2,0,3,3,127,GLYNN (127),760,BRUNSWICK,10,October,8,8,7,Saturday,2022,19,7:00pm-7:59pm,57,57,SR-27,GLOUCESTER ST,3,State Highway,2,Urban,3,Principal Arterial - Other,1,State Highway Agency,1,This section IS ON the NHS,0,No Special Jurisdiction,0,None,31.14870833,31.14870833,-81.49651389,-81.49651389,12,Motor Vehicle In-Transport,6,Angle,0,No,2,Intersection,2,Four-Way Intersection,1,On Roadway,0,None,3,Dark - Lighted,1,Clear,0,No,0000000,Not Applicable,19,7:00pm-7:59pm,58,58,20,8:00pm-8:59pm,2,2,20,8:00pm-8:59pm,27,27,1
13,Georgia,131323,1,1,1,1,0,1,1,275,THOMAS (275),5460,THOMASVILLE,10,October,15,15,7,Saturday,2022,6,6:00am-6:59am,15,15,SR-000300,NA,3,State Highway,2,Urban,3,Principal Arterial - Other,1,State Highway Agency,1,This section IS ON the NHS,0,No Special Jurisdiction,141,141,30.85897778,30.85897778,-83.94753056,-83.94753056,8,Pedestrian,0,The First Harmful Event was Not a Collision with a Motor Vehicle in Transport,0,No,1,Non-Junction,1,Not an Intersection,1,On Roadway,0,None,3,Dark - Lighted,1,Clear,0,No,0000000,Not Applicable,6,6:00am-6:59am,18,18,6,6:00am-6:59am,25,25,6,6:00am-6:59am,51,51,1
13,Georgia,131324,0,0,1,1,0,1,1,117,FORSYTH (117),1440,CUMMING,10,October,15,15,7,Saturday,2022,23,11:00pm-11:59pm,7,7,CR-309 DR BRAMBLETT RD,NA,4,County Road,2,Urban,7,Local,2,County Highway Agency,0,This section IS NOT on the NHS,0,No Special Jurisdiction,6,6,34.28115833,34.28115833,-84.17335556,-84.17335556,1,Rollover/Overturn,0,The First Harmful Event was Not a Collision with a Motor Vehicle in Transport,0,No,1,Non-Junction,1,Not an Intersection,1,On Roadway,0,None,2,Dark - Not Lighted,1,Clear,0,No,0000000,Not Applicable,99,Unknown,99,Unknown,99,Unknown EMS Scene Arrival Hour,99,Unknown EMS Scene Arrival Minutes,99,Unknown,99,Unknown EMS Hospital Arrival Time,1
13,Georgia,131325,0,0,2,2,0,10,10,139,HALL (139),0,NOT APPLICABLE,10,October,15,15,7,Saturday,2022,23,11:00pm-11:59pm,8,8,SR-001100,NA,3,State Highway,1,Rural,3,Principal Arterial - Other,1,State Highway Agency,1,This section IS ON the NHS,0,No Special Jurisdiction,242,242,34.46993056,34.46993056,-83.77496389,-83.77496389,12,Motor Vehicle In-Transport,2,Front-to-Front,0,No,1,Non-Junction,1,Not an Intersection,1,On Roadway,0,None,2,Dark - Not Lighted,1,Clear,0,No,0000000,Not Applicable,99,Unknown,99,Unknown,99,Unknown EMS Scene Arrival Hour,99,Unknown EMS Scene Arrival Minutes,99,Unknown,99,Unknown EMS Hospital Arrival Time,1
13,Georgia,131326,0,0,1,1,0,1,1,69,COFFEE (69),1760,DOUGLAS,10,October,16,16,1,Sunday,2022,18,6:00pm-6:59pm,21,21,SR-31,NA,3,State Highway,1,Rural,3,Principal Arterial - Other,1,State Highway Agency,1,This section IS ON the NHS,0,No Special Jurisdiction,23,23,31.43730833,31.43730833,-82.85068611,-82.85068611,1,Rollover/Overturn,0,The First Harmful Event was Not a Collision with a Motor Vehicle in Transport,0,No,1,Non-Junction,1,Not an Intersection,4,On Roadside,0,None,1,Daylight,1,Clear,0,No,0000000,Not Applicable,18,6:00pm-6:59pm,22,22,18,6:00pm-6:59pm,28,28,19,7:00pm-7:59pm,27,27,1
13,Georgia,131327,0,0,1,1,0,1,1,121,FULTON (121),280,ATLANTA,10,October,16,16,1,Sunday,2022,23,11:00pm-11:59pm,25,25,WHITEHALL ST SW,NA,5,Local Street - Township,2,Urban,5,Major Collector,4,City or Municipal Highway Agency,0,This section IS NOT on the NHS,0,No Special Jurisdiction,1,1,33.74151111,33.74151111,-84.41069167,-84.41069167,24,Guardrail Face,0,The First Harmful Event was Not a Collision with a Motor Vehicle in Transport,0,No,1,Non-Junction,1,Not an Intersection,4,On Roadside,0,None,3,Dark - Lighted,1,Clear,0,No,0000000,Not Applicable,99,Unknown,99,Unknown,99,Unknown EMS Scene Arrival Hour,99,Unknown EMS Scene Arrival Minutes,88,Not Applicable (Not Transported),88,Not Applicable (Not Transported),1
13,Georgia,131328,1,1,1,1,0,1,1,51,CHATHAM (51),4910,SAVANNAH,10,October,17,17,2,Monday,2022,22,10:00pm-10:59pm,19,19,I-516 WM F LYMES PKWY,NA,1,Interstate,2,Urban,1,Interstate,1,State Highway Agency,1,This section IS ON the NHS,0,No Special Jurisdiction,24,24,32.0495,32.0495,-81.14350556,-81.14350556,8,Pedestrian,0,The First Harmful Event was Not a Collision with a Motor Vehicle in Transport,0,No,1,Non-Junction,1,Not an Intersection,1,On Roadway,0,None,3,Dark - Lighted,1,Clear,0,No,0000000,Not Applicable,99,Unknown,99,Unknown,99,Unknown EMS Scene Arrival Hour,99,Unknown EMS Scene Arrival Minutes,99,Unknown,99,Unknown EMS Hospital Arrival Time,1
13,Georgia,131329,0,0,2,2,0,4,4,307,WEBSTER (307),5880,WESTON,10,October,8,8,7,Saturday,2022,1,1:00am-1:59am,2,2,SR-520,NA,3,State Highway,1,Rural,3,Principal Arterial - Other,1,State Highway Agency,1,This section IS ON the NHS,0,No Special Jurisdiction,58,58,31.95243889,31.95243889,-84.58258056,-84.58258056,12,Motor Vehicle In-Transport,2,Front-to-Front,0,No,1,Non-Junction,1,Not an Intersection,1,On Roadway,0,None,2,Dark - Not Lighted,1,Clear,0,No,0000000,Not Applicable,1,1:00am-1:59am,2,2,1,1:00am-1:59am,18,18,2,2:00am-2:59am,55,55,4
13,Georgia,131330,0,0,1,1,0,1,1,223,PAULDING (223),2740,HIRAM,10,October,15,15,7,Saturday,2022,12,12:00pm-12:59pm,19,19,CR-309,NA,4,County Road,2,Urban,7,Local,2,County Highway Agency,0,This section IS NOT on the NHS,0,No Special Jurisdiction,6,6,33.86119167,33.86119167,-84.72981944,-84.72981944,43,Other Fixed Object,0,The First Harmful Event was Not a Collision with a Motor Vehicle in Transport,0,No,1,Non-Junction,1,Not an Intersection,4,On Roadside,0,None,1,Daylight,1,Clear,0,No,0000000,Not Applicable,99,Unknown,99,Unknown,99,Unknown EMS Scene Arrival Hour,99,Unknown EMS Scene Arrival Minutes,99,Unknown,99,Unknown EMS Hospital Arrival Time,1
13,Georgia,131331,0,0,1,1,0,1,1,245,RICHMOND (245),310,AUGUSTA,10,October,16,16,1,Sunday,2022,2,2:00am-2:59am,14,14,SR-104,NA,3,State Highway,2,Urban,3,Principal Arterial - Other,1,State Highway Agency,0,This section IS NOT on the NHS,0,No Special Jurisdiction,33,33,33.51629444,33.51629444,-82.00419444,-82.00419444,73,Object That Had Fallen From Motor Vehicle In-Transport,0,The First Harmful Event was Not a Collision with a Motor Vehicle in Transport,0,No,1,Non-Junction,1,Not an Intersection,1,On Roadway,0,None,3,Dark - Lighted,1,Clear,0,No,0000000,Not Applicable,2,2:00am-2:59am,14,14,2,2:00am-2:59am,23,23,88,Not Applicable (Not Transported),88,Not Applicable (Not Transported),1
13,Georgia,131332,0,0,1,1,0,1,1,51,CHATHAM (51),9997,Other,10,October,16,16,1,Sunday,2022,20,8:00pm-8:59pm,33,33,CR-774,NA,4,County Road,2,Urban,7,Local,2,County Highway Agency,0,This section IS NOT on the NHS,0,No Special Jurisdiction,15,15,32.00527222,32.00527222,-81.27446667,-81.27446667,5,Fell/Jumped from Vehicle,0,The First Harmful Event was Not a Collision with a Motor Vehicle in Transport,0,No,1,Non-Junction,1,Not an Intersection,5,Outside Trafficway,0,None,3,Dark - Lighted,1,Clear,0,No,0000000,Not Applicable,22,10:00pm-10:59pm,35,35,22,10:00pm-10:59pm,55,55,88,Not Applicable (Not Transported),88,Not Applicable (Not Transported),1