STATE,STATENAME,ST_CASE,PEDS,PERNOTMVIT,VE_TOTAL,VE_FORMS,PVH_INVL,PERSONS,PERMVIT,COUNTY,COUNTYNAME,CITY,CITYNAME,MONTH,MONTHNAME,DAY,DAYNAME,DAY_WEEK,DAY_WEEKNAME,YEAR,HOUR,HOURNAME,MINUTE,MINUTENAME,TWAY_ID,TWAY_ID2,ROUTE,ROUTENAME,RUR_URB,RUR_URBNAME,FUNC_SYS,FUNC_SYSNAME,RD_OWNER,RD_OWNERNAME,NHS,NHSNAME,SP_JUR,SP_JURNAME,MILEPT,MILEPTNAME,LATITUDE,LATITUDENAME,LONGITUD,LONGITUDNAME,HARM_EV,HARM_EVNAME,MAN_COLL,MAN_COLLNAME,RELJCT1,RELJCT1NAME,RELJCT2,RELJCT2NAME,TYP_INT,TYP_INTNAME,REL_ROAD,REL_ROADNAME,WRK_ZONE,WRK_ZONENAME,LGT_COND,LGT_CONDNAME,WEATHER,WEATHERNAME,SCH_BUS,SCH_BUSNAME,RAIL,RAILNAME,NOT_HOUR,NOT_HOURNAME,NOT_MIN,NOT_MINNAME,ARR_HOUR,ARR_HOURNAME,ARR_MIN,ARR_MINNAME,HOSP_HR,HOSP_HRNAME,HOSP_MN,HOSP_MNNAME,FATALS
13,Georgia,131454,0,0,2,2,0,2,2,185,LOWNDES (185),3070,LAKE PARK,11,November,8,8,3,Tuesday,2022,6,6:00am-6:59am,8,8,SR-7 W MARION AVE,NA,3,State Highway,1,Rural,3,Principal Arterial - Other,1,State Highway Agency,0,This section IS NOT on the NHS,0,No Special Jurisdiction,55,55,30.68866389,30.68866389,-83.20468889,-83.20468889,12,Motor Vehicle In-Transport,1,Front-to-Rear,1,Yes,18,Through Roadway,1,Not an Intersection,1,On Roadway,0,None,2,Dark - Not Lighted,1,Clear,0,No,0000000,Not Applicable,6,6:00am-6:59am,11,11,6,6:00am-6:59am,16,16,6,6:00am-6:59am,48,48,1
13,Georgia,131455,1,1,1,1,0,1,1,127,GLYNN (127),760,BRUNSWICK,11,November,9,9,4,Wednesday,2022,5,5:00am-5:59am,50,50,SR-27,NA,3,State Highway,2,Urban,3,Principal Arterial - Other,1,State Highway Agency,1,This section IS ON the NHS,0,No Special Jurisdiction,158,158,31.21672222,31.21672222,-81.51826944,-81.51826944,9,Pedalcyclist,0,The First Harmful Event was Not a Collision with a Motor Vehicle in Transport,0,No,8,Driveway Access Related,1,Not an Intersection,1,On Roadway,0,None,2,Dark - Not Lighted,1,Clear,0,No,0000000,Not Applicable,5,5:00am-5:59am,52,52,6,6:00am-6:59am,0,0,99,Unknown,99,Unknown EMS Hospital Arrival Time,1
13,Georgia,131456,0,0,2,2,0,2,2,21,BIBB (21),3390,MACON,11,November,9,9,4,Wednesday,2022,16,4:00pm-4:59pm,59,59,SR-247,COCHRAN FIELD RD,3,State Highway,2,Urban,3,Principal Arterial - Other,1,State Highway Agency,1,This section IS ON the NHS,0,No Special Jurisdiction,45,45,32.72337222,32.72337222,-83.65360833,-83.65360833,12,Motor Vehicle In-Transport,6,Angle,0,No,2,Intersection,3,T-Intersection,1,On Roadway,0,None,1,Daylight,1,Clear,0,No,0000000,Not Applicable,17,5:00pm-5:59pm,2,2,17,5:00pm-5:59pm,13,13,88,Not Applicable (Not Transported),88,Not Applicable (Not Transported),2
13,Georgia,131457,1,1,1,1,0,1,1,89,DEKALB (89),1750,DORAVILLE,11,November,9,9,4,Wednesday,2022,21,9:00pm-9:59pm,27,27,SR-0013CO/MOTORS INDUSTRIAL WY,NA,3,State Highway,2,Urban,4,Minor Arterial,1,State Highway Agency,0,This section IS NOT on the NHS,0,No Special Jurisdiction,6,6,33.90583889,33.90583889,-84.27975833,-84.27975833,8,Pedestrian,0,The First Harmful Event was Not a Collision with a Motor Vehicle in Transport,0,No,1,Non-Junction,1,Not an Intersection,1,On Roadway,0,None,2,Dark - Not Lighted,1,Clear,0,No,0000000,Not Applicable,21,9:00pm-9:59pm,59,59,22,10:00pm-10:59pm,5,5,88,Not Applicable (Not Transported),88,Not Applicable (Not Transported),1
13,Georgia,131458,0,0,2,1,1,1,1,121,FULTON (121),280,ATLANTA,11,November,11,11,6,Friday,2022,11,11:00am-11:59am,19,19,I-85,NA,1,Interstate,2,Urban,1,Interstate,1,State Highway Agency,1,This section IS ON the NHS,0,No Special Jurisdiction,186,186,33.68290278,33.68290278,-84.41054722,-84.41054722,14,Parked Motor Vehicle,0,The First Harmful Event was Not a Collision with a Motor Vehicle in Transport,1,Yes,19,Other location within Interchange Area,1,Not an Intersection,8,Gore,0,None,1,Daylight,2,Rain,0,No,0000000,Not Applicable,11,11:00am-11:59am,22,22,12,12:00pm-12:59pm,29,29,88,Not Applicable (Not Transported),88,Not Applicable (Not Transported),1
13,Georgia,131460,0,0,2,2,0,3,3,3,ATKINSON (3),5960,WILLACOOCHEE,6,June,20,20,2,Monday,2022,12,12:00pm-12:59pm,50,50,SR-520,LOWTHER ST,3,State Highway,1,Rural,3,Principal Arterial - Other,1,State Highway Agency,1,This section IS ON the NHS,0,No Special Jurisdiction,32,32,31.34282778,31.34282778,-83.05378056,-83.05378056,12,Motor Vehicle In-Transport,6,Angle,0,No,2,Intersection,2,Four-Way Intersection,1,On Roadway,0,None,1,Daylight,1,Clear,0,No,0000000,Not Applicable,12,12:00pm-12:59pm,57,57,13,1:00pm-1:59pm,24,24,13,1:00pm-1:59pm,56,56,1
13,Georgia,131461,0,0,2,2,0,2,2,247,ROCKDALE (247),9997,Other,7,July,6,6,4,Wednesday,2022,21,9:00pm-9:59pm,0,0,CS-MINK LIVSEY RD,NA,5,Local Street - Township,2,Urban,7,Local,4,City or Municipal Highway Agency,0,This section IS NOT on the NHS,0,No Special Jurisdiction,3,3,33.75904444,33.75904444,-84.01088333,-84.01088333,12,Motor Vehicle In-Transport,2,Front-to-Front,0,No,1,Non-Junction,1,Not an Intersection,1,On Roadway,0,None,2,Dark - Not Lighted,10,Cloudy,0,No,0000000,Not Applicable,21,9:00pm-9:59pm,46,46,22,10:00pm-10:59pm,10,10,23,11:00pm-11:59pm,10,10,1
13,Georgia,131463,0,0,2,2,0,4,4,157,JACKSON (157),670,BRASELTON,7,July,19,19,3,Tuesday,2022,19,7:00pm-7:59pm,25,25,SR-53,NA,3,State Highway,2,Urban,4,Minor Arterial,1,State Highway Agency,0,This section IS NOT on the NHS,0,No Special Jurisdiction,17,17,34.134516669999996,34.134516669999996,-83.77208333,-83.77208333,12,Motor Vehicle In-Transport,2,Front-to-Front,0,No,1,Non-Junction,1,Not an Intersection,1,On Roadway,0,None,1,Daylight,1,Clear,0,No,0000000,Not Applicable,19,7:00pm-7:59pm,29,29,19,7:00pm-7:59pm,31,31,20,8:00pm-8:59pm,6,6,1
13,Georgia,131464,1,1,1,1,0,1,1,63,CLAYTON (63),0,NOT APPLICABLE,10,October,22,22,7,Saturday,2022,3,3:00am-3:59am,36,36,CR-354000,NA,4,County Road,2,Urban,4,Minor Arterial,2,County Highway Agency,0,This section IS NOT on the NHS,0,No Special Jurisdiction,12,12,33.61906111,33.61906111,-84.41803056,-84.41803056,8,Pedestrian,0,The First Harmful Event was Not a Collision with a Motor Vehicle in Transport,0,No,1,Non-Junction,1,Not an Intersection,1,On Roadway,0,None,2,Dark - Not Lighted,1,Clear,0,No,0000000,Not Applicable,99,Unknown,99,Unknown,99,Unknown EMS Scene Arrival Hour,99,Unknown EMS Scene Arrival Minutes,99,Unknown,99,Unknown EMS Hospital Arrival Time,1
13,Georgia,131465,0,0,1,1,0,1,1,15,BARTOW (15),0,NOT APPLICABLE,11,November,12,12,7,Saturday,2022,6,6:00am-6:59am,46,46,I-75,NA,1,Interstate,2,Urban,1,Interstate,1,State Highway Agency,1,This section IS ON the NHS,0,No Special Jurisdiction,255,255,34.34788056,34.34788056,-84.87853611,-84.87853611,42,Tree (Standing Only),0,The First Harmful Event was Not a Collision with a Motor Vehicle in Transport,0,No,1,Non-Junction,1,Not an Intersection,4,On Roadside,0,None,2,Dark - Not Lighted,10,Cloudy,0,No,0000000,Not Applicable,6,6:00am-6:59am,44,44,6,6:00am-6:59am,59,59,7,7:00am-7:59am,31,31,1
13,Georgia,131466,0,0,2,2,0,2,2,63,CLAYTON (63),2180,FOREST PARK,11,November,4,4,6,Friday,2022,3,3:00am-3:59am,9,9,I-75,NA,1,Interstate,2,Urban,1,Interstate,1,State Highway Agency,1,This section IS ON the NHS,0,No Special Jurisdiction,71,71,33.59785278,33.59785278,-84.38945556,-84.38945556,12,Motor Vehicle In-Transport,1,Front-to-Rear,0,No,1,Non-Junction,1,Not an Intersection,1,On Roadway,0,None,2,Dark - Not Lighted,1,Clear,0,No,0000000,Not Applicable,3,3:00am-3:59am,9,9,3,3:00am-3:59am,13,13,88,Not Applicable (Not Transported),88,Not Applicable (Not Transported),1
13,Georgia,131467,0,0,2,2,0,4,4,121,FULTON (121),5640,UNION CITY,11,November,8,8,3,Tuesday,2022,14,2:00pm-2:59pm,40,40,SR-0014AL,STONEWALL TELL RD,3,State Highway,2,Urban,3,Principal Arterial - Other,1,State Highway Agency,1,This section IS ON the NHS,0,No Special Jurisdiction,112,112,33.61868056,33.61868056,-84.55973611,-84.55973611,12,Motor Vehicle In-Transport,6,Angle,0,No,2,Intersection,2,Four-Way Intersection,1,On Roadway,0,None,1,Daylight,1,Clear,0,No,0000000,Not Applicable,15,3:00pm-3:59pm,5,5,15,3:00pm-3:59pm,50,50,16,4:00pm-4:59pm,30,30,1
13,Georgia,131468,1,1,1,1,0,1,1,121,FULTON (121),280,ATLANTA,11,November,11,11,6,Friday,2022,6,6:00am-6:59am,0,0,CS-200003/HARRIS ST,JOHN PORTMAN BLVD NW,6,Local Street - Municipality,2,Urban,4,Minor Arterial,4,City or Municipal Highway Agency,0,This section IS NOT on the NHS,0,No Special Jurisdiction,1,1,33.76101389,33.76101389,-84.38893333,-84.38893333,8,Pedestrian,0,The First Harmful Event was Not a Collision with a Motor Vehicle in Transport,0,No,3,Intersection-Related,2,Four-Way Intersection,1,On Roadway,0,None,2,Dark - Not Lighted,2,Rain,0,No,0000000,Not Applicable,6,6:00am-6:59am,10,10,6,6:00am-6:59am,11,11,88,Not Applicable (Not Transported),88,Not Applicable (Not Transported),1
13,Georgia,131470,1,1,1,1,0,1,1,177,LEE (177),0,NOT APPLICABLE,11,November,11,11,6,Friday,2022,19,7:00pm-7:59pm,2,2,CR-017100/DOUBLEGATE DR,NA,4,County Road,2,Urban,6,Minor Collector,2,County Highway Agency,0,This section IS NOT on the NHS,0,No Special Jurisdiction,2,2,31.63249722,31.63249722,-84.25931944,-84.25931944,8,Pedestrian,0,The First Harmful Event was Not a Collision with a Motor Vehicle in Transport,0,No,1,Non-Junction,1,Not an Intersection,1,On Roadway,0,None,2,Dark - Not Lighted,1,Clear,0,No,0000000,Not Applicable,19,7:00pm-7:59pm,2,2,19,7:00pm-7:59pm,4,4,19,7:00pm-7:59pm,27,27,1
13,Georgia,131471,1,1,1,1,0,2,2,153,HOUSTON (153),5790,WARNER ROBINS,8,August,3,3,4,Wednesday,2022,4,4:00am-4:59am,25,25,SR-247CO WATSON BLVD,NA,3,State Highway,2,Urban,3,Principal Arterial - Other,1,State Highway Agency,1,This section IS ON the NHS,0,No Special Jurisdiction,67,67,32.61906667,32.61906667,-83.60346111,-83.60346111,8,Pedestrian,0,The First Harmful Event was Not a Collision with a Motor Vehicle in Transport,0,No,1,Non-Junction,1,Not an Intersection,1,On Roadway,0,None,3,Dark - Lighted,1,Clear,0,No,0000000,Not Applicable,4,4:00am-4:59am,27,27,4,4:00am-4:59am,32,32,5,5:00am-5:59am,10,10,1
13,Georgia,131472,0,0,1,1,0,1,1,183,LONG (183),0,NOT APPLICABLE,11,November,12,12,7,Saturday,2022,8,8:00am-8:59am,17,17,SR-23,NA,3,State Highway,1,Rural,4,Minor Arterial,1,State Highway Agency,0,This section IS NOT on the NHS,0,No Special Jurisdiction,70,70,31.72074167,31.72074167,-81.75404444,-81.75404444,32,Culvert,0,The First Harmful Event was Not a Collision with a Motor Vehicle in Transport,0,No,1,Non-Junction,1,Not an Intersection,4,On Roadside,0,None,1,Daylight,10,Cloudy,0,No,0000000,Not Applicable,8,8:00am-8:59am,23,23,8,8:00am-8:59am,26,26,88,Not Applicable (Not Transported),88,Not Applicable (Not Transported),1
13,Georgia,131473,0,0,2,2,0,2,2,115,FLOYD (115),4760,ROME,11,November,14,14,2,Monday,2022,9,9:00am-9:59am,52,52,SR-1 TURNER MCCALL MARTHA BERR,NA,3,State Highway,2,Urban,3,Principal Arterial - Other,1,State Highway Agency,1,This section IS ON the NHS,0,No Special Jurisdiction,117,117,34.246025,34.246025,-85.16120556,-85.16120556,12,Motor Vehicle In-Transport,2,Front-to-Front,1,Yes,18,Through Roadway,1,Not an Intersection,1,On Roadway,0,None,1,Daylight,1,Clear,0,No,0000000,Not Applicable,99,Unknown,99,Unknown,99,Unknown EMS Scene Arrival Hour,98,Unknown if Arrived,88,Not Applicable (Not Transported),88,Not Applicable (Not Transported),1
13,Georgia,131474,0,0,1,1,0,1,1,121,FULTON (121),9997,Other,8,August,10,10,4,Wednesday,2022,17,5:00pm-5:59pm,3,3,SR-138 JONESBORO RD,NA,3,State Highway,2,Urban,3,Principal Arterial - Other,1,State Highway Agency,1,This section IS ON the NHS,0,No Special Jurisdiction,52,52,33.55944722,33.55944722,-84.5101,-84.5101,42,Tree (Standing Only),0,The First Harmful Event was Not a Collision with a Motor Vehicle in Transport,0,No,1,Non-Junction,1,Not an Intersection,4,On Roadside,0,None,1,Daylight,1,Clear,0,No,0000000,Not Applicable,99,Unknown,99,Unknown,99,Unknown EMS Scene Arrival Hour,99,Unknown EMS Scene Arrival Minutes,99,Unknown,99,Unknown EMS Hospital Arrival Time,1
13,Georgia,131475,0,0,2,2,0,2,2,89,DEKALB (89),0,NOT APPLICABLE,8,August,10,10,4,Wednesday,2022,13,1:00pm-1:59pm,24,24,CR-959600,RIDERS TRL,4,County Road,2,Urban,3,Principal Arterial - Other,2,County Highway Agency,0,This section IS NOT on the NHS,0,No Special Jurisdiction,5,5,33.69395,33.69395,-84.20409167,-84.20409167,12,Motor Vehicle In-Transport,1,Front-to-Rear,0,No,3,Intersection-Related,3,T-Intersection,1,On Roadway,0,None,1,Daylight,10,Cloudy,0,No,0000000,Not Applicable,13,1:00pm-1:59pm,27,27,13,1:00pm-1:59pm,37,37,13,1:00pm-1:59pm,45,45,1
13,Georgia,131476,1,1,1,1,0,2,2,59,CLARKE (59),270,ATHENS,8,August,26,26,6,Friday,2022,21,9:00pm-9:59pm,49,49,SR-007200/HULL RD,VOYLES RD,3,State Highway,2,Urban,3,Principal Arterial - Other,1,State Highway Agency,1,This section IS ON the NHS,0,No Special Jurisdiction,18,18,33.99816111,33.99816111,-83.32569167,-83.32569167,8,Pedestrian,0,The First Harmful Event was Not a Collision with a Motor Vehicle in Transport,0,No,3,Intersection-Related,4,Y-Intersection,1,On Roadway,0,None,2,Dark - Not Lighted,1,Clear,0,No,0000000,Not Applicable,21,9:00pm-9:59pm,54,54,22,10:00pm-10:59pm,3,3,22,10:00pm-10:59pm,19,19,1
13,Georgia,131477,0,0,2,2,0,2,2,121,FULTON (121),280,ATLANTA,9,September,1,1,5,Thursday,2022,22,10:00pm-10:59pm,54,54,I-85,NA,1,Interstate,2,Urban,1,Interstate,1,State Highway Agency,1,This section IS ON the NHS,0,No Special Jurisdiction,4,4,33.79006389,33.79006389,-84.39167222,-84.39167222,12,Motor Vehicle In-Transport,1,Front-to-Rear,0,No,1,Non-Junction,1,Not an Intersection,1,On Roadway,0,None,2,Dark - Not Lighted,10,Cloudy,0,No,0000000,Not Applicable,99,Unknown,99,Unknown,99,Unknown EMS Scene Arrival Hour,99,Unknown EMS Scene Arrival Minutes,99,Unknown,99,Unknown EMS Hospital Arrival Time,1
13,Georgia,131478,0,0,1,1,0,1,1,215,MUSCOGEE (215),1280,COLUMBUS,9,September,9,9,6,Friday,2022,22,10:00pm-10:59pm,0,0,US-27 ALT NORTH,NA,2,US Highway,2,Urban,3,Principal Arterial - Other,1,State Highway Agency,1,This section IS ON the NHS,0,No Special Jurisdiction,0,None,32.50613333,32.50613333,-84.94853333,-84.94853333,25,Concrete Traffic Barrier,0,The First Harmful Event was Not a Collision with a Motor Vehicle in Transport,0,No,1,Non-Junction,1,Not an Intersection,3,On Median,0,None,2,Dark - Not Lighted,10,Cloudy,0,No,0000000,Not Applicable,22,10:00pm-10:59pm,1,1,22,10:00pm-10:59pm,18,18,88,Not Applicable (Not Transported),88,Not Applicable (Not Transported),1
13,Georgia,131479,0,0,2,2,0,3,3,63,CLAYTON (63),4690,RIVERDALE,11,November,3,3,5,Thursday,2022,0,0:00am-0:59am,58,58,SR-85,NA,3,State Highway,2,Urban,3,Principal Arterial - Other,1,State Highway Agency,1,This section IS ON the NHS,0,No Special Jurisdiction,35,35,33.56687222,33.56687222,-84.41301111,-84.41301111,12,Motor Vehicle In-Transport,6,Angle,0,No,8,Driveway Access Related,1,Not an Intersection,1,On Roadway,0,None,3,Dark - Lighted,1,Clear,0,No,0000000,Not Applicable,0,0:00am-0:59am,58,58,1,1:00am-1:59am,3,3,1,1:00am-1:59am,21,21,1
13,Georgia,131480,0,0,1,1,0,2,2,129,GORDON (129),0,NOT APPLICABLE,11,November,5,5,7,Saturday,2022,11,11:00am-11:59am,30,30,SR-136,NA,3,State Highway,1,Rural,5,Major Collector,1,State Highway Agency,0,This section IS NOT on the NHS,0,No Special Jurisdiction,110,110,34.59642778,34.59642778,-84.91028333,-84.91028333,1,Rollover/Overturn,0,The First Harmful Event was Not a Collision with a Motor Vehicle in Transport,0,No,1,Non-Junction,1,Not an Intersection,4,On Roadside,0,None,1,Daylight,1,Clear,0,No,0000000,Not Applicable,11,11:00am-11:59am,36,36,11,11:00am-11:59am,56,56,12,12:00pm-12:59pm,49,49,1
13,Georgia,131481,0,0,2,2,0,2,2,211,MORGAN (211),0,NOT APPLICABLE,11,November,6,6,1,Sunday,2022,11,11:00am-11:59am,35,35,SR-24,SR-12,3,State Highway,1,Rural,3,Principal Arterial - Other,1,State Highway Agency,1,This section IS ON the NHS,0,No Special Jurisdiction,42,42,33.609375,33.609375,-83.45026944,-83.45026944,12,Motor Vehicle In-Transport,1,Front-to-Rear,0,No,2,Intersection,2,Four-Way Intersection,1,On Roadway,0,None,1,Daylight,1,Clear,0,No,0000000,Not Applicable,11,11:00am-11:59am,30,30,11,11:00am-11:59am,47,47,12,12:00pm-12:59pm,3,3,1
13,Georgia,131482,0,0,4,4,0,7,7,13,BARROW (13),0,NOT APPLICABLE,11,November,11,11,6,Friday,2022,15,3:00pm-3:59pm,40,40,SR-316,JACKSON TRAIL RD,3,State Highway,2,Urban,3,Principal Arterial - Other,1,State Highway Agency,1,This section IS ON the NHS,0,No Special Jurisdiction,98,98,33.9511,33.9511,-83.67357778,-83.67357778,12,Motor Vehicle In-Transport,6,Angle,0,No,2,Intersection,2,Four-Way Intersection,1,On Roadway,0,None,1,Daylight,1,Clear,0,No,0000000,Not Applicable,15,3:00pm-3:59pm,46,46,16,4:00pm-4:59pm,4,4,16,4:00pm-4:59pm,29,29,2
13,Georgia,131483,0,0,4,4,0,5,5,121,FULTON (121),5640,UNION CITY,9,September,5,5,2,Monday,2022,17,5:00pm-5:59pm,15,15,FLAT SHOALS ROAD,BUFFINGTON ROAD,6,Local Street - Municipality,2,Urban,4,Minor Arterial,4,City or Municipal Highway Agency,0,This section IS NOT on the NHS,0,No Special Jurisdiction,99998,Not Reported,33.58400278,33.58400278,-84.51033611,-84.51033611,12,Motor Vehicle In-Transport,6,Angle,0,No,2,Intersection,2,Four-Way Intersection,1,On Roadway,0,None,1,Daylight,10,Cloudy,0,No,0000000,Not Applicable,17,5:00pm-5:59pm,18,18,17,5:00pm-5:59pm,29,29,99,Unknown,99,Unknown EMS Hospital Arrival Time,2
13,Georgia,131484,1,1,1,1,0,1,1,225,PEACH (225),830,BYRON,11,November,14,14,2,Monday,2022,21,9:00pm-9:59pm,45,45,E HERITAGE BLVD,NA,6,Local Street - Municipality,2,Urban,5,Major Collector,4,City or Municipal Highway Agency,0,This section IS NOT on the NHS,0,No Special Jurisdiction,1,1,32.65549722,32.65549722,-83.75813889,-83.75813889,9,Pedalcyclist,0,The First Harmful Event was Not a Collision with a Motor Vehicle in Transport,0,No,1,Non-Junction,1,Not an Intersection,1,On Roadway,0,None,2,Dark - Not Lighted,1,Clear,0,No,0000000,Not Applicable,99,Unknown,98,Unknown if Notified,99,Unknown EMS Scene Arrival Hour,98,Unknown if Arrived,88,Not Applicable (Not Transported),88,Not Applicable (Not Transported),1
13,Georgia,131485,1,1,2,2,0,5,5,187,LUMPKIN (187),0,NOT APPLICABLE,9,September,10,10,7,Saturday,2022,20,8:00pm-8:59pm,38,38,SR-400,NA,3,State Highway,1,Rural,3,Principal Arterial - Other,1,State Highway Agency,1,This section IS ON the NHS,0,No Special Jurisdiction,0,None,34.42398611,34.42398611,-83.99098611,-83.99098611,8,Pedestrian,0,The First Harmful Event was Not a Collision with a Motor Vehicle in Transport,0,No,1,Non-Junction,1,Not an Intersection,1,On Roadway,0,None,2,Dark - Not Lighted,2,Rain,0,No,0000000,Not Applicable,20,8:00pm-8:59pm,42,42,20,8:00pm-8:59pm,47,47,88,Not Applicable (Not Transported),88,Not Applicable (Not Transported),1
13,Georgia,131486,0,0,1,1,0,1,1,113,FAYETTE (113),2110,FAYETTEVILLE,9,September,15,15,5,Thursday,2022,17,5:00pm-5:59pm,41,41,SR-54,NA,3,State Highway,2,Urban,3,Principal Arterial - Other,1,State Highway Agency,1,This section IS ON the NHS,0,No Special Jurisdiction,111,111,33.44955278,33.44955278,-84.44690556,-84.44690556,42,Tree (Standing Only),0,The First Harmful Event was Not a Collision with a Motor Vehicle in Transport,0,No,7,Crossover-Related,1,Not an Intersection,4,On Roadside,0,None,1,Daylight,1,Clear,0,No,0000000,Not Applicable,99,Unknown,99,Unknown,99,Unknown EMS Scene Arrival Hour,99,Unknown EMS Scene Arrival Minutes,99,Unknown,99,Unknown EMS Hospital Arrival Time,1
13,Georgia,131487,0,0,2,2,0,5,5,185,LOWNDES (185),5680,VALDOSTA,9,September,19,19,2,Monday,2022,10,10:00am-10:59am,57,57,BEMISS RO,NA,6,Local Street - Municipality,2,Urban,4,Minor Arterial,4,City or Municipal Highway Agency,0,This section IS NOT on the NHS,0,No Special Jurisdiction,13,13,30.87657222,30.87657222,-83.275875,-83.275875,12,Motor Vehicle In-Transport,6,Angle,0,No,8,Driveway Access Related,1,Not an Intersection,1,On Roadway,0,None,1,Daylight,1,Clear,0,No,0000000,Not Applicable,99,Unknown,99,Unknown,99,Unknown EMS Scene Arrival Hour,99,Unknown EMS Scene Arrival Minutes,99,Unknown,99,Unknown EMS Hospital Arrival Time,1
13,Georgia,131488,1,1,1,1,0,1,1,59,CLARKE (59),270,ATHENS,9,September,22,22,5,Thursday,2022,7,7:00am-7:59am,44,44,SR-0015AL,NA,3,State Highway,2,Urban,4,Minor Arterial,1,State Highway Agency,0,This section IS NOT on the NHS,0,No Special Jurisdiction,31,31,33.96179167,33.96179167,-83.39190833,-83.39190833,9,Pedalcyclist,0,The First Harmful Event was Not a Collision with a Motor Vehicle in Transport,0,No,1,Non-Junction,1,Not an Intersection,1,On Roadway,0,None,1,Daylight,1,Clear,0,No,0000000,Not Applicable,7,7:00am-7:59am,46,46,7,7:00am-7:59am,50,50,8,8:00am-8:59am,5,5,1
13,Georgia,131489,1,1,1,1,0,2,2,21,BIBB (21),3390,MACON,10,October,1,1,7,Saturday,2022,19,7:00pm-7:59pm,8,8,CS-OCMULGEE E BLVD,NA,5,Local Street - Township,1,Rural,4,Minor Arterial,4,City or Municipal Highway Agency,0,This section IS NOT on the NHS,0,No Special Jurisdiction,27,27,32.79131111,32.79131111,-83.56895833,-83.56895833,8,Pedestrian,0,The First Harmful Event was Not a Collision with a Motor Vehicle in Transport,0,No,1,Non-Junction,1,Not an Intersection,1,On Roadway,0,None,2,Dark - Not Lighted,10,Cloudy,0,No,0000000,Not Applicable,99,Unknown,99,Unknown,99,Unknown EMS Scene Arrival Hour,99,Unknown EMS Scene Arrival Minutes,88,Not Applicable (Not Transported),88,Not Applicable (Not Transported),1
13,Georgia,131490,0,0,2,2,0,2,2,139,HALL (139),2285,GAINESVILLE,10,October,5,5,4,Wednesday,2022,18,6:00pm-6:59pm,22,22,CS-LIMESTONE PKWY,BEVERLY RD,5,Local Street - Township,2,Urban,3,Principal Arterial - Other,4,City or Municipal Highway Agency,1,This section IS ON the NHS,0,No Special Jurisdiction,3,3,34.32062778,34.32062778,-83.80145556,-83.80145556,12,Motor Vehicle In-Transport,6,Angle,0,No,2,Intersection,2,Four-Way Intersection,1,On Roadway,0,None,1,Daylight,1,Clear,0,No,0000000,Not Applicable,18,6:00pm-6:59pm,23,23,18,6:00pm-6:59pm,26,26,18,6:00pm-6:59pm,43,43,1
13,Georgia,131491,0,0,2,2,0,2,2,139,HALL (139),3290,LULA,10,October,7,7,6,Friday,2022,16,4:00pm-4:59pm,28,28,SR-52,NA,3,State Highway,1,Rural,5,Major Collector,1,State Highway Agency,0,This section IS NOT on the NHS,0,No Special Jurisdiction,146,146,34.40470556,34.40470556,-83.69890278,-83.69890278,12,Motor Vehicle In-Transport,2,Front-to-Front,0,No,1,Non-Junction,1,Not an Intersection,1,On Roadway,0,None,1,Daylight,1,Clear,0,No,0000000,Not Applicable,16,4:00pm-4:59pm,28,28,16,4:00pm-4:59pm,34,34,17,5:00pm-5:59pm,12,12,1
13,Georgia,131492,0,0,1,1,0,2,2,67,COBB (67),3440,MARIETTA,10,October,8,8,7,Saturday,2022,6,6:00am-6:59am,13,13,SR-280,NA,3,State Highway,2,Urban,4,Minor Arterial,1,State Highway Agency,0,This section IS NOT on the NHS,0,No Special Jurisdiction,123,123,33.92254167,33.92254167,-84.50454722,-84.50454722,59,Traffic Sign Support,0,The First Harmful Event was Not a Collision with a Motor Vehicle in Transport,1,Yes,19,Other location within Interchange Area,1,Not an Intersection,4,On Roadside,0,None,2,Dark - Not Lighted,1,Clear,0,No,0000000,Not Applicable,6,6:00am-6:59am,18,18,6,6:00am-6:59am,24,24,99,Unknown,99,Unknown EMS Hospital Arrival Time,1
13,Georgia,131493,0,0,1,1,0,2,2,89,DEKALB (89),1140,CLARKSTON,11,November,11,11,6,Friday,2022,4,4:00am-4:59am,10,10,CS-226207/E PONCE DE LEON AVE,NA,6,Local Street - Municipality,2,Urban,4,Minor Arterial,4,City or Municipal Highway Agency,0,This section IS NOT on the NHS,0,No Special Jurisdiction,8,8,33.81308611,33.81308611,-84.23739167,-84.23739167,33,Curb,0,The First Harmful Event was Not a Collision with a Motor Vehicle in Transport,0,No,1,Non-Junction,1,Not an Intersection,4,On Roadside,0,None,2,Dark - Not Lighted,2,Rain,0,No,0000000,Not Applicable,4,4:00am-4:59am,10,10,4,4:00am-4:59am,18,18,4,4:00am-4:59am,40,40,1
13,Georgia,131494,0,0,2,2,0,2,2,15,BARTOW (15),30,ADAIRSVILLE,11,November,12,12,7,Saturday,2022,10,10:00am-10:59am,7,7,I-75,NA,1,Interstate,2,Urban,1,Interstate,1,State Highway Agency,1,This section IS ON the NHS,0,No Special Jurisdiction,255,255,34.34788056,34.34788056,-84.87853889,-84.87853889,12,Motor Vehicle In-Transport,1,Front-to-Rear,0,No,1,Non-Junction,1,Not an Intersection,1,On Roadway,0,None,1,Daylight,10,Cloudy,0,No,0000000,Not Applicable,10,10:00am-10:59am,13,13,10,10:00am-10:59am,22,22,88,Not Applicable (Not Transported),88,Not Applicable (Not Transported),1